#,Event UUID,Title,Subtitle,Discipline,Competition,Stage,Group #,Time,Performance #,Ranked,Rank,Mark Total,Team,Team Rank,Team Mark,Code,Athlete #,External ID,Surname,Given PanelName,Representing,Date of Birth,Sex,Routine #,Mark,# Elements,Bonus,Penalty,Judge,∑,S1,S2,S3,S4,S5,S6,S7,S8,S9,S10,L,A
1,0575c463-57fc-40ae-613e-c7c1010b21db,Tumbling Trial 2025,Counties Manukau Gymnastics,TUM,FIG 13-14 Years Female,Qualification,1,,1,TRUE,2,37400,0,99,0,,1,0,Unkovich-Smith,Holly,Counties,01/01/0001,,1,17300,8,0,4,E1,78,1,2,2,2,2,3,3,4,,,3,0
2,0575c463-57fc-40ae-613e-c7c1010b21db,Tumbling Trial 2025,Counties Manukau Gymnastics,TUM,FIG 13-14 Years Female,Qualification,1,,1,TRUE,2,37400,0,99,0,,1,0,Unkovich-Smith,Holly,Counties,01/01/0001,,1,17300,8,0,4,E2,77,1,2,3,3,2,3,2,4,,,3,0
3,0575c463-57fc-40ae-613e-c7c1010b21db,Tumbling Trial 2025,Counties Manukau Gymnastics,TUM,FIG 13-14 Years Female,Qualification,1,,1,TRUE,2,37400,0,99,0,,1,0,Unkovich-Smith,Holly,Counties,01/01/0001,,1,17300,8,0,4,E3,78,1,2,2,3,3,2,3,3,,,3,0
4,0575c463-57fc-40ae-613e-c7c1010b21db,Tumbling Trial 2025,Counties Manukau Gymnastics,TUM,FIG 13-14 Years Female,Qualification,1,,1,TRUE,2,37400,0,99,0,,1,0,Unkovich-Smith,Holly,Counties,01/01/0001,,1,17300,8,0,4,E4,82,1,1,1,2,2,3,2,3,,,3,0
5,0575c463-57fc-40ae-613e-c7c1010b21db,Tumbling Trial 2025,Counties Manukau Gymnastics,TUM,FIG 13-14 Years Female,Qualification,1,,1,TRUE,2,37400,0,99,0,,1,0,Unkovich-Smith,Holly,Counties,01/01/0001,,1,17300,8,0,4,E5,100,,,,,,,,,,,,
6,0575c463-57fc-40ae-613e-c7c1010b21db,Tumbling Trial 2025,Counties Manukau Gymnastics,TUM,FIG 13-14 Years Female,Qualification,1,,1,TRUE,2,37400,0,99,0,,1,0,Unkovich-Smith,Holly,Counties,01/01/0001,,1,17300,8,0,4,E8,100,,,,,,,,,,,,
7,0575c463-57fc-40ae-613e-c7c1010b21db,Tumbling Trial 2025,Counties Manukau Gymnastics,TUM,FIG 13-14 Years Female,Qualification,1,,1,TRUE,2,37400,0,99,0,,1,0,Unkovich-Smith,Holly,Counties,01/01/0001,,1,17300,8,0,4,E∑,157,2,4,4,5,4,6,5,7,0,0,6,0
8,0575c463-57fc-40ae-613e-c7c1010b21db,Tumbling Trial 2025,Counties Manukau Gymnastics,TUM,FIG 13-14 Years Female,Qualification,1,,1,TRUE,2,37400,0,99,0,,1,0,Unkovich-Smith,Holly,Counties,01/01/0001,,1,17300,8,0,4,T,0,,,,,,,,,,,,
9,0575c463-57fc-40ae-613e-c7c1010b21db,Tumbling Trial 2025,Counties Manukau Gymnastics,TUM,FIG 13-14 Years Female,Qualification,1,,1,TRUE,2,37400,0,99,0,,1,0,Unkovich-Smith,Holly,Counties,01/01/0001,,1,17300,8,0,4,D,20,0,,,,,,,,,,,
10,0575c463-57fc-40ae-613e-c7c1010b21db,Tumbling Trial 2025,Counties Manukau Gymnastics,TUM,FIG 13-14 Years Female,Qualification,1,,1,TRUE,2,37400,0,99,0,,1,0,Unkovich-Smith,Holly,Counties,01/01/0001,,1,17300,8,0,4,H,0,0,0,,,,,,,,,,
11,0575c463-57fc-40ae-613e-c7c1010b21db,Tumbling Trial 2025,Counties Manukau Gymnastics,TUM,FIG 13-14 Years Female,Qualification,1,,1,TRUE,2,37400,0,99,0,,1,0,Unkovich-Smith,Holly,Counties,01/01/0001,,2,20100,8,0,0,E1,74,2,2,2,3,3,3,4,4,,,3,0
12,0575c463-57fc-40ae-613e-c7c1010b21db,Tumbling Trial 2025,Counties Manukau Gymnastics,TUM,FIG 13-14 Years Female,Qualification,1,,1,TRUE,2,37400,0,99,0,,1,0,Unkovich-Smith,Holly,Counties,01/01/0001,,2,20100,8,0,0,E2,75,1,3,3,3,3,3,4,3,,,2,0
13,0575c463-57fc-40ae-613e-c7c1010b21db,Tumbling Trial 2025,Counties Manukau Gymnastics,TUM,FIG 13-14 Years Female,Qualification,1,,1,TRUE,2,37400,0,99,0,,1,0,Unkovich-Smith,Holly,Counties,01/01/0001,,2,20100,8,0,0,E3,77,1,2,2,2,3,3,4,4,,,2,0
14,0575c463-57fc-40ae-613e-c7c1010b21db,Tumbling Trial 2025,Counties Manukau Gymnastics,TUM,FIG 13-14 Years Female,Qualification,1,,1,TRUE,2,37400,0,99,0,,1,0,Unkovich-Smith,Holly,Counties,01/01/0001,,2,20100,8,0,0,E4,75,1,2,2,3,3,3,4,4,,,3,0
15,0575c463-57fc-40ae-613e-c7c1010b21db,Tumbling Trial 2025,Counties Manukau Gymnastics,TUM,FIG 13-14 Years Female,Qualification,1,,1,TRUE,2,37400,0,99,0,,1,0,Unkovich-Smith,Holly,Counties,01/01/0001,,2,20100,8,0,0,E5,100,,,,,,,,,,,,
16,0575c463-57fc-40ae-613e-c7c1010b21db,Tumbling Trial 2025,Counties Manukau Gymnastics,TUM,FIG 13-14 Years Female,Qualification,1,,1,TRUE,2,37400,0,99,0,,1,0,Unkovich-Smith,Holly,Counties,01/01/0001,,2,20100,8,0,0,E8,100,,,,,,,,,,,,
17,0575c463-57fc-40ae-613e-c7c1010b21db,Tumbling Trial 2025,Counties Manukau Gymnastics,TUM,FIG 13-14 Years Female,Qualification,1,,1,TRUE,2,37400,0,99,0,,1,0,Unkovich-Smith,Holly,Counties,01/01/0001,,2,20100,8,0,0,E∑,151,2,4,4,6,6,6,8,8,0,0,5,0
18,0575c463-57fc-40ae-613e-c7c1010b21db,Tumbling Trial 2025,Counties Manukau Gymnastics,TUM,FIG 13-14 Years Female,Qualification,1,,1,TRUE,2,37400,0,99,0,,1,0,Unkovich-Smith,Holly,Counties,01/01/0001,,2,20100,8,0,0,T,0,,,,,,,,,,,,
19,0575c463-57fc-40ae-613e-c7c1010b21db,Tumbling Trial 2025,Counties Manukau Gymnastics,TUM,FIG 13-14 Years Female,Qualification,1,,1,TRUE,2,37400,0,99,0,,1,0,Unkovich-Smith,Holly,Counties,01/01/0001,,2,20100,8,0,0,D,50,0,,,,,,,,,,,
20,0575c463-57fc-40ae-613e-c7c1010b21db,Tumbling Trial 2025,Counties Manukau Gymnastics,TUM,FIG 13-14 Years Female,Qualification,1,,1,TRUE,2,37400,0,99,0,,1,0,Unkovich-Smith,Holly,Counties,01/01/0001,,2,20100,8,0,0,H,0,0,0,,,,,,,,,,
21,0575c463-57fc-40ae-613e-c7c1010b21db,Tumbling Trial 2025,Counties Manukau Gymnastics,TUM,FIG 13-14 Years Female,Qualification,1,,2,TRUE,3,37000,0,99,0,,1,0,Campbell-Reidy,Bella,Gisborne,01/01/0001,,1,17800,7,0,0,E1,62,3,3,3,4,4,4,4,4,,,3,0
22,0575c463-57fc-40ae-613e-c7c1010b21db,Tumbling Trial 2025,Counties Manukau Gymnastics,TUM,FIG 13-14 Years Female,Qualification,1,,2,TRUE,3,37000,0,99,0,,1,0,Campbell-Reidy,Bella,Gisborne,01/01/0001,,1,17800,7,0,0,E2,64,3,4,4,3,4,4,4,,,,,0
23,0575c463-57fc-40ae-613e-c7c1010b21db,Tumbling Trial 2025,Counties Manukau Gymnastics,TUM,FIG 13-14 Years Female,Qualification,1,,2,TRUE,3,37000,0,99,0,,1,0,Campbell-Reidy,Bella,Gisborne,01/01/0001,,1,17800,7,0,0,E3,60,4,4,4,3,4,4,4,4,,,3,0
24,0575c463-57fc-40ae-613e-c7c1010b21db,Tumbling Trial 2025,Counties Manukau Gymnastics,TUM,FIG 13-14 Years Female,Qualification,1,,2,TRUE,3,37000,0,99,0,,1,0,Campbell-Reidy,Bella,Gisborne,01/01/0001,,1,17800,7,0,0,E4,67,3,3,3,3,3,4,4,,,,,0
25,0575c463-57fc-40ae-613e-c7c1010b21db,Tumbling Trial 2025,Counties Manukau Gymnastics,TUM,FIG 13-14 Years Female,Qualification,1,,2,TRUE,3,37000,0,99,0,,1,0,Campbell-Reidy,Bella,Gisborne,01/01/0001,,1,17800,7,0,0,E5,90,,,,,,,,,,,,
26,0575c463-57fc-40ae-613e-c7c1010b21db,Tumbling Trial 2025,Counties Manukau Gymnastics,TUM,FIG 13-14 Years Female,Qualification,1,,2,TRUE,3,37000,0,99,0,,1,0,Campbell-Reidy,Bella,Gisborne,01/01/0001,,1,17800,7,0,0,E8,90,,,,,,,,,,,,
27,0575c463-57fc-40ae-613e-c7c1010b21db,Tumbling Trial 2025,Counties Manukau Gymnastics,TUM,FIG 13-14 Years Female,Qualification,1,,2,TRUE,3,37000,0,99,0,,1,0,Campbell-Reidy,Bella,Gisborne,01/01/0001,,1,17800,7,0,0,E∑,127,6,7,7,6,8,8,8,4,0,0,3,0
28,0575c463-57fc-40ae-613e-c7c1010b21db,Tumbling Trial 2025,Counties Manukau Gymnastics,TUM,FIG 13-14 Years Female,Qualification,1,,2,TRUE,3,37000,0,99,0,,1,0,Campbell-Reidy,Bella,Gisborne,01/01/0001,,1,17800,7,0,0,T,0,,,,,,,,,,,,
29,0575c463-57fc-40ae-613e-c7c1010b21db,Tumbling Trial 2025,Counties Manukau Gymnastics,TUM,FIG 13-14 Years Female,Qualification,1,,2,TRUE,3,37000,0,99,0,,1,0,Campbell-Reidy,Bella,Gisborne,01/01/0001,,1,17800,7,0,0,D,51,0,,,,,,,,,,,
30,0575c463-57fc-40ae-613e-c7c1010b21db,Tumbling Trial 2025,Counties Manukau Gymnastics,TUM,FIG 13-14 Years Female,Qualification,1,,2,TRUE,3,37000,0,99,0,,1,0,Campbell-Reidy,Bella,Gisborne,01/01/0001,,1,17800,7,0,0,H,0,0,0,,,,,,,,,,
31,0575c463-57fc-40ae-613e-c7c1010b21db,Tumbling Trial 2025,Counties Manukau Gymnastics,TUM,FIG 13-14 Years Female,Qualification,1,,2,TRUE,3,37000,0,99,0,,1,0,Campbell-Reidy,Bella,Gisborne,01/01/0001,,2,19200,8,0,0,E1,70,2,3,4,4,4,4,4,4,,,1,0
32,0575c463-57fc-40ae-613e-c7c1010b21db,Tumbling Trial 2025,Counties Manukau Gymnastics,TUM,FIG 13-14 Years Female,Qualification,1,,2,TRUE,3,37000,0,99,0,,1,0,Campbell-Reidy,Bella,Gisborne,01/01/0001,,2,19200,8,0,0,E2,71,2,3,3,4,4,3,4,4,,,2,0
33,0575c463-57fc-40ae-613e-c7c1010b21db,Tumbling Trial 2025,Counties Manukau Gymnastics,TUM,FIG 13-14 Years Female,Qualification,1,,2,TRUE,3,37000,0,99,0,,1,0,Campbell-Reidy,Bella,Gisborne,01/01/0001,,2,19200,8,0,0,E3,71,2,3,4,4,4,4,3,4,,,1,0
34,0575c463-57fc-40ae-613e-c7c1010b21db,Tumbling Trial 2025,Counties Manukau Gymnastics,TUM,FIG 13-14 Years Female,Qualification,1,,2,TRUE,3,37000,0,99,0,,1,0,Campbell-Reidy,Bella,Gisborne,01/01/0001,,2,19200,8,0,0,E4,72,1,3,3,4,4,4,4,4,,,1,0
35,0575c463-57fc-40ae-613e-c7c1010b21db,Tumbling Trial 2025,Counties Manukau Gymnastics,TUM,FIG 13-14 Years Female,Qualification,1,,2,TRUE,3,37000,0,99,0,,1,0,Campbell-Reidy,Bella,Gisborne,01/01/0001,,2,19200,8,0,0,E5,100,,,,,,,,,,,,
36,0575c463-57fc-40ae-613e-c7c1010b21db,Tumbling Trial 2025,Counties Manukau Gymnastics,TUM,FIG 13-14 Years Female,Qualification,1,,2,TRUE,3,37000,0,99,0,,1,0,Campbell-Reidy,Bella,Gisborne,01/01/0001,,2,19200,8,0,0,E8,100,,,,,,,,,,,,
37,0575c463-57fc-40ae-613e-c7c1010b21db,Tumbling Trial 2025,Counties Manukau Gymnastics,TUM,FIG 13-14 Years Female,Qualification,1,,2,TRUE,3,37000,0,99,0,,1,0,Campbell-Reidy,Bella,Gisborne,01/01/0001,,2,19200,8,0,0,E∑,141,4,6,7,8,8,8,8,8,0,0,2,0
38,0575c463-57fc-40ae-613e-c7c1010b21db,Tumbling Trial 2025,Counties Manukau Gymnastics,TUM,FIG 13-14 Years Female,Qualification,1,,2,TRUE,3,37000,0,99,0,,1,0,Campbell-Reidy,Bella,Gisborne,01/01/0001,,2,19200,8,0,0,T,0,,,,,,,,,,,,
39,0575c463-57fc-40ae-613e-c7c1010b21db,Tumbling Trial 2025,Counties Manukau Gymnastics,TUM,FIG 13-14 Years Female,Qualification,1,,2,TRUE,3,37000,0,99,0,,1,0,Campbell-Reidy,Bella,Gisborne,01/01/0001,,2,19200,8,0,0,D,51,0,,,,,,,,,,,
40,0575c463-57fc-40ae-613e-c7c1010b21db,Tumbling Trial 2025,Counties Manukau Gymnastics,TUM,FIG 13-14 Years Female,Qualification,1,,2,TRUE,3,37000,0,99,0,,1,0,Campbell-Reidy,Bella,Gisborne,01/01/0001,,2,19200,8,0,0,H,0,0,0,,,,,,,,,,
41,0575c463-57fc-40ae-613e-c7c1010b21db,Tumbling Trial 2025,Counties Manukau Gymnastics,TUM,FIG 13-14 Years Female,Qualification,1,,3,TRUE,1,40300,0,99,0,,1,0,HEWITT,Anna,WAGS,01/01/0001,,1,20500,8,0,0,E1,80,2,3,2,2,2,3,3,2,,,1,0
42,0575c463-57fc-40ae-613e-c7c1010b21db,Tumbling Trial 2025,Counties Manukau Gymnastics,TUM,FIG 13-14 Years Female,Qualification,1,,3,TRUE,1,40300,0,99,0,,1,0,HEWITT,Anna,WAGS,01/01/0001,,1,20500,8,0,0,E2,77,1,3,3,2,3,3,3,3,,,2,0
43,0575c463-57fc-40ae-613e-c7c1010b21db,Tumbling Trial 2025,Counties Manukau Gymnastics,TUM,FIG 13-14 Years Female,Qualification,1,,3,TRUE,1,40300,0,99,0,,1,0,HEWITT,Anna,WAGS,01/01/0001,,1,20500,8,0,0,E3,77,2,3,2,3,3,3,3,3,,,1,0
44,0575c463-57fc-40ae-613e-c7c1010b21db,Tumbling Trial 2025,Counties Manukau Gymnastics,TUM,FIG 13-14 Years Female,Qualification,1,,3,TRUE,1,40300,0,99,0,,1,0,HEWITT,Anna,WAGS,01/01/0001,,1,20500,8,0,0,E4,83,1,2,2,2,2,3,2,2,,,1,0
45,0575c463-57fc-40ae-613e-c7c1010b21db,Tumbling Trial 2025,Counties Manukau Gymnastics,TUM,FIG 13-14 Years Female,Qualification,1,,3,TRUE,1,40300,0,99,0,,1,0,HEWITT,Anna,WAGS,01/01/0001,,1,20500,8,0,0,E5,100,,,,,,,,,,,,
46,0575c463-57fc-40ae-613e-c7c1010b21db,Tumbling Trial 2025,Counties Manukau Gymnastics,TUM,FIG 13-14 Years Female,Qualification,1,,3,TRUE,1,40300,0,99,0,,1,0,HEWITT,Anna,WAGS,01/01/0001,,1,20500,8,0,0,E8,100,,,,,,,,,,,,
47,0575c463-57fc-40ae-613e-c7c1010b21db,Tumbling Trial 2025,Counties Manukau Gymnastics,TUM,FIG 13-14 Years Female,Qualification,1,,3,TRUE,1,40300,0,99,0,,1,0,HEWITT,Anna,WAGS,01/01/0001,,1,20500,8,0,0,E∑,159,3,6,4,4,5,6,6,5,0,0,2,0
48,0575c463-57fc-40ae-613e-c7c1010b21db,Tumbling Trial 2025,Counties Manukau Gymnastics,TUM,FIG 13-14 Years Female,Qualification,1,,3,TRUE,1,40300,0,99,0,,1,0,HEWITT,Anna,WAGS,01/01/0001,,1,20500,8,0,0,T,0,,,,,,,,,,,,
49,0575c463-57fc-40ae-613e-c7c1010b21db,Tumbling Trial 2025,Counties Manukau Gymnastics,TUM,FIG 13-14 Years Female,Qualification,1,,3,TRUE,1,40300,0,99,0,,1,0,HEWITT,Anna,WAGS,01/01/0001,,1,20500,8,0,0,D,46,0,,,,,,,,,,,
50,0575c463-57fc-40ae-613e-c7c1010b21db,Tumbling Trial 2025,Counties Manukau Gymnastics,TUM,FIG 13-14 Years Female,Qualification,1,,3,TRUE,1,40300,0,99,0,,1,0,HEWITT,Anna,WAGS,01/01/0001,,1,20500,8,0,0,H,0,0,0,,,,,,,,,,
51,0575c463-57fc-40ae-613e-c7c1010b21db,Tumbling Trial 2025,Counties Manukau Gymnastics,TUM,FIG 13-14 Years Female,Qualification,1,,3,TRUE,1,40300,0,99,0,,1,0,HEWITT,Anna,WAGS,01/01/0001,,2,19800,8,0,0,E1,79,2,2,2,2,2,2,2,4,,,3,0
52,0575c463-57fc-40ae-613e-c7c1010b21db,Tumbling Trial 2025,Counties Manukau Gymnastics,TUM,FIG 13-14 Years Female,Qualification,1,,3,TRUE,1,40300,0,99,0,,1,0,HEWITT,Anna,WAGS,01/01/0001,,2,19800,8,0,0,E2,78,2,2,2,3,3,2,2,3,,,3,0
53,0575c463-57fc-40ae-613e-c7c1010b21db,Tumbling Trial 2025,Counties Manukau Gymnastics,TUM,FIG 13-14 Years Female,Qualification,1,,3,TRUE,1,40300,0,99,0,,1,0,HEWITT,Anna,WAGS,01/01/0001,,2,19800,8,0,0,E3,78,2,3,2,2,2,3,2,3,,,3,0
54,0575c463-57fc-40ae-613e-c7c1010b21db,Tumbling Trial 2025,Counties Manukau Gymnastics,TUM,FIG 13-14 Years Female,Qualification,1,,3,TRUE,1,40300,0,99,0,,1,0,HEWITT,Anna,WAGS,01/01/0001,,2,19800,8,0,0,E4,86,1,2,1,1,1,1,1,3,,,3,0
55,0575c463-57fc-40ae-613e-c7c1010b21db,Tumbling Trial 2025,Counties Manukau Gymnastics,TUM,FIG 13-14 Years Female,Qualification,1,,3,TRUE,1,40300,0,99,0,,1,0,HEWITT,Anna,WAGS,01/01/0001,,2,19800,8,0,0,E5,100,,,,,,,,,,,,
56,0575c463-57fc-40ae-613e-c7c1010b21db,Tumbling Trial 2025,Counties Manukau Gymnastics,TUM,FIG 13-14 Years Female,Qualification,1,,3,TRUE,1,40300,0,99,0,,1,0,HEWITT,Anna,WAGS,01/01/0001,,2,19800,8,0,0,E8,100,,,,,,,,,,,,
57,0575c463-57fc-40ae-613e-c7c1010b21db,Tumbling Trial 2025,Counties Manukau Gymnastics,TUM,FIG 13-14 Years Female,Qualification,1,,3,TRUE,1,40300,0,99,0,,1,0,HEWITT,Anna,WAGS,01/01/0001,,2,19800,8,0,0,E∑,160,4,4,4,4,4,4,4,6,0,0,6,0
58,0575c463-57fc-40ae-613e-c7c1010b21db,Tumbling Trial 2025,Counties Manukau Gymnastics,TUM,FIG 13-14 Years Female,Qualification,1,,3,TRUE,1,40300,0,99,0,,1,0,HEWITT,Anna,WAGS,01/01/0001,,2,19800,8,0,0,T,0,,,,,,,,,,,,
59,0575c463-57fc-40ae-613e-c7c1010b21db,Tumbling Trial 2025,Counties Manukau Gymnastics,TUM,FIG 13-14 Years Female,Qualification,1,,3,TRUE,1,40300,0,99,0,,1,0,HEWITT,Anna,WAGS,01/01/0001,,2,19800,8,0,0,D,38,0,,,,,,,,,,,
60,0575c463-57fc-40ae-613e-c7c1010b21db,Tumbling Trial 2025,Counties Manukau Gymnastics,TUM,FIG 13-14 Years Female,Qualification,1,,3,TRUE,1,40300,0,99,0,,1,0,HEWITT,Anna,WAGS,01/01/0001,,2,19800,8,0,0,H,0,0,0,,,,,,,,,,
61,0575c463-57fc-40ae-613e-c7c1010b21db,Tumbling Trial 2025,Counties Manukau Gymnastics,TUM,FIG 13-14 Years Female,Qualification2,1,,1,TRUE,3,31600,0,99,0,,1,0,Unkovich-Smith,Holly,Counties,01/01/0001,,1,14400,5,0,0,E1,61,2,1,2,2,2,,,,,,,0
62,0575c463-57fc-40ae-613e-c7c1010b21db,Tumbling Trial 2025,Counties Manukau Gymnastics,TUM,FIG 13-14 Years Female,Qualification2,1,,1,TRUE,3,31600,0,99,0,,1,0,Unkovich-Smith,Holly,Counties,01/01/0001,,1,14400,5,0,0,E2,57,1,2,3,3,4,,,,,,,0
63,0575c463-57fc-40ae-613e-c7c1010b21db,Tumbling Trial 2025,Counties Manukau Gymnastics,TUM,FIG 13-14 Years Female,Qualification2,1,,1,TRUE,3,31600,0,99,0,,1,0,Unkovich-Smith,Holly,Counties,01/01/0001,,1,14400,5,0,0,E3,58,1,2,3,3,3,,,,,,,0
64,0575c463-57fc-40ae-613e-c7c1010b21db,Tumbling Trial 2025,Counties Manukau Gymnastics,TUM,FIG 13-14 Years Female,Qualification2,1,,1,TRUE,3,31600,0,99,0,,1,0,Unkovich-Smith,Holly,Counties,01/01/0001,,1,14400,5,0,0,E4,58,1,2,2,2,5,,,,,,,0
65,0575c463-57fc-40ae-613e-c7c1010b21db,Tumbling Trial 2025,Counties Manukau Gymnastics,TUM,FIG 13-14 Years Female,Qualification2,1,,1,TRUE,3,31600,0,99,0,,1,0,Unkovich-Smith,Holly,Counties,01/01/0001,,1,14400,5,0,0,E5,70,,,,,,,,,,,,
66,0575c463-57fc-40ae-613e-c7c1010b21db,Tumbling Trial 2025,Counties Manukau Gymnastics,TUM,FIG 13-14 Years Female,Qualification2,1,,1,TRUE,3,31600,0,99,0,,1,0,Unkovich-Smith,Holly,Counties,01/01/0001,,1,14400,5,0,0,E8,70,,,,,,,,,,,,
67,0575c463-57fc-40ae-613e-c7c1010b21db,Tumbling Trial 2025,Counties Manukau Gymnastics,TUM,FIG 13-14 Years Female,Qualification2,1,,1,TRUE,3,31600,0,99,0,,1,0,Unkovich-Smith,Holly,Counties,01/01/0001,,1,14400,5,0,0,E∑,117,2,4,5,5,7,0,0,0,0,0,0,0
68,0575c463-57fc-40ae-613e-c7c1010b21db,Tumbling Trial 2025,Counties Manukau Gymnastics,TUM,FIG 13-14 Years Female,Qualification2,1,,1,TRUE,3,31600,0,99,0,,1,0,Unkovich-Smith,Holly,Counties,01/01/0001,,1,14400,5,0,0,T,0,,,,,,,,,,,,
69,0575c463-57fc-40ae-613e-c7c1010b21db,Tumbling Trial 2025,Counties Manukau Gymnastics,TUM,FIG 13-14 Years Female,Qualification2,1,,1,TRUE,3,31600,0,99,0,,1,0,Unkovich-Smith,Holly,Counties,01/01/0001,,1,14400,5,0,0,D,27,0,,,,,,,,,,,
70,0575c463-57fc-40ae-613e-c7c1010b21db,Tumbling Trial 2025,Counties Manukau Gymnastics,TUM,FIG 13-14 Years Female,Qualification2,1,,1,TRUE,3,31600,0,99,0,,1,0,Unkovich-Smith,Holly,Counties,01/01/0001,,1,14400,5,0,0,H,0,0,0,,,,,,,,,,
71,0575c463-57fc-40ae-613e-c7c1010b21db,Tumbling Trial 2025,Counties Manukau Gymnastics,TUM,FIG 13-14 Years Female,Qualification2,1,,1,TRUE,3,31600,0,99,0,,1,0,Unkovich-Smith,Holly,Counties,01/01/0001,,2,17200,6,0,0,E1,63,2,2,3,3,3,4,,,,,,0
72,0575c463-57fc-40ae-613e-c7c1010b21db,Tumbling Trial 2025,Counties Manukau Gymnastics,TUM,FIG 13-14 Years Female,Qualification2,1,,1,TRUE,3,31600,0,99,0,,1,0,Unkovich-Smith,Holly,Counties,01/01/0001,,2,17200,6,0,0,E2,65,1,2,3,3,3,3,,,,,,0
73,0575c463-57fc-40ae-613e-c7c1010b21db,Tumbling Trial 2025,Counties Manukau Gymnastics,TUM,FIG 13-14 Years Female,Qualification2,1,,1,TRUE,3,31600,0,99,0,,1,0,Unkovich-Smith,Holly,Counties,01/01/0001,,2,17200,6,0,0,E3,65,1,3,3,2,3,3,,,,,,0
74,0575c463-57fc-40ae-613e-c7c1010b21db,Tumbling Trial 2025,Counties Manukau Gymnastics,TUM,FIG 13-14 Years Female,Qualification2,1,,1,TRUE,3,31600,0,99,0,,1,0,Unkovich-Smith,Holly,Counties,01/01/0001,,2,17200,6,0,0,E4,66,1,2,2,2,3,4,,,,,,0
75,0575c463-57fc-40ae-613e-c7c1010b21db,Tumbling Trial 2025,Counties Manukau Gymnastics,TUM,FIG 13-14 Years Female,Qualification2,1,,1,TRUE,3,31600,0,99,0,,1,0,Unkovich-Smith,Holly,Counties,01/01/0001,,2,17200,6,0,0,E5,80,,,,,,,,,,,,
76,0575c463-57fc-40ae-613e-c7c1010b21db,Tumbling Trial 2025,Counties Manukau Gymnastics,TUM,FIG 13-14 Years Female,Qualification2,1,,1,TRUE,3,31600,0,99,0,,1,0,Unkovich-Smith,Holly,Counties,01/01/0001,,2,17200,6,0,0,E8,80,,,,,,,,,,,,
77,0575c463-57fc-40ae-613e-c7c1010b21db,Tumbling Trial 2025,Counties Manukau Gymnastics,TUM,FIG 13-14 Years Female,Qualification2,1,,1,TRUE,3,31600,0,99,0,,1,0,Unkovich-Smith,Holly,Counties,01/01/0001,,2,17200,6,0,0,E∑,130,2,4,6,5,6,7,0,0,0,0,0,0
78,0575c463-57fc-40ae-613e-c7c1010b21db,Tumbling Trial 2025,Counties Manukau Gymnastics,TUM,FIG 13-14 Years Female,Qualification2,1,,1,TRUE,3,31600,0,99,0,,1,0,Unkovich-Smith,Holly,Counties,01/01/0001,,2,17200,6,0,0,T,0,,,,,,,,,,,,
79,0575c463-57fc-40ae-613e-c7c1010b21db,Tumbling Trial 2025,Counties Manukau Gymnastics,TUM,FIG 13-14 Years Female,Qualification2,1,,1,TRUE,3,31600,0,99,0,,1,0,Unkovich-Smith,Holly,Counties,01/01/0001,,2,17200,6,0,0,D,42,0,,,,,,,,,,,
80,0575c463-57fc-40ae-613e-c7c1010b21db,Tumbling Trial 2025,Counties Manukau Gymnastics,TUM,FIG 13-14 Years Female,Qualification2,1,,1,TRUE,3,31600,0,99,0,,1,0,Unkovich-Smith,Holly,Counties,01/01/0001,,2,17200,6,0,0,H,0,0,0,,,,,,,,,,
81,0575c463-57fc-40ae-613e-c7c1010b21db,Tumbling Trial 2025,Counties Manukau Gymnastics,TUM,FIG 13-14 Years Female,Qualification2,1,,2,TRUE,2,32600,0,99,0,,1,0,Campbell-Reidy,Bella,Gisborne,01/01/0001,,1,13500,5,0,0,E1,51,3,4,4,4,4,,,,,,,0
82,0575c463-57fc-40ae-613e-c7c1010b21db,Tumbling Trial 2025,Counties Manukau Gymnastics,TUM,FIG 13-14 Years Female,Qualification2,1,,2,TRUE,2,32600,0,99,0,,1,0,Campbell-Reidy,Bella,Gisborne,01/01/0001,,1,13500,5,0,0,E2,52,2,4,4,4,4,,,,,,,0
83,0575c463-57fc-40ae-613e-c7c1010b21db,Tumbling Trial 2025,Counties Manukau Gymnastics,TUM,FIG 13-14 Years Female,Qualification2,1,,2,TRUE,2,32600,0,99,0,,1,0,Campbell-Reidy,Bella,Gisborne,01/01/0001,,1,13500,5,0,0,E3,48,4,4,5,4,5,,,,,,,0
84,0575c463-57fc-40ae-613e-c7c1010b21db,Tumbling Trial 2025,Counties Manukau Gymnastics,TUM,FIG 13-14 Years Female,Qualification2,1,,2,TRUE,2,32600,0,99,0,,1,0,Campbell-Reidy,Bella,Gisborne,01/01/0001,,1,13500,5,0,0,E4,52,4,3,4,4,3,,,,,,,0
85,0575c463-57fc-40ae-613e-c7c1010b21db,Tumbling Trial 2025,Counties Manukau Gymnastics,TUM,FIG 13-14 Years Female,Qualification2,1,,2,TRUE,2,32600,0,99,0,,1,0,Campbell-Reidy,Bella,Gisborne,01/01/0001,,1,13500,5,0,0,E5,70,,,,,,,,,,,,
86,0575c463-57fc-40ae-613e-c7c1010b21db,Tumbling Trial 2025,Counties Manukau Gymnastics,TUM,FIG 13-14 Years Female,Qualification2,1,,2,TRUE,2,32600,0,99,0,,1,0,Campbell-Reidy,Bella,Gisborne,01/01/0001,,1,13500,5,0,0,E8,70,,,,,,,,,,,,
87,0575c463-57fc-40ae-613e-c7c1010b21db,Tumbling Trial 2025,Counties Manukau Gymnastics,TUM,FIG 13-14 Years Female,Qualification2,1,,2,TRUE,2,32600,0,99,0,,1,0,Campbell-Reidy,Bella,Gisborne,01/01/0001,,1,13500,5,0,0,E∑,101,7,8,8,8,8,0,0,0,0,0,0,0
88,0575c463-57fc-40ae-613e-c7c1010b21db,Tumbling Trial 2025,Counties Manukau Gymnastics,TUM,FIG 13-14 Years Female,Qualification2,1,,2,TRUE,2,32600,0,99,0,,1,0,Campbell-Reidy,Bella,Gisborne,01/01/0001,,1,13500,5,0,0,T,0,,,,,,,,,,,,
89,0575c463-57fc-40ae-613e-c7c1010b21db,Tumbling Trial 2025,Counties Manukau Gymnastics,TUM,FIG 13-14 Years Female,Qualification2,1,,2,TRUE,2,32600,0,99,0,,1,0,Campbell-Reidy,Bella,Gisborne,01/01/0001,,1,13500,5,0,0,D,34,0,,,,,,,,,,,
90,0575c463-57fc-40ae-613e-c7c1010b21db,Tumbling Trial 2025,Counties Manukau Gymnastics,TUM,FIG 13-14 Years Female,Qualification2,1,,2,TRUE,2,32600,0,99,0,,1,0,Campbell-Reidy,Bella,Gisborne,01/01/0001,,1,13500,5,0,0,H,0,0,0,,,,,,,,,,
91,0575c463-57fc-40ae-613e-c7c1010b21db,Tumbling Trial 2025,Counties Manukau Gymnastics,TUM,FIG 13-14 Years Female,Qualification2,1,,2,TRUE,2,32600,0,99,0,,1,0,Campbell-Reidy,Bella,Gisborne,01/01/0001,,2,19100,8,0,0,E1,69,2,4,4,4,4,4,4,4,,,1,0
92,0575c463-57fc-40ae-613e-c7c1010b21db,Tumbling Trial 2025,Counties Manukau Gymnastics,TUM,FIG 13-14 Years Female,Qualification2,1,,2,TRUE,2,32600,0,99,0,,1,0,Campbell-Reidy,Bella,Gisborne,01/01/0001,,2,19100,8,0,0,E2,70,2,3,4,4,4,4,4,4,,,1,0
93,0575c463-57fc-40ae-613e-c7c1010b21db,Tumbling Trial 2025,Counties Manukau Gymnastics,TUM,FIG 13-14 Years Female,Qualification2,1,,2,TRUE,2,32600,0,99,0,,1,0,Campbell-Reidy,Bella,Gisborne,01/01/0001,,2,19100,8,0,0,E3,71,2,4,4,4,3,3,4,4,,,1,0
94,0575c463-57fc-40ae-613e-c7c1010b21db,Tumbling Trial 2025,Counties Manukau Gymnastics,TUM,FIG 13-14 Years Female,Qualification2,1,,2,TRUE,2,32600,0,99,0,,1,0,Campbell-Reidy,Bella,Gisborne,01/01/0001,,2,19100,8,0,0,E4,72,2,3,3,4,4,3,4,4,,,1,0
95,0575c463-57fc-40ae-613e-c7c1010b21db,Tumbling Trial 2025,Counties Manukau Gymnastics,TUM,FIG 13-14 Years Female,Qualification2,1,,2,TRUE,2,32600,0,99,0,,1,0,Campbell-Reidy,Bella,Gisborne,01/01/0001,,2,19100,8,0,0,E5,100,,,,,,,,,,,,
96,0575c463-57fc-40ae-613e-c7c1010b21db,Tumbling Trial 2025,Counties Manukau Gymnastics,TUM,FIG 13-14 Years Female,Qualification2,1,,2,TRUE,2,32600,0,99,0,,1,0,Campbell-Reidy,Bella,Gisborne,01/01/0001,,2,19100,8,0,0,E8,100,,,,,,,,,,,,
97,0575c463-57fc-40ae-613e-c7c1010b21db,Tumbling Trial 2025,Counties Manukau Gymnastics,TUM,FIG 13-14 Years Female,Qualification2,1,,2,TRUE,2,32600,0,99,0,,1,0,Campbell-Reidy,Bella,Gisborne,01/01/0001,,2,19100,8,0,0,E∑,140,4,7,8,8,8,7,8,8,0,0,2,0
98,0575c463-57fc-40ae-613e-c7c1010b21db,Tumbling Trial 2025,Counties Manukau Gymnastics,TUM,FIG 13-14 Years Female,Qualification2,1,,2,TRUE,2,32600,0,99,0,,1,0,Campbell-Reidy,Bella,Gisborne,01/01/0001,,2,19100,8,0,0,T,0,,,,,,,,,,,,
99,0575c463-57fc-40ae-613e-c7c1010b21db,Tumbling Trial 2025,Counties Manukau Gymnastics,TUM,FIG 13-14 Years Female,Qualification2,1,,2,TRUE,2,32600,0,99,0,,1,0,Campbell-Reidy,Bella,Gisborne,01/01/0001,,2,19100,8,0,0,D,51,0,,,,,,,,,,,
100,0575c463-57fc-40ae-613e-c7c1010b21db,Tumbling Trial 2025,Counties Manukau Gymnastics,TUM,FIG 13-14 Years Female,Qualification2,1,,2,TRUE,2,32600,0,99,0,,1,0,Campbell-Reidy,Bella,Gisborne,01/01/0001,,2,19100,8,0,0,H,0,0,0,,,,,,,,,,
101,0575c463-57fc-40ae-613e-c7c1010b21db,Tumbling Trial 2025,Counties Manukau Gymnastics,TUM,FIG 13-14 Years Female,Qualification2,1,,3,TRUE,1,40800,0,99,0,,1,0,HEWITT,Anna,WAGS,01/01/0001,,1,21100,8,0,0,E1,81,1,2,2,2,3,2,2,3,,,2,0
102,0575c463-57fc-40ae-613e-c7c1010b21db,Tumbling Trial 2025,Counties Manukau Gymnastics,TUM,FIG 13-14 Years Female,Qualification2,1,,3,TRUE,1,40800,0,99,0,,1,0,HEWITT,Anna,WAGS,01/01/0001,,1,21100,8,0,0,E2,82,1,3,2,2,2,2,2,2,,,2,0
103,0575c463-57fc-40ae-613e-c7c1010b21db,Tumbling Trial 2025,Counties Manukau Gymnastics,TUM,FIG 13-14 Years Female,Qualification2,1,,3,TRUE,1,40800,0,99,0,,1,0,HEWITT,Anna,WAGS,01/01/0001,,1,21100,8,0,0,E3,80,1,2,2,2,2,3,3,3,,,2,0
104,0575c463-57fc-40ae-613e-c7c1010b21db,Tumbling Trial 2025,Counties Manukau Gymnastics,TUM,FIG 13-14 Years Female,Qualification2,1,,3,TRUE,1,40800,0,99,0,,1,0,HEWITT,Anna,WAGS,01/01/0001,,1,21100,8,0,0,E4,83,2,2,2,2,2,2,2,2,,,1,0
105,0575c463-57fc-40ae-613e-c7c1010b21db,Tumbling Trial 2025,Counties Manukau Gymnastics,TUM,FIG 13-14 Years Female,Qualification2,1,,3,TRUE,1,40800,0,99,0,,1,0,HEWITT,Anna,WAGS,01/01/0001,,1,21100,8,0,0,E5,100,,,,,,,,,,,,
106,0575c463-57fc-40ae-613e-c7c1010b21db,Tumbling Trial 2025,Counties Manukau Gymnastics,TUM,FIG 13-14 Years Female,Qualification2,1,,3,TRUE,1,40800,0,99,0,,1,0,HEWITT,Anna,WAGS,01/01/0001,,1,21100,8,0,0,E8,100,,,,,,,,,,,,
107,0575c463-57fc-40ae-613e-c7c1010b21db,Tumbling Trial 2025,Counties Manukau Gymnastics,TUM,FIG 13-14 Years Female,Qualification2,1,,3,TRUE,1,40800,0,99,0,,1,0,HEWITT,Anna,WAGS,01/01/0001,,1,21100,8,0,0,E∑,165,2,4,4,4,4,4,4,5,0,0,4,0
108,0575c463-57fc-40ae-613e-c7c1010b21db,Tumbling Trial 2025,Counties Manukau Gymnastics,TUM,FIG 13-14 Years Female,Qualification2,1,,3,TRUE,1,40800,0,99,0,,1,0,HEWITT,Anna,WAGS,01/01/0001,,1,21100,8,0,0,T,0,,,,,,,,,,,,
109,0575c463-57fc-40ae-613e-c7c1010b21db,Tumbling Trial 2025,Counties Manukau Gymnastics,TUM,FIG 13-14 Years Female,Qualification2,1,,3,TRUE,1,40800,0,99,0,,1,0,HEWITT,Anna,WAGS,01/01/0001,,1,21100,8,0,0,D,46,0,,,,,,,,,,,
110,0575c463-57fc-40ae-613e-c7c1010b21db,Tumbling Trial 2025,Counties Manukau Gymnastics,TUM,FIG 13-14 Years Female,Qualification2,1,,3,TRUE,1,40800,0,99,0,,1,0,HEWITT,Anna,WAGS,01/01/0001,,1,21100,8,0,0,H,0,0,0,,,,,,,,,,
111,0575c463-57fc-40ae-613e-c7c1010b21db,Tumbling Trial 2025,Counties Manukau Gymnastics,TUM,FIG 13-14 Years Female,Qualification2,1,,3,TRUE,1,40800,0,99,0,,1,0,HEWITT,Anna,WAGS,01/01/0001,,2,19700,8,0,0,E1,79,1,2,2,2,3,3,3,3,,,2,0
112,0575c463-57fc-40ae-613e-c7c1010b21db,Tumbling Trial 2025,Counties Manukau Gymnastics,TUM,FIG 13-14 Years Female,Qualification2,1,,3,TRUE,1,40800,0,99,0,,1,0,HEWITT,Anna,WAGS,01/01/0001,,2,19700,8,0,0,E2,80,1,2,2,2,3,2,2,4,,,2,0
113,0575c463-57fc-40ae-613e-c7c1010b21db,Tumbling Trial 2025,Counties Manukau Gymnastics,TUM,FIG 13-14 Years Female,Qualification2,1,,3,TRUE,1,40800,0,99,0,,1,0,HEWITT,Anna,WAGS,01/01/0001,,2,19700,8,0,0,E3,79,2,2,2,2,2,2,3,4,,,2,0
114,0575c463-57fc-40ae-613e-c7c1010b21db,Tumbling Trial 2025,Counties Manukau Gymnastics,TUM,FIG 13-14 Years Female,Qualification2,1,,3,TRUE,1,40800,0,99,0,,1,0,HEWITT,Anna,WAGS,01/01/0001,,2,19700,8,0,0,E4,79,1,2,3,2,2,2,3,3,,,3,0
115,0575c463-57fc-40ae-613e-c7c1010b21db,Tumbling Trial 2025,Counties Manukau Gymnastics,TUM,FIG 13-14 Years Female,Qualification2,1,,3,TRUE,1,40800,0,99,0,,1,0,HEWITT,Anna,WAGS,01/01/0001,,2,19700,8,0,0,E5,100,,,,,,,,,,,,
116,0575c463-57fc-40ae-613e-c7c1010b21db,Tumbling Trial 2025,Counties Manukau Gymnastics,TUM,FIG 13-14 Years Female,Qualification2,1,,3,TRUE,1,40800,0,99,0,,1,0,HEWITT,Anna,WAGS,01/01/0001,,2,19700,8,0,0,E8,100,,,,,,,,,,,,
117,0575c463-57fc-40ae-613e-c7c1010b21db,Tumbling Trial 2025,Counties Manukau Gymnastics,TUM,FIG 13-14 Years Female,Qualification2,1,,3,TRUE,1,40800,0,99,0,,1,0,HEWITT,Anna,WAGS,01/01/0001,,2,19700,8,0,0,E∑,160,2,4,4,4,5,4,6,7,0,0,4,0
118,0575c463-57fc-40ae-613e-c7c1010b21db,Tumbling Trial 2025,Counties Manukau Gymnastics,TUM,FIG 13-14 Years Female,Qualification2,1,,3,TRUE,1,40800,0,99,0,,1,0,HEWITT,Anna,WAGS,01/01/0001,,2,19700,8,0,0,T,0,,,,,,,,,,,,
119,0575c463-57fc-40ae-613e-c7c1010b21db,Tumbling Trial 2025,Counties Manukau Gymnastics,TUM,FIG 13-14 Years Female,Qualification2,1,,3,TRUE,1,40800,0,99,0,,1,0,HEWITT,Anna,WAGS,01/01/0001,,2,19700,8,0,0,D,37,0,,,,,,,,,,,
120,0575c463-57fc-40ae-613e-c7c1010b21db,Tumbling Trial 2025,Counties Manukau Gymnastics,TUM,FIG 13-14 Years Female,Qualification2,1,,3,TRUE,1,40800,0,99,0,,1,0,HEWITT,Anna,WAGS,01/01/0001,,2,19700,8,0,0,H,0,0,0,,,,,,,,,,
121,0575c463-57fc-40ae-613e-c7c1010b21db,Tumbling Trial 2025,Counties Manukau Gymnastics,TUM,FIG 13-14 Years Male,Qualification,1,,1,TRUE,1,34600,0,99,0,,1,0,Meszaros,Mason,Counties,01/01/0001,,1,17200,8,0,0,E1,77,1,3,3,3,3,3,4,3,,,0,0
122,0575c463-57fc-40ae-613e-c7c1010b21db,Tumbling Trial 2025,Counties Manukau Gymnastics,TUM,FIG 13-14 Years Male,Qualification,1,,1,TRUE,1,34600,0,99,0,,1,0,Meszaros,Mason,Counties,01/01/0001,,1,17200,8,0,0,E2,76,2,3,3,3,3,3,3,3,,,1,0
123,0575c463-57fc-40ae-613e-c7c1010b21db,Tumbling Trial 2025,Counties Manukau Gymnastics,TUM,FIG 13-14 Years Male,Qualification,1,,1,TRUE,1,34600,0,99,0,,1,0,Meszaros,Mason,Counties,01/01/0001,,1,17200,8,0,0,E3,75,2,3,3,3,3,3,4,3,,,1,0
124,0575c463-57fc-40ae-613e-c7c1010b21db,Tumbling Trial 2025,Counties Manukau Gymnastics,TUM,FIG 13-14 Years Male,Qualification,1,,1,TRUE,1,34600,0,99,0,,1,0,Meszaros,Mason,Counties,01/01/0001,,1,17200,8,0,0,E4,77,2,2,2,3,3,3,4,3,,,1,0
125,0575c463-57fc-40ae-613e-c7c1010b21db,Tumbling Trial 2025,Counties Manukau Gymnastics,TUM,FIG 13-14 Years Male,Qualification,1,,1,TRUE,1,34600,0,99,0,,1,0,Meszaros,Mason,Counties,01/01/0001,,1,17200,8,0,0,E5,100,,,,,,,,,,,,
126,0575c463-57fc-40ae-613e-c7c1010b21db,Tumbling Trial 2025,Counties Manukau Gymnastics,TUM,FIG 13-14 Years Male,Qualification,1,,1,TRUE,1,34600,0,99,0,,1,0,Meszaros,Mason,Counties,01/01/0001,,1,17200,8,0,0,E8,100,,,,,,,,,,,,
127,0575c463-57fc-40ae-613e-c7c1010b21db,Tumbling Trial 2025,Counties Manukau Gymnastics,TUM,FIG 13-14 Years Male,Qualification,1,,1,TRUE,1,34600,0,99,0,,1,0,Meszaros,Mason,Counties,01/01/0001,,1,17200,8,0,0,E∑,150,4,6,6,6,6,6,8,6,0,0,2,0
128,0575c463-57fc-40ae-613e-c7c1010b21db,Tumbling Trial 2025,Counties Manukau Gymnastics,TUM,FIG 13-14 Years Male,Qualification,1,,1,TRUE,1,34600,0,99,0,,1,0,Meszaros,Mason,Counties,01/01/0001,,1,17200,8,0,0,T,0,,,,,,,,,,,,
129,0575c463-57fc-40ae-613e-c7c1010b21db,Tumbling Trial 2025,Counties Manukau Gymnastics,TUM,FIG 13-14 Years Male,Qualification,1,,1,TRUE,1,34600,0,99,0,,1,0,Meszaros,Mason,Counties,01/01/0001,,1,17200,8,0,0,D,22,0,,,,,,,,,,,
130,0575c463-57fc-40ae-613e-c7c1010b21db,Tumbling Trial 2025,Counties Manukau Gymnastics,TUM,FIG 13-14 Years Male,Qualification,1,,1,TRUE,1,34600,0,99,0,,1,0,Meszaros,Mason,Counties,01/01/0001,,1,17200,8,0,0,H,0,0,0,,,,,,,,,,
131,0575c463-57fc-40ae-613e-c7c1010b21db,Tumbling Trial 2025,Counties Manukau Gymnastics,TUM,FIG 13-14 Years Male,Qualification,1,,1,TRUE,1,34600,0,99,0,,1,0,Meszaros,Mason,Counties,01/01/0001,,2,17400,8,0,2,E1,75,2,3,3,3,3,3,3,3,,,2,0
132,0575c463-57fc-40ae-613e-c7c1010b21db,Tumbling Trial 2025,Counties Manukau Gymnastics,TUM,FIG 13-14 Years Male,Qualification,1,,1,TRUE,1,34600,0,99,0,,1,0,Meszaros,Mason,Counties,01/01/0001,,2,17400,8,0,2,E2,75,2,3,3,3,3,3,3,3,,,2,0
133,0575c463-57fc-40ae-613e-c7c1010b21db,Tumbling Trial 2025,Counties Manukau Gymnastics,TUM,FIG 13-14 Years Male,Qualification,1,,1,TRUE,1,34600,0,99,0,,1,0,Meszaros,Mason,Counties,01/01/0001,,2,17400,8,0,2,E3,75,2,3,3,3,3,3,3,3,,,2,0
134,0575c463-57fc-40ae-613e-c7c1010b21db,Tumbling Trial 2025,Counties Manukau Gymnastics,TUM,FIG 13-14 Years Male,Qualification,1,,1,TRUE,1,34600,0,99,0,,1,0,Meszaros,Mason,Counties,01/01/0001,,2,17400,8,0,2,E4,76,2,2,3,3,3,3,3,3,,,2,0
135,0575c463-57fc-40ae-613e-c7c1010b21db,Tumbling Trial 2025,Counties Manukau Gymnastics,TUM,FIG 13-14 Years Male,Qualification,1,,1,TRUE,1,34600,0,99,0,,1,0,Meszaros,Mason,Counties,01/01/0001,,2,17400,8,0,2,E5,100,,,,,,,,,,,,
136,0575c463-57fc-40ae-613e-c7c1010b21db,Tumbling Trial 2025,Counties Manukau Gymnastics,TUM,FIG 13-14 Years Male,Qualification,1,,1,TRUE,1,34600,0,99,0,,1,0,Meszaros,Mason,Counties,01/01/0001,,2,17400,8,0,2,E8,100,,,,,,,,,,,,
137,0575c463-57fc-40ae-613e-c7c1010b21db,Tumbling Trial 2025,Counties Manukau Gymnastics,TUM,FIG 13-14 Years Male,Qualification,1,,1,TRUE,1,34600,0,99,0,,1,0,Meszaros,Mason,Counties,01/01/0001,,2,17400,8,0,2,E∑,150,4,6,6,6,6,6,6,6,0,0,4,0
138,0575c463-57fc-40ae-613e-c7c1010b21db,Tumbling Trial 2025,Counties Manukau Gymnastics,TUM,FIG 13-14 Years Male,Qualification,1,,1,TRUE,1,34600,0,99,0,,1,0,Meszaros,Mason,Counties,01/01/0001,,2,17400,8,0,2,T,0,,,,,,,,,,,,
139,0575c463-57fc-40ae-613e-c7c1010b21db,Tumbling Trial 2025,Counties Manukau Gymnastics,TUM,FIG 13-14 Years Male,Qualification,1,,1,TRUE,1,34600,0,99,0,,1,0,Meszaros,Mason,Counties,01/01/0001,,2,17400,8,0,2,D,26,0,,,,,,,,,,,
140,0575c463-57fc-40ae-613e-c7c1010b21db,Tumbling Trial 2025,Counties Manukau Gymnastics,TUM,FIG 13-14 Years Male,Qualification,1,,1,TRUE,1,34600,0,99,0,,1,0,Meszaros,Mason,Counties,01/01/0001,,2,17400,8,0,2,H,0,0,0,,,,,,,,,,
141,0575c463-57fc-40ae-613e-c7c1010b21db,Tumbling Trial 2025,Counties Manukau Gymnastics,TUM,FIG 13-14 Years Male,Qualification2,1,,1,TRUE,1,35800,0,99,0,,1,0,Meszaros,Mason,Counties,01/01/0001,,1,18000,8,0,0,E1,76,2,2,2,2,3,3,3,4,,,3,0
142,0575c463-57fc-40ae-613e-c7c1010b21db,Tumbling Trial 2025,Counties Manukau Gymnastics,TUM,FIG 13-14 Years Male,Qualification2,1,,1,TRUE,1,35800,0,99,0,,1,0,Meszaros,Mason,Counties,01/01/0001,,1,18000,8,0,0,E2,78,1,2,2,2,3,3,2,3,,,4,0
143,0575c463-57fc-40ae-613e-c7c1010b21db,Tumbling Trial 2025,Counties Manukau Gymnastics,TUM,FIG 13-14 Years Male,Qualification2,1,,1,TRUE,1,35800,0,99,0,,1,0,Meszaros,Mason,Counties,01/01/0001,,1,18000,8,0,0,E3,75,2,3,3,2,3,2,3,4,,,3,0
144,0575c463-57fc-40ae-613e-c7c1010b21db,Tumbling Trial 2025,Counties Manukau Gymnastics,TUM,FIG 13-14 Years Male,Qualification2,1,,1,TRUE,1,35800,0,99,0,,1,0,Meszaros,Mason,Counties,01/01/0001,,1,18000,8,0,0,E4,82,1,1,2,2,2,2,2,3,,,3,0
145,0575c463-57fc-40ae-613e-c7c1010b21db,Tumbling Trial 2025,Counties Manukau Gymnastics,TUM,FIG 13-14 Years Male,Qualification2,1,,1,TRUE,1,35800,0,99,0,,1,0,Meszaros,Mason,Counties,01/01/0001,,1,18000,8,0,0,E5,100,,,,,,,,,,,,
146,0575c463-57fc-40ae-613e-c7c1010b21db,Tumbling Trial 2025,Counties Manukau Gymnastics,TUM,FIG 13-14 Years Male,Qualification2,1,,1,TRUE,1,35800,0,99,0,,1,0,Meszaros,Mason,Counties,01/01/0001,,1,18000,8,0,0,E8,100,,,,,,,,,,,,
147,0575c463-57fc-40ae-613e-c7c1010b21db,Tumbling Trial 2025,Counties Manukau Gymnastics,TUM,FIG 13-14 Years Male,Qualification2,1,,1,TRUE,1,35800,0,99,0,,1,0,Meszaros,Mason,Counties,01/01/0001,,1,18000,8,0,0,E∑,156,3,4,4,4,6,5,5,7,0,0,6,0
148,0575c463-57fc-40ae-613e-c7c1010b21db,Tumbling Trial 2025,Counties Manukau Gymnastics,TUM,FIG 13-14 Years Male,Qualification2,1,,1,TRUE,1,35800,0,99,0,,1,0,Meszaros,Mason,Counties,01/01/0001,,1,18000,8,0,0,T,0,,,,,,,,,,,,
149,0575c463-57fc-40ae-613e-c7c1010b21db,Tumbling Trial 2025,Counties Manukau Gymnastics,TUM,FIG 13-14 Years Male,Qualification2,1,,1,TRUE,1,35800,0,99,0,,1,0,Meszaros,Mason,Counties,01/01/0001,,1,18000,8,0,0,D,24,0,,,,,,,,,,,
150,0575c463-57fc-40ae-613e-c7c1010b21db,Tumbling Trial 2025,Counties Manukau Gymnastics,TUM,FIG 13-14 Years Male,Qualification2,1,,1,TRUE,1,35800,0,99,0,,1,0,Meszaros,Mason,Counties,01/01/0001,,1,18000,8,0,0,H,0,0,0,,,,,,,,,,
151,0575c463-57fc-40ae-613e-c7c1010b21db,Tumbling Trial 2025,Counties Manukau Gymnastics,TUM,FIG 13-14 Years Male,Qualification2,1,,1,TRUE,1,35800,0,99,0,,1,0,Meszaros,Mason,Counties,01/01/0001,,2,17800,8,0,0,E1,76,2,2,2,2,3,3,3,4,,,3,0
152,0575c463-57fc-40ae-613e-c7c1010b21db,Tumbling Trial 2025,Counties Manukau Gymnastics,TUM,FIG 13-14 Years Male,Qualification2,1,,1,TRUE,1,35800,0,99,0,,1,0,Meszaros,Mason,Counties,01/01/0001,,2,17800,8,0,0,E2,80,1,2,2,2,3,2,2,3,,,3,0
153,0575c463-57fc-40ae-613e-c7c1010b21db,Tumbling Trial 2025,Counties Manukau Gymnastics,TUM,FIG 13-14 Years Male,Qualification2,1,,1,TRUE,1,35800,0,99,0,,1,0,Meszaros,Mason,Counties,01/01/0001,,2,17800,8,0,0,E3,75,2,2,3,3,3,2,3,4,,,3,0
154,0575c463-57fc-40ae-613e-c7c1010b21db,Tumbling Trial 2025,Counties Manukau Gymnastics,TUM,FIG 13-14 Years Male,Qualification2,1,,1,TRUE,1,35800,0,99,0,,1,0,Meszaros,Mason,Counties,01/01/0001,,2,17800,8,0,0,E4,75,2,2,2,3,3,3,3,4,,,3,0
155,0575c463-57fc-40ae-613e-c7c1010b21db,Tumbling Trial 2025,Counties Manukau Gymnastics,TUM,FIG 13-14 Years Male,Qualification2,1,,1,TRUE,1,35800,0,99,0,,1,0,Meszaros,Mason,Counties,01/01/0001,,2,17800,8,0,0,E5,100,,,,,,,,,,,,
156,0575c463-57fc-40ae-613e-c7c1010b21db,Tumbling Trial 2025,Counties Manukau Gymnastics,TUM,FIG 13-14 Years Male,Qualification2,1,,1,TRUE,1,35800,0,99,0,,1,0,Meszaros,Mason,Counties,01/01/0001,,2,17800,8,0,0,E8,100,,,,,,,,,,,,
157,0575c463-57fc-40ae-613e-c7c1010b21db,Tumbling Trial 2025,Counties Manukau Gymnastics,TUM,FIG 13-14 Years Male,Qualification2,1,,1,TRUE,1,35800,0,99,0,,1,0,Meszaros,Mason,Counties,01/01/0001,,2,17800,8,0,0,E∑,152,4,4,4,5,6,5,6,8,0,0,6,0
158,0575c463-57fc-40ae-613e-c7c1010b21db,Tumbling Trial 2025,Counties Manukau Gymnastics,TUM,FIG 13-14 Years Male,Qualification2,1,,1,TRUE,1,35800,0,99,0,,1,0,Meszaros,Mason,Counties,01/01/0001,,2,17800,8,0,0,T,0,,,,,,,,,,,,
159,0575c463-57fc-40ae-613e-c7c1010b21db,Tumbling Trial 2025,Counties Manukau Gymnastics,TUM,FIG 13-14 Years Male,Qualification2,1,,1,TRUE,1,35800,0,99,0,,1,0,Meszaros,Mason,Counties,01/01/0001,,2,17800,8,0,0,D,26,0,,,,,,,,,,,
160,0575c463-57fc-40ae-613e-c7c1010b21db,Tumbling Trial 2025,Counties Manukau Gymnastics,TUM,FIG 13-14 Years Male,Qualification2,1,,1,TRUE,1,35800,0,99,0,,1,0,Meszaros,Mason,Counties,01/01/0001,,2,17800,8,0,0,H,0,0,0,,,,,,,,,,
161,0575c463-57fc-40ae-613e-c7c1010b21db,Tumbling Trial 2025,Counties Manukau Gymnastics,TUM,FIG 15-16 Years Female,Qualification,1,,1,TRUE,2,26700,0,99,0,,1,0,Reynard,Lucy,Capital,01/01/0001,,1,17600,8,0,0,E1,73,3,3,3,3,3,3,3,4,,,2,0
162,0575c463-57fc-40ae-613e-c7c1010b21db,Tumbling Trial 2025,Counties Manukau Gymnastics,TUM,FIG 15-16 Years Female,Qualification,1,,1,TRUE,2,26700,0,99,0,,1,0,Reynard,Lucy,Capital,01/01/0001,,1,17600,8,0,0,E2,74,3,3,3,4,3,3,3,2,,,2,0
163,0575c463-57fc-40ae-613e-c7c1010b21db,Tumbling Trial 2025,Counties Manukau Gymnastics,TUM,FIG 15-16 Years Female,Qualification,1,,1,TRUE,2,26700,0,99,0,,1,0,Reynard,Lucy,Capital,01/01/0001,,1,17600,8,0,0,E3,70,3,4,4,4,3,3,3,3,,,3,0
164,0575c463-57fc-40ae-613e-c7c1010b21db,Tumbling Trial 2025,Counties Manukau Gymnastics,TUM,FIG 15-16 Years Female,Qualification,1,,1,TRUE,2,26700,0,99,0,,1,0,Reynard,Lucy,Capital,01/01/0001,,1,17600,8,0,0,E4,74,4,3,2,3,3,3,3,3,,,2,0
165,0575c463-57fc-40ae-613e-c7c1010b21db,Tumbling Trial 2025,Counties Manukau Gymnastics,TUM,FIG 15-16 Years Female,Qualification,1,,1,TRUE,2,26700,0,99,0,,1,0,Reynard,Lucy,Capital,01/01/0001,,1,17600,8,0,0,E5,100,,,,,,,,,,,,
166,0575c463-57fc-40ae-613e-c7c1010b21db,Tumbling Trial 2025,Counties Manukau Gymnastics,TUM,FIG 15-16 Years Female,Qualification,1,,1,TRUE,2,26700,0,99,0,,1,0,Reynard,Lucy,Capital,01/01/0001,,1,17600,8,0,0,E8,100,,,,,,,,,,,,
167,0575c463-57fc-40ae-613e-c7c1010b21db,Tumbling Trial 2025,Counties Manukau Gymnastics,TUM,FIG 15-16 Years Female,Qualification,1,,1,TRUE,2,26700,0,99,0,,1,0,Reynard,Lucy,Capital,01/01/0001,,1,17600,8,0,0,E∑,147,6,6,6,7,6,6,6,6,0,0,4,0
168,0575c463-57fc-40ae-613e-c7c1010b21db,Tumbling Trial 2025,Counties Manukau Gymnastics,TUM,FIG 15-16 Years Female,Qualification,1,,1,TRUE,2,26700,0,99,0,,1,0,Reynard,Lucy,Capital,01/01/0001,,1,17600,8,0,0,T,0,,,,,,,,,,,,
169,0575c463-57fc-40ae-613e-c7c1010b21db,Tumbling Trial 2025,Counties Manukau Gymnastics,TUM,FIG 15-16 Years Female,Qualification,1,,1,TRUE,2,26700,0,99,0,,1,0,Reynard,Lucy,Capital,01/01/0001,,1,17600,8,0,0,D,29,0,,,,,,,,,,,
170,0575c463-57fc-40ae-613e-c7c1010b21db,Tumbling Trial 2025,Counties Manukau Gymnastics,TUM,FIG 15-16 Years Female,Qualification,1,,1,TRUE,2,26700,0,99,0,,1,0,Reynard,Lucy,Capital,01/01/0001,,1,17600,8,0,0,H,0,0,0,,,,,,,,,,
171,0575c463-57fc-40ae-613e-c7c1010b21db,Tumbling Trial 2025,Counties Manukau Gymnastics,TUM,FIG 15-16 Years Female,Qualification,1,,1,TRUE,2,26700,0,99,0,,1,0,Reynard,Lucy,Capital,01/01/0001,,2,9100,3,0,0,E1,43,2,2,3,,,,,,,,,0
172,0575c463-57fc-40ae-613e-c7c1010b21db,Tumbling Trial 2025,Counties Manukau Gymnastics,TUM,FIG 15-16 Years Female,Qualification,1,,1,TRUE,2,26700,0,99,0,,1,0,Reynard,Lucy,Capital,01/01/0001,,2,9100,3,0,0,E2,43,2,2,3,,,,,,,,,0
173,0575c463-57fc-40ae-613e-c7c1010b21db,Tumbling Trial 2025,Counties Manukau Gymnastics,TUM,FIG 15-16 Years Female,Qualification,1,,1,TRUE,2,26700,0,99,0,,1,0,Reynard,Lucy,Capital,01/01/0001,,2,9100,3,0,0,E3,43,2,2,3,,,,,,,,,0
174,0575c463-57fc-40ae-613e-c7c1010b21db,Tumbling Trial 2025,Counties Manukau Gymnastics,TUM,FIG 15-16 Years Female,Qualification,1,,1,TRUE,2,26700,0,99,0,,1,0,Reynard,Lucy,Capital,01/01/0001,,2,9100,3,0,0,E4,45,1,2,2,,,,,,,,,0
175,0575c463-57fc-40ae-613e-c7c1010b21db,Tumbling Trial 2025,Counties Manukau Gymnastics,TUM,FIG 15-16 Years Female,Qualification,1,,1,TRUE,2,26700,0,99,0,,1,0,Reynard,Lucy,Capital,01/01/0001,,2,9100,3,0,0,E5,50,,,,,,,,,,,,
176,0575c463-57fc-40ae-613e-c7c1010b21db,Tumbling Trial 2025,Counties Manukau Gymnastics,TUM,FIG 15-16 Years Female,Qualification,1,,1,TRUE,2,26700,0,99,0,,1,0,Reynard,Lucy,Capital,01/01/0001,,2,9100,3,0,0,E8,50,,,,,,,,,,,,
177,0575c463-57fc-40ae-613e-c7c1010b21db,Tumbling Trial 2025,Counties Manukau Gymnastics,TUM,FIG 15-16 Years Female,Qualification,1,,1,TRUE,2,26700,0,99,0,,1,0,Reynard,Lucy,Capital,01/01/0001,,2,9100,3,0,0,E∑,86,4,4,6,0,0,0,0,0,0,0,0,0
178,0575c463-57fc-40ae-613e-c7c1010b21db,Tumbling Trial 2025,Counties Manukau Gymnastics,TUM,FIG 15-16 Years Female,Qualification,1,,1,TRUE,2,26700,0,99,0,,1,0,Reynard,Lucy,Capital,01/01/0001,,2,9100,3,0,0,T,0,,,,,,,,,,,,
179,0575c463-57fc-40ae-613e-c7c1010b21db,Tumbling Trial 2025,Counties Manukau Gymnastics,TUM,FIG 15-16 Years Female,Qualification,1,,1,TRUE,2,26700,0,99,0,,1,0,Reynard,Lucy,Capital,01/01/0001,,2,9100,3,0,0,D,5,0,,,,,,,,,,,
180,0575c463-57fc-40ae-613e-c7c1010b21db,Tumbling Trial 2025,Counties Manukau Gymnastics,TUM,FIG 15-16 Years Female,Qualification,1,,1,TRUE,2,26700,0,99,0,,1,0,Reynard,Lucy,Capital,01/01/0001,,2,9100,3,0,0,H,0,0,0,,,,,,,,,,
181,0575c463-57fc-40ae-613e-c7c1010b21db,Tumbling Trial 2025,Counties Manukau Gymnastics,TUM,FIG 15-16 Years Female,Qualification,1,,2,TRUE,1,37200,0,99,0,,1,0,Marshall,Francisca,Mid Island Gym Sports,01/01/0001,,1,18700,8,0,0,E1,84,1,2,2,2,2,2,2,2,,,1,0
182,0575c463-57fc-40ae-613e-c7c1010b21db,Tumbling Trial 2025,Counties Manukau Gymnastics,TUM,FIG 15-16 Years Female,Qualification,1,,2,TRUE,1,37200,0,99,0,,1,0,Marshall,Francisca,Mid Island Gym Sports,01/01/0001,,1,18700,8,0,0,E2,81,1,2,3,2,3,2,2,3,,,1,0
183,0575c463-57fc-40ae-613e-c7c1010b21db,Tumbling Trial 2025,Counties Manukau Gymnastics,TUM,FIG 15-16 Years Female,Qualification,1,,2,TRUE,1,37200,0,99,0,,1,0,Marshall,Francisca,Mid Island Gym Sports,01/01/0001,,1,18700,8,0,0,E3,81,1,2,2,2,2,3,3,3,,,1,0
184,0575c463-57fc-40ae-613e-c7c1010b21db,Tumbling Trial 2025,Counties Manukau Gymnastics,TUM,FIG 15-16 Years Female,Qualification,1,,2,TRUE,1,37200,0,99,0,,1,0,Marshall,Francisca,Mid Island Gym Sports,01/01/0001,,1,18700,8,0,0,E4,84,1,2,1,1,2,2,1,3,,,3,0
185,0575c463-57fc-40ae-613e-c7c1010b21db,Tumbling Trial 2025,Counties Manukau Gymnastics,TUM,FIG 15-16 Years Female,Qualification,1,,2,TRUE,1,37200,0,99,0,,1,0,Marshall,Francisca,Mid Island Gym Sports,01/01/0001,,1,18700,8,0,0,E5,100,,,,,,,,,,,,
186,0575c463-57fc-40ae-613e-c7c1010b21db,Tumbling Trial 2025,Counties Manukau Gymnastics,TUM,FIG 15-16 Years Female,Qualification,1,,2,TRUE,1,37200,0,99,0,,1,0,Marshall,Francisca,Mid Island Gym Sports,01/01/0001,,1,18700,8,0,0,E8,100,,,,,,,,,,,,
187,0575c463-57fc-40ae-613e-c7c1010b21db,Tumbling Trial 2025,Counties Manukau Gymnastics,TUM,FIG 15-16 Years Female,Qualification,1,,2,TRUE,1,37200,0,99,0,,1,0,Marshall,Francisca,Mid Island Gym Sports,01/01/0001,,1,18700,8,0,0,E∑,166,2,4,4,4,4,4,4,6,0,0,2,0
188,0575c463-57fc-40ae-613e-c7c1010b21db,Tumbling Trial 2025,Counties Manukau Gymnastics,TUM,FIG 15-16 Years Female,Qualification,1,,2,TRUE,1,37200,0,99,0,,1,0,Marshall,Francisca,Mid Island Gym Sports,01/01/0001,,1,18700,8,0,0,T,0,,,,,,,,,,,,
189,0575c463-57fc-40ae-613e-c7c1010b21db,Tumbling Trial 2025,Counties Manukau Gymnastics,TUM,FIG 15-16 Years Female,Qualification,1,,2,TRUE,1,37200,0,99,0,,1,0,Marshall,Francisca,Mid Island Gym Sports,01/01/0001,,1,18700,8,0,0,D,21,0,,,,,,,,,,,
190,0575c463-57fc-40ae-613e-c7c1010b21db,Tumbling Trial 2025,Counties Manukau Gymnastics,TUM,FIG 15-16 Years Female,Qualification,1,,2,TRUE,1,37200,0,99,0,,1,0,Marshall,Francisca,Mid Island Gym Sports,01/01/0001,,1,18700,8,0,0,H,0,0,0,,,,,,,,,,
191,0575c463-57fc-40ae-613e-c7c1010b21db,Tumbling Trial 2025,Counties Manukau Gymnastics,TUM,FIG 15-16 Years Female,Qualification,1,,2,TRUE,1,37200,0,99,0,,1,0,Marshall,Francisca,Mid Island Gym Sports,01/01/0001,,2,18500,8,0,0,E1,80,2,2,2,2,2,2,2,3,,,3,0
192,0575c463-57fc-40ae-613e-c7c1010b21db,Tumbling Trial 2025,Counties Manukau Gymnastics,TUM,FIG 15-16 Years Female,Qualification,1,,2,TRUE,1,37200,0,99,0,,1,0,Marshall,Francisca,Mid Island Gym Sports,01/01/0001,,2,18500,8,0,0,E2,80,1,2,3,2,2,2,2,3,,,3,0
193,0575c463-57fc-40ae-613e-c7c1010b21db,Tumbling Trial 2025,Counties Manukau Gymnastics,TUM,FIG 15-16 Years Female,Qualification,1,,2,TRUE,1,37200,0,99,0,,1,0,Marshall,Francisca,Mid Island Gym Sports,01/01/0001,,2,18500,8,0,0,E3,81,1,2,2,2,3,2,1,3,,,3,0
194,0575c463-57fc-40ae-613e-c7c1010b21db,Tumbling Trial 2025,Counties Manukau Gymnastics,TUM,FIG 15-16 Years Female,Qualification,1,,2,TRUE,1,37200,0,99,0,,1,0,Marshall,Francisca,Mid Island Gym Sports,01/01/0001,,2,18500,8,0,0,E4,85,1,1,2,2,1,1,2,2,,,3,0
195,0575c463-57fc-40ae-613e-c7c1010b21db,Tumbling Trial 2025,Counties Manukau Gymnastics,TUM,FIG 15-16 Years Female,Qualification,1,,2,TRUE,1,37200,0,99,0,,1,0,Marshall,Francisca,Mid Island Gym Sports,01/01/0001,,2,18500,8,0,0,E5,100,,,,,,,,,,,,
196,0575c463-57fc-40ae-613e-c7c1010b21db,Tumbling Trial 2025,Counties Manukau Gymnastics,TUM,FIG 15-16 Years Female,Qualification,1,,2,TRUE,1,37200,0,99,0,,1,0,Marshall,Francisca,Mid Island Gym Sports,01/01/0001,,2,18500,8,0,0,E8,100,,,,,,,,,,,,
197,0575c463-57fc-40ae-613e-c7c1010b21db,Tumbling Trial 2025,Counties Manukau Gymnastics,TUM,FIG 15-16 Years Female,Qualification,1,,2,TRUE,1,37200,0,99,0,,1,0,Marshall,Francisca,Mid Island Gym Sports,01/01/0001,,2,18500,8,0,0,E∑,162,2,4,4,4,4,4,4,6,0,0,6,0
198,0575c463-57fc-40ae-613e-c7c1010b21db,Tumbling Trial 2025,Counties Manukau Gymnastics,TUM,FIG 15-16 Years Female,Qualification,1,,2,TRUE,1,37200,0,99,0,,1,0,Marshall,Francisca,Mid Island Gym Sports,01/01/0001,,2,18500,8,0,0,T,0,,,,,,,,,,,,
199,0575c463-57fc-40ae-613e-c7c1010b21db,Tumbling Trial 2025,Counties Manukau Gymnastics,TUM,FIG 15-16 Years Female,Qualification,1,,2,TRUE,1,37200,0,99,0,,1,0,Marshall,Francisca,Mid Island Gym Sports,01/01/0001,,2,18500,8,0,0,D,23,0,,,,,,,,,,,
200,0575c463-57fc-40ae-613e-c7c1010b21db,Tumbling Trial 2025,Counties Manukau Gymnastics,TUM,FIG 15-16 Years Female,Qualification,1,,2,TRUE,1,37200,0,99,0,,1,0,Marshall,Francisca,Mid Island Gym Sports,01/01/0001,,2,18500,8,0,0,H,0,0,0,,,,,,,,,,
201,0575c463-57fc-40ae-613e-c7c1010b21db,Tumbling Trial 2025,Counties Manukau Gymnastics,TUM,FIG 15-16 Years Female,Qualification,1,,3,TRUE,3,0,0,99,0,,1,0,HOWIE,Ella,WAGS,01/01/0001,,1,0,0,0,0,E1,0,,,,,,,,,,,,
202,0575c463-57fc-40ae-613e-c7c1010b21db,Tumbling Trial 2025,Counties Manukau Gymnastics,TUM,FIG 15-16 Years Female,Qualification,1,,3,TRUE,3,0,0,99,0,,1,0,HOWIE,Ella,WAGS,01/01/0001,,1,0,0,0,0,E2,0,,,,,,,,,,,,
203,0575c463-57fc-40ae-613e-c7c1010b21db,Tumbling Trial 2025,Counties Manukau Gymnastics,TUM,FIG 15-16 Years Female,Qualification,1,,3,TRUE,3,0,0,99,0,,1,0,HOWIE,Ella,WAGS,01/01/0001,,1,0,0,0,0,E3,0,,,,,,,,,,,,
204,0575c463-57fc-40ae-613e-c7c1010b21db,Tumbling Trial 2025,Counties Manukau Gymnastics,TUM,FIG 15-16 Years Female,Qualification,1,,3,TRUE,3,0,0,99,0,,1,0,HOWIE,Ella,WAGS,01/01/0001,,1,0,0,0,0,E4,0,,,,,,,,,,,,
205,0575c463-57fc-40ae-613e-c7c1010b21db,Tumbling Trial 2025,Counties Manukau Gymnastics,TUM,FIG 15-16 Years Female,Qualification,1,,3,TRUE,3,0,0,99,0,,1,0,HOWIE,Ella,WAGS,01/01/0001,,1,0,0,0,0,E5,0,,,,,,,,,,,,
206,0575c463-57fc-40ae-613e-c7c1010b21db,Tumbling Trial 2025,Counties Manukau Gymnastics,TUM,FIG 15-16 Years Female,Qualification,1,,3,TRUE,3,0,0,99,0,,1,0,HOWIE,Ella,WAGS,01/01/0001,,1,0,0,0,0,E8,0,,,,,,,,,,,,
207,0575c463-57fc-40ae-613e-c7c1010b21db,Tumbling Trial 2025,Counties Manukau Gymnastics,TUM,FIG 15-16 Years Female,Qualification,1,,3,TRUE,3,0,0,99,0,,1,0,HOWIE,Ella,WAGS,01/01/0001,,1,0,0,0,0,E∑,0,0,0,0,0,0,0,0,0,0,0,0,0
208,0575c463-57fc-40ae-613e-c7c1010b21db,Tumbling Trial 2025,Counties Manukau Gymnastics,TUM,FIG 15-16 Years Female,Qualification,1,,3,TRUE,3,0,0,99,0,,1,0,HOWIE,Ella,WAGS,01/01/0001,,1,0,0,0,0,T,0,,,,,,,,,,,,
209,0575c463-57fc-40ae-613e-c7c1010b21db,Tumbling Trial 2025,Counties Manukau Gymnastics,TUM,FIG 15-16 Years Female,Qualification,1,,3,TRUE,3,0,0,99,0,,1,0,HOWIE,Ella,WAGS,01/01/0001,,1,0,0,0,0,D,0,0,,,,,,,,,,,
210,0575c463-57fc-40ae-613e-c7c1010b21db,Tumbling Trial 2025,Counties Manukau Gymnastics,TUM,FIG 15-16 Years Female,Qualification,1,,3,TRUE,3,0,0,99,0,,1,0,HOWIE,Ella,WAGS,01/01/0001,,1,0,0,0,0,H,0,0,0,,,,,,,,,,
211,0575c463-57fc-40ae-613e-c7c1010b21db,Tumbling Trial 2025,Counties Manukau Gymnastics,TUM,FIG 15-16 Years Female,Qualification,1,,3,TRUE,3,0,0,99,0,,1,0,HOWIE,Ella,WAGS,01/01/0001,,2,0,0,0,0,E1,0,,,,,,,,,,,,
212,0575c463-57fc-40ae-613e-c7c1010b21db,Tumbling Trial 2025,Counties Manukau Gymnastics,TUM,FIG 15-16 Years Female,Qualification,1,,3,TRUE,3,0,0,99,0,,1,0,HOWIE,Ella,WAGS,01/01/0001,,2,0,0,0,0,E2,0,,,,,,,,,,,,
213,0575c463-57fc-40ae-613e-c7c1010b21db,Tumbling Trial 2025,Counties Manukau Gymnastics,TUM,FIG 15-16 Years Female,Qualification,1,,3,TRUE,3,0,0,99,0,,1,0,HOWIE,Ella,WAGS,01/01/0001,,2,0,0,0,0,E3,0,,,,,,,,,,,,
214,0575c463-57fc-40ae-613e-c7c1010b21db,Tumbling Trial 2025,Counties Manukau Gymnastics,TUM,FIG 15-16 Years Female,Qualification,1,,3,TRUE,3,0,0,99,0,,1,0,HOWIE,Ella,WAGS,01/01/0001,,2,0,0,0,0,E4,0,,,,,,,,,,,,
215,0575c463-57fc-40ae-613e-c7c1010b21db,Tumbling Trial 2025,Counties Manukau Gymnastics,TUM,FIG 15-16 Years Female,Qualification,1,,3,TRUE,3,0,0,99,0,,1,0,HOWIE,Ella,WAGS,01/01/0001,,2,0,0,0,0,E5,0,,,,,,,,,,,,
216,0575c463-57fc-40ae-613e-c7c1010b21db,Tumbling Trial 2025,Counties Manukau Gymnastics,TUM,FIG 15-16 Years Female,Qualification,1,,3,TRUE,3,0,0,99,0,,1,0,HOWIE,Ella,WAGS,01/01/0001,,2,0,0,0,0,E8,0,,,,,,,,,,,,
217,0575c463-57fc-40ae-613e-c7c1010b21db,Tumbling Trial 2025,Counties Manukau Gymnastics,TUM,FIG 15-16 Years Female,Qualification,1,,3,TRUE,3,0,0,99,0,,1,0,HOWIE,Ella,WAGS,01/01/0001,,2,0,0,0,0,E∑,0,0,0,0,0,0,0,0,0,0,0,0,0
218,0575c463-57fc-40ae-613e-c7c1010b21db,Tumbling Trial 2025,Counties Manukau Gymnastics,TUM,FIG 15-16 Years Female,Qualification,1,,3,TRUE,3,0,0,99,0,,1,0,HOWIE,Ella,WAGS,01/01/0001,,2,0,0,0,0,T,0,,,,,,,,,,,,
219,0575c463-57fc-40ae-613e-c7c1010b21db,Tumbling Trial 2025,Counties Manukau Gymnastics,TUM,FIG 15-16 Years Female,Qualification,1,,3,TRUE,3,0,0,99,0,,1,0,HOWIE,Ella,WAGS,01/01/0001,,2,0,0,0,0,D,0,0,,,,,,,,,,,
220,0575c463-57fc-40ae-613e-c7c1010b21db,Tumbling Trial 2025,Counties Manukau Gymnastics,TUM,FIG 15-16 Years Female,Qualification,1,,3,TRUE,3,0,0,99,0,,1,0,HOWIE,Ella,WAGS,01/01/0001,,2,0,0,0,0,H,0,0,0,,,,,,,,,,
221,0575c463-57fc-40ae-613e-c7c1010b21db,Tumbling Trial 2025,Counties Manukau Gymnastics,TUM,FIG 15-16 Years Female,Qualification,1,,4,TRUE,3,0,0,99,0,,1,0,Lana,Pilon,WAGS,01/01/0001,,1,0,0,0,0,E1,0,,,,,,,,,,,,
222,0575c463-57fc-40ae-613e-c7c1010b21db,Tumbling Trial 2025,Counties Manukau Gymnastics,TUM,FIG 15-16 Years Female,Qualification,1,,4,TRUE,3,0,0,99,0,,1,0,Lana,Pilon,WAGS,01/01/0001,,1,0,0,0,0,E2,0,,,,,,,,,,,,
223,0575c463-57fc-40ae-613e-c7c1010b21db,Tumbling Trial 2025,Counties Manukau Gymnastics,TUM,FIG 15-16 Years Female,Qualification,1,,4,TRUE,3,0,0,99,0,,1,0,Lana,Pilon,WAGS,01/01/0001,,1,0,0,0,0,E3,0,,,,,,,,,,,,
224,0575c463-57fc-40ae-613e-c7c1010b21db,Tumbling Trial 2025,Counties Manukau Gymnastics,TUM,FIG 15-16 Years Female,Qualification,1,,4,TRUE,3,0,0,99,0,,1,0,Lana,Pilon,WAGS,01/01/0001,,1,0,0,0,0,E4,0,,,,,,,,,,,,
225,0575c463-57fc-40ae-613e-c7c1010b21db,Tumbling Trial 2025,Counties Manukau Gymnastics,TUM,FIG 15-16 Years Female,Qualification,1,,4,TRUE,3,0,0,99,0,,1,0,Lana,Pilon,WAGS,01/01/0001,,1,0,0,0,0,E5,0,,,,,,,,,,,,
226,0575c463-57fc-40ae-613e-c7c1010b21db,Tumbling Trial 2025,Counties Manukau Gymnastics,TUM,FIG 15-16 Years Female,Qualification,1,,4,TRUE,3,0,0,99,0,,1,0,Lana,Pilon,WAGS,01/01/0001,,1,0,0,0,0,E8,0,,,,,,,,,,,,
227,0575c463-57fc-40ae-613e-c7c1010b21db,Tumbling Trial 2025,Counties Manukau Gymnastics,TUM,FIG 15-16 Years Female,Qualification,1,,4,TRUE,3,0,0,99,0,,1,0,Lana,Pilon,WAGS,01/01/0001,,1,0,0,0,0,E∑,0,0,0,0,0,0,0,0,0,0,0,0,0
228,0575c463-57fc-40ae-613e-c7c1010b21db,Tumbling Trial 2025,Counties Manukau Gymnastics,TUM,FIG 15-16 Years Female,Qualification,1,,4,TRUE,3,0,0,99,0,,1,0,Lana,Pilon,WAGS,01/01/0001,,1,0,0,0,0,T,0,,,,,,,,,,,,
229,0575c463-57fc-40ae-613e-c7c1010b21db,Tumbling Trial 2025,Counties Manukau Gymnastics,TUM,FIG 15-16 Years Female,Qualification,1,,4,TRUE,3,0,0,99,0,,1,0,Lana,Pilon,WAGS,01/01/0001,,1,0,0,0,0,D,0,0,,,,,,,,,,,
230,0575c463-57fc-40ae-613e-c7c1010b21db,Tumbling Trial 2025,Counties Manukau Gymnastics,TUM,FIG 15-16 Years Female,Qualification,1,,4,TRUE,3,0,0,99,0,,1,0,Lana,Pilon,WAGS,01/01/0001,,1,0,0,0,0,H,0,0,0,,,,,,,,,,
231,0575c463-57fc-40ae-613e-c7c1010b21db,Tumbling Trial 2025,Counties Manukau Gymnastics,TUM,FIG 15-16 Years Female,Qualification,1,,4,TRUE,3,0,0,99,0,,1,0,Lana,Pilon,WAGS,01/01/0001,,2,0,0,0,0,E1,0,,,,,,,,,,,,
232,0575c463-57fc-40ae-613e-c7c1010b21db,Tumbling Trial 2025,Counties Manukau Gymnastics,TUM,FIG 15-16 Years Female,Qualification,1,,4,TRUE,3,0,0,99,0,,1,0,Lana,Pilon,WAGS,01/01/0001,,2,0,0,0,0,E2,0,,,,,,,,,,,,
233,0575c463-57fc-40ae-613e-c7c1010b21db,Tumbling Trial 2025,Counties Manukau Gymnastics,TUM,FIG 15-16 Years Female,Qualification,1,,4,TRUE,3,0,0,99,0,,1,0,Lana,Pilon,WAGS,01/01/0001,,2,0,0,0,0,E3,0,,,,,,,,,,,,
234,0575c463-57fc-40ae-613e-c7c1010b21db,Tumbling Trial 2025,Counties Manukau Gymnastics,TUM,FIG 15-16 Years Female,Qualification,1,,4,TRUE,3,0,0,99,0,,1,0,Lana,Pilon,WAGS,01/01/0001,,2,0,0,0,0,E4,0,,,,,,,,,,,,
235,0575c463-57fc-40ae-613e-c7c1010b21db,Tumbling Trial 2025,Counties Manukau Gymnastics,TUM,FIG 15-16 Years Female,Qualification,1,,4,TRUE,3,0,0,99,0,,1,0,Lana,Pilon,WAGS,01/01/0001,,2,0,0,0,0,E5,0,,,,,,,,,,,,
236,0575c463-57fc-40ae-613e-c7c1010b21db,Tumbling Trial 2025,Counties Manukau Gymnastics,TUM,FIG 15-16 Years Female,Qualification,1,,4,TRUE,3,0,0,99,0,,1,0,Lana,Pilon,WAGS,01/01/0001,,2,0,0,0,0,E8,0,,,,,,,,,,,,
237,0575c463-57fc-40ae-613e-c7c1010b21db,Tumbling Trial 2025,Counties Manukau Gymnastics,TUM,FIG 15-16 Years Female,Qualification,1,,4,TRUE,3,0,0,99,0,,1,0,Lana,Pilon,WAGS,01/01/0001,,2,0,0,0,0,E∑,0,0,0,0,0,0,0,0,0,0,0,0,0
238,0575c463-57fc-40ae-613e-c7c1010b21db,Tumbling Trial 2025,Counties Manukau Gymnastics,TUM,FIG 15-16 Years Female,Qualification,1,,4,TRUE,3,0,0,99,0,,1,0,Lana,Pilon,WAGS,01/01/0001,,2,0,0,0,0,T,0,,,,,,,,,,,,
239,0575c463-57fc-40ae-613e-c7c1010b21db,Tumbling Trial 2025,Counties Manukau Gymnastics,TUM,FIG 15-16 Years Female,Qualification,1,,4,TRUE,3,0,0,99,0,,1,0,Lana,Pilon,WAGS,01/01/0001,,2,0,0,0,0,D,0,0,,,,,,,,,,,
240,0575c463-57fc-40ae-613e-c7c1010b21db,Tumbling Trial 2025,Counties Manukau Gymnastics,TUM,FIG 15-16 Years Female,Qualification,1,,4,TRUE,3,0,0,99,0,,1,0,Lana,Pilon,WAGS,01/01/0001,,2,0,0,0,0,H,0,0,0,,,,,,,,,,
241,0575c463-57fc-40ae-613e-c7c1010b21db,Tumbling Trial 2025,Counties Manukau Gymnastics,TUM,FIG 15-16 Years Female,Qualification2,1,,1,TRUE,2,34500,0,99,0,,1,0,Reynard,Lucy,Capital,01/01/0001,,1,15700,7,0,0,E1,69,1,3,3,3,3,4,4,,,,,0
242,0575c463-57fc-40ae-613e-c7c1010b21db,Tumbling Trial 2025,Counties Manukau Gymnastics,TUM,FIG 15-16 Years Female,Qualification2,1,,1,TRUE,2,34500,0,99,0,,1,0,Reynard,Lucy,Capital,01/01/0001,,1,15700,7,0,0,E2,69,2,3,3,3,4,3,3,,,,,0
243,0575c463-57fc-40ae-613e-c7c1010b21db,Tumbling Trial 2025,Counties Manukau Gymnastics,TUM,FIG 15-16 Years Female,Qualification2,1,,1,TRUE,2,34500,0,99,0,,1,0,Reynard,Lucy,Capital,01/01/0001,,1,15700,7,0,0,E3,66,3,3,3,4,4,3,4,,,,,0
244,0575c463-57fc-40ae-613e-c7c1010b21db,Tumbling Trial 2025,Counties Manukau Gymnastics,TUM,FIG 15-16 Years Female,Qualification2,1,,1,TRUE,2,34500,0,99,0,,1,0,Reynard,Lucy,Capital,01/01/0001,,1,15700,7,0,0,E4,69,3,3,3,3,3,3,3,,,,,0
245,0575c463-57fc-40ae-613e-c7c1010b21db,Tumbling Trial 2025,Counties Manukau Gymnastics,TUM,FIG 15-16 Years Female,Qualification2,1,,1,TRUE,2,34500,0,99,0,,1,0,Reynard,Lucy,Capital,01/01/0001,,1,15700,7,0,0,E5,90,,,,,,,,,,,,
246,0575c463-57fc-40ae-613e-c7c1010b21db,Tumbling Trial 2025,Counties Manukau Gymnastics,TUM,FIG 15-16 Years Female,Qualification2,1,,1,TRUE,2,34500,0,99,0,,1,0,Reynard,Lucy,Capital,01/01/0001,,1,15700,7,0,0,E8,90,,,,,,,,,,,,
247,0575c463-57fc-40ae-613e-c7c1010b21db,Tumbling Trial 2025,Counties Manukau Gymnastics,TUM,FIG 15-16 Years Female,Qualification2,1,,1,TRUE,2,34500,0,99,0,,1,0,Reynard,Lucy,Capital,01/01/0001,,1,15700,7,0,0,E∑,137,5,6,6,6,7,6,7,0,0,0,0,0
248,0575c463-57fc-40ae-613e-c7c1010b21db,Tumbling Trial 2025,Counties Manukau Gymnastics,TUM,FIG 15-16 Years Female,Qualification2,1,,1,TRUE,2,34500,0,99,0,,1,0,Reynard,Lucy,Capital,01/01/0001,,1,15700,7,0,0,T,0,,,,,,,,,,,,
249,0575c463-57fc-40ae-613e-c7c1010b21db,Tumbling Trial 2025,Counties Manukau Gymnastics,TUM,FIG 15-16 Years Female,Qualification2,1,,1,TRUE,2,34500,0,99,0,,1,0,Reynard,Lucy,Capital,01/01/0001,,1,15700,7,0,0,D,20,0,,,,,,,,,,,
250,0575c463-57fc-40ae-613e-c7c1010b21db,Tumbling Trial 2025,Counties Manukau Gymnastics,TUM,FIG 15-16 Years Female,Qualification2,1,,1,TRUE,2,34500,0,99,0,,1,0,Reynard,Lucy,Capital,01/01/0001,,1,15700,7,0,0,H,0,0,0,,,,,,,,,,
251,0575c463-57fc-40ae-613e-c7c1010b21db,Tumbling Trial 2025,Counties Manukau Gymnastics,TUM,FIG 15-16 Years Female,Qualification2,1,,1,TRUE,2,34500,0,99,0,,1,0,Reynard,Lucy,Capital,01/01/0001,,2,18800,8,0,0,E1,83,1,1,2,2,2,2,3,4,,,0,0
252,0575c463-57fc-40ae-613e-c7c1010b21db,Tumbling Trial 2025,Counties Manukau Gymnastics,TUM,FIG 15-16 Years Female,Qualification2,1,,1,TRUE,2,34500,0,99,0,,1,0,Reynard,Lucy,Capital,01/01/0001,,2,18800,8,0,0,E2,82,1,2,2,3,2,2,2,4,,,0,0
253,0575c463-57fc-40ae-613e-c7c1010b21db,Tumbling Trial 2025,Counties Manukau Gymnastics,TUM,FIG 15-16 Years Female,Qualification2,1,,1,TRUE,2,34500,0,99,0,,1,0,Reynard,Lucy,Capital,01/01/0001,,2,18800,8,0,0,E3,78,2,3,3,3,2,3,3,3,,,0,0
254,0575c463-57fc-40ae-613e-c7c1010b21db,Tumbling Trial 2025,Counties Manukau Gymnastics,TUM,FIG 15-16 Years Female,Qualification2,1,,1,TRUE,2,34500,0,99,0,,1,0,Reynard,Lucy,Capital,01/01/0001,,2,18800,8,0,0,E4,84,1,1,2,2,2,2,2,3,,,1,0
255,0575c463-57fc-40ae-613e-c7c1010b21db,Tumbling Trial 2025,Counties Manukau Gymnastics,TUM,FIG 15-16 Years Female,Qualification2,1,,1,TRUE,2,34500,0,99,0,,1,0,Reynard,Lucy,Capital,01/01/0001,,2,18800,8,0,0,E5,100,,,,,,,,,,,,
256,0575c463-57fc-40ae-613e-c7c1010b21db,Tumbling Trial 2025,Counties Manukau Gymnastics,TUM,FIG 15-16 Years Female,Qualification2,1,,1,TRUE,2,34500,0,99,0,,1,0,Reynard,Lucy,Capital,01/01/0001,,2,18800,8,0,0,E8,100,,,,,,,,,,,,
257,0575c463-57fc-40ae-613e-c7c1010b21db,Tumbling Trial 2025,Counties Manukau Gymnastics,TUM,FIG 15-16 Years Female,Qualification2,1,,1,TRUE,2,34500,0,99,0,,1,0,Reynard,Lucy,Capital,01/01/0001,,2,18800,8,0,0,E∑,166,2,3,4,5,4,4,5,7,0,0,0,0
258,0575c463-57fc-40ae-613e-c7c1010b21db,Tumbling Trial 2025,Counties Manukau Gymnastics,TUM,FIG 15-16 Years Female,Qualification2,1,,1,TRUE,2,34500,0,99,0,,1,0,Reynard,Lucy,Capital,01/01/0001,,2,18800,8,0,0,T,0,,,,,,,,,,,,
259,0575c463-57fc-40ae-613e-c7c1010b21db,Tumbling Trial 2025,Counties Manukau Gymnastics,TUM,FIG 15-16 Years Female,Qualification2,1,,1,TRUE,2,34500,0,99,0,,1,0,Reynard,Lucy,Capital,01/01/0001,,2,18800,8,0,0,D,22,0,,,,,,,,,,,
260,0575c463-57fc-40ae-613e-c7c1010b21db,Tumbling Trial 2025,Counties Manukau Gymnastics,TUM,FIG 15-16 Years Female,Qualification2,1,,1,TRUE,2,34500,0,99,0,,1,0,Reynard,Lucy,Capital,01/01/0001,,2,18800,8,0,0,H,0,0,0,,,,,,,,,,
261,0575c463-57fc-40ae-613e-c7c1010b21db,Tumbling Trial 2025,Counties Manukau Gymnastics,TUM,FIG 15-16 Years Female,Qualification2,1,,2,TRUE,1,38400,0,99,0,,1,0,Marshall,Francisca,Mid Island Gym Sports,01/01/0001,,1,19200,8,0,0,E1,87,1,1,1,1,1,1,1,3,,,3,0
262,0575c463-57fc-40ae-613e-c7c1010b21db,Tumbling Trial 2025,Counties Manukau Gymnastics,TUM,FIG 15-16 Years Female,Qualification2,1,,2,TRUE,1,38400,0,99,0,,1,0,Marshall,Francisca,Mid Island Gym Sports,01/01/0001,,1,19200,8,0,0,E2,82,1,1,2,2,2,2,2,3,,,3,0
263,0575c463-57fc-40ae-613e-c7c1010b21db,Tumbling Trial 2025,Counties Manukau Gymnastics,TUM,FIG 15-16 Years Female,Qualification2,1,,2,TRUE,1,38400,0,99,0,,1,0,Marshall,Francisca,Mid Island Gym Sports,01/01/0001,,1,19200,8,0,0,E3,84,1,1,2,2,2,1,1,3,,,3,0
264,0575c463-57fc-40ae-613e-c7c1010b21db,Tumbling Trial 2025,Counties Manukau Gymnastics,TUM,FIG 15-16 Years Female,Qualification2,1,,2,TRUE,1,38400,0,99,0,,1,0,Marshall,Francisca,Mid Island Gym Sports,01/01/0001,,1,19200,8,0,0,E4,86,1,1,1,2,2,1,1,2,,,3,0
265,0575c463-57fc-40ae-613e-c7c1010b21db,Tumbling Trial 2025,Counties Manukau Gymnastics,TUM,FIG 15-16 Years Female,Qualification2,1,,2,TRUE,1,38400,0,99,0,,1,0,Marshall,Francisca,Mid Island Gym Sports,01/01/0001,,1,19200,8,0,0,E5,100,,,,,,,,,,,,
266,0575c463-57fc-40ae-613e-c7c1010b21db,Tumbling Trial 2025,Counties Manukau Gymnastics,TUM,FIG 15-16 Years Female,Qualification2,1,,2,TRUE,1,38400,0,99,0,,1,0,Marshall,Francisca,Mid Island Gym Sports,01/01/0001,,1,19200,8,0,0,E8,100,,,,,,,,,,,,
267,0575c463-57fc-40ae-613e-c7c1010b21db,Tumbling Trial 2025,Counties Manukau Gymnastics,TUM,FIG 15-16 Years Female,Qualification2,1,,2,TRUE,1,38400,0,99,0,,1,0,Marshall,Francisca,Mid Island Gym Sports,01/01/0001,,1,19200,8,0,0,E∑,169,2,2,3,4,4,2,2,6,0,0,6,0
268,0575c463-57fc-40ae-613e-c7c1010b21db,Tumbling Trial 2025,Counties Manukau Gymnastics,TUM,FIG 15-16 Years Female,Qualification2,1,,2,TRUE,1,38400,0,99,0,,1,0,Marshall,Francisca,Mid Island Gym Sports,01/01/0001,,1,19200,8,0,0,T,0,,,,,,,,,,,,
269,0575c463-57fc-40ae-613e-c7c1010b21db,Tumbling Trial 2025,Counties Manukau Gymnastics,TUM,FIG 15-16 Years Female,Qualification2,1,,2,TRUE,1,38400,0,99,0,,1,0,Marshall,Francisca,Mid Island Gym Sports,01/01/0001,,1,19200,8,0,0,D,23,0,,,,,,,,,,,
270,0575c463-57fc-40ae-613e-c7c1010b21db,Tumbling Trial 2025,Counties Manukau Gymnastics,TUM,FIG 15-16 Years Female,Qualification2,1,,2,TRUE,1,38400,0,99,0,,1,0,Marshall,Francisca,Mid Island Gym Sports,01/01/0001,,1,19200,8,0,0,H,0,0,0,,,,,,,,,,
271,0575c463-57fc-40ae-613e-c7c1010b21db,Tumbling Trial 2025,Counties Manukau Gymnastics,TUM,FIG 15-16 Years Female,Qualification2,1,,2,TRUE,1,38400,0,99,0,,1,0,Marshall,Francisca,Mid Island Gym Sports,01/01/0001,,2,19200,8,0,0,E1,86,1,1,1,1,1,1,2,3,,,3,0
272,0575c463-57fc-40ae-613e-c7c1010b21db,Tumbling Trial 2025,Counties Manukau Gymnastics,TUM,FIG 15-16 Years Female,Qualification2,1,,2,TRUE,1,38400,0,99,0,,1,0,Marshall,Francisca,Mid Island Gym Sports,01/01/0001,,2,19200,8,0,0,E2,83,1,1,1,2,2,2,2,3,,,3,0
273,0575c463-57fc-40ae-613e-c7c1010b21db,Tumbling Trial 2025,Counties Manukau Gymnastics,TUM,FIG 15-16 Years Female,Qualification2,1,,2,TRUE,1,38400,0,99,0,,1,0,Marshall,Francisca,Mid Island Gym Sports,01/01/0001,,2,19200,8,0,0,E3,83,1,1,2,1,2,1,2,4,,,3,0
274,0575c463-57fc-40ae-613e-c7c1010b21db,Tumbling Trial 2025,Counties Manukau Gymnastics,TUM,FIG 15-16 Years Female,Qualification2,1,,2,TRUE,1,38400,0,99,0,,1,0,Marshall,Francisca,Mid Island Gym Sports,01/01/0001,,2,19200,8,0,0,E4,89,1,1,1,1,1,1,1,2,,,2,0
275,0575c463-57fc-40ae-613e-c7c1010b21db,Tumbling Trial 2025,Counties Manukau Gymnastics,TUM,FIG 15-16 Years Female,Qualification2,1,,2,TRUE,1,38400,0,99,0,,1,0,Marshall,Francisca,Mid Island Gym Sports,01/01/0001,,2,19200,8,0,0,E5,100,,,,,,,,,,,,
276,0575c463-57fc-40ae-613e-c7c1010b21db,Tumbling Trial 2025,Counties Manukau Gymnastics,TUM,FIG 15-16 Years Female,Qualification2,1,,2,TRUE,1,38400,0,99,0,,1,0,Marshall,Francisca,Mid Island Gym Sports,01/01/0001,,2,19200,8,0,0,E8,100,,,,,,,,,,,,
277,0575c463-57fc-40ae-613e-c7c1010b21db,Tumbling Trial 2025,Counties Manukau Gymnastics,TUM,FIG 15-16 Years Female,Qualification2,1,,2,TRUE,1,38400,0,99,0,,1,0,Marshall,Francisca,Mid Island Gym Sports,01/01/0001,,2,19200,8,0,0,E∑,171,2,2,2,2,3,2,4,6,0,0,6,0
278,0575c463-57fc-40ae-613e-c7c1010b21db,Tumbling Trial 2025,Counties Manukau Gymnastics,TUM,FIG 15-16 Years Female,Qualification2,1,,2,TRUE,1,38400,0,99,0,,1,0,Marshall,Francisca,Mid Island Gym Sports,01/01/0001,,2,19200,8,0,0,T,0,,,,,,,,,,,,
279,0575c463-57fc-40ae-613e-c7c1010b21db,Tumbling Trial 2025,Counties Manukau Gymnastics,TUM,FIG 15-16 Years Female,Qualification2,1,,2,TRUE,1,38400,0,99,0,,1,0,Marshall,Francisca,Mid Island Gym Sports,01/01/0001,,2,19200,8,0,0,D,21,0,,,,,,,,,,,
280,0575c463-57fc-40ae-613e-c7c1010b21db,Tumbling Trial 2025,Counties Manukau Gymnastics,TUM,FIG 15-16 Years Female,Qualification2,1,,2,TRUE,1,38400,0,99,0,,1,0,Marshall,Francisca,Mid Island Gym Sports,01/01/0001,,2,19200,8,0,0,H,0,0,0,,,,,,,,,,
281,0575c463-57fc-40ae-613e-c7c1010b21db,Tumbling Trial 2025,Counties Manukau Gymnastics,TUM,FIG 15-16 Years Female,Qualification2,1,,3,TRUE,3,0,0,99,0,,1,0,HOWIE,Ella,WAGS,01/01/0001,,1,0,0,0,0,E1,0,,,,,,,,,,,,
282,0575c463-57fc-40ae-613e-c7c1010b21db,Tumbling Trial 2025,Counties Manukau Gymnastics,TUM,FIG 15-16 Years Female,Qualification2,1,,3,TRUE,3,0,0,99,0,,1,0,HOWIE,Ella,WAGS,01/01/0001,,1,0,0,0,0,E2,0,,,,,,,,,,,,
283,0575c463-57fc-40ae-613e-c7c1010b21db,Tumbling Trial 2025,Counties Manukau Gymnastics,TUM,FIG 15-16 Years Female,Qualification2,1,,3,TRUE,3,0,0,99,0,,1,0,HOWIE,Ella,WAGS,01/01/0001,,1,0,0,0,0,E3,0,,,,,,,,,,,,
284,0575c463-57fc-40ae-613e-c7c1010b21db,Tumbling Trial 2025,Counties Manukau Gymnastics,TUM,FIG 15-16 Years Female,Qualification2,1,,3,TRUE,3,0,0,99,0,,1,0,HOWIE,Ella,WAGS,01/01/0001,,1,0,0,0,0,E4,0,,,,,,,,,,,,
285,0575c463-57fc-40ae-613e-c7c1010b21db,Tumbling Trial 2025,Counties Manukau Gymnastics,TUM,FIG 15-16 Years Female,Qualification2,1,,3,TRUE,3,0,0,99,0,,1,0,HOWIE,Ella,WAGS,01/01/0001,,1,0,0,0,0,E5,0,,,,,,,,,,,,
286,0575c463-57fc-40ae-613e-c7c1010b21db,Tumbling Trial 2025,Counties Manukau Gymnastics,TUM,FIG 15-16 Years Female,Qualification2,1,,3,TRUE,3,0,0,99,0,,1,0,HOWIE,Ella,WAGS,01/01/0001,,1,0,0,0,0,E8,0,,,,,,,,,,,,
287,0575c463-57fc-40ae-613e-c7c1010b21db,Tumbling Trial 2025,Counties Manukau Gymnastics,TUM,FIG 15-16 Years Female,Qualification2,1,,3,TRUE,3,0,0,99,0,,1,0,HOWIE,Ella,WAGS,01/01/0001,,1,0,0,0,0,E∑,0,0,0,0,0,0,0,0,0,0,0,0,0
288,0575c463-57fc-40ae-613e-c7c1010b21db,Tumbling Trial 2025,Counties Manukau Gymnastics,TUM,FIG 15-16 Years Female,Qualification2,1,,3,TRUE,3,0,0,99,0,,1,0,HOWIE,Ella,WAGS,01/01/0001,,1,0,0,0,0,T,0,,,,,,,,,,,,
289,0575c463-57fc-40ae-613e-c7c1010b21db,Tumbling Trial 2025,Counties Manukau Gymnastics,TUM,FIG 15-16 Years Female,Qualification2,1,,3,TRUE,3,0,0,99,0,,1,0,HOWIE,Ella,WAGS,01/01/0001,,1,0,0,0,0,D,0,0,,,,,,,,,,,
290,0575c463-57fc-40ae-613e-c7c1010b21db,Tumbling Trial 2025,Counties Manukau Gymnastics,TUM,FIG 15-16 Years Female,Qualification2,1,,3,TRUE,3,0,0,99,0,,1,0,HOWIE,Ella,WAGS,01/01/0001,,1,0,0,0,0,H,0,0,0,,,,,,,,,,
291,0575c463-57fc-40ae-613e-c7c1010b21db,Tumbling Trial 2025,Counties Manukau Gymnastics,TUM,FIG 15-16 Years Female,Qualification2,1,,3,TRUE,3,0,0,99,0,,1,0,HOWIE,Ella,WAGS,01/01/0001,,2,0,0,0,0,E1,0,,,,,,,,,,,,
292,0575c463-57fc-40ae-613e-c7c1010b21db,Tumbling Trial 2025,Counties Manukau Gymnastics,TUM,FIG 15-16 Years Female,Qualification2,1,,3,TRUE,3,0,0,99,0,,1,0,HOWIE,Ella,WAGS,01/01/0001,,2,0,0,0,0,E2,0,,,,,,,,,,,,
293,0575c463-57fc-40ae-613e-c7c1010b21db,Tumbling Trial 2025,Counties Manukau Gymnastics,TUM,FIG 15-16 Years Female,Qualification2,1,,3,TRUE,3,0,0,99,0,,1,0,HOWIE,Ella,WAGS,01/01/0001,,2,0,0,0,0,E3,0,,,,,,,,,,,,
294,0575c463-57fc-40ae-613e-c7c1010b21db,Tumbling Trial 2025,Counties Manukau Gymnastics,TUM,FIG 15-16 Years Female,Qualification2,1,,3,TRUE,3,0,0,99,0,,1,0,HOWIE,Ella,WAGS,01/01/0001,,2,0,0,0,0,E4,0,,,,,,,,,,,,
295,0575c463-57fc-40ae-613e-c7c1010b21db,Tumbling Trial 2025,Counties Manukau Gymnastics,TUM,FIG 15-16 Years Female,Qualification2,1,,3,TRUE,3,0,0,99,0,,1,0,HOWIE,Ella,WAGS,01/01/0001,,2,0,0,0,0,E5,0,,,,,,,,,,,,
296,0575c463-57fc-40ae-613e-c7c1010b21db,Tumbling Trial 2025,Counties Manukau Gymnastics,TUM,FIG 15-16 Years Female,Qualification2,1,,3,TRUE,3,0,0,99,0,,1,0,HOWIE,Ella,WAGS,01/01/0001,,2,0,0,0,0,E8,0,,,,,,,,,,,,
297,0575c463-57fc-40ae-613e-c7c1010b21db,Tumbling Trial 2025,Counties Manukau Gymnastics,TUM,FIG 15-16 Years Female,Qualification2,1,,3,TRUE,3,0,0,99,0,,1,0,HOWIE,Ella,WAGS,01/01/0001,,2,0,0,0,0,E∑,0,0,0,0,0,0,0,0,0,0,0,0,0
298,0575c463-57fc-40ae-613e-c7c1010b21db,Tumbling Trial 2025,Counties Manukau Gymnastics,TUM,FIG 15-16 Years Female,Qualification2,1,,3,TRUE,3,0,0,99,0,,1,0,HOWIE,Ella,WAGS,01/01/0001,,2,0,0,0,0,T,0,,,,,,,,,,,,
299,0575c463-57fc-40ae-613e-c7c1010b21db,Tumbling Trial 2025,Counties Manukau Gymnastics,TUM,FIG 15-16 Years Female,Qualification2,1,,3,TRUE,3,0,0,99,0,,1,0,HOWIE,Ella,WAGS,01/01/0001,,2,0,0,0,0,D,0,0,,,,,,,,,,,
300,0575c463-57fc-40ae-613e-c7c1010b21db,Tumbling Trial 2025,Counties Manukau Gymnastics,TUM,FIG 15-16 Years Female,Qualification2,1,,3,TRUE,3,0,0,99,0,,1,0,HOWIE,Ella,WAGS,01/01/0001,,2,0,0,0,0,H,0,0,0,,,,,,,,,,
301,0575c463-57fc-40ae-613e-c7c1010b21db,Tumbling Trial 2025,Counties Manukau Gymnastics,TUM,FIG 15-16 Years Female,Qualification2,1,,4,TRUE,3,0,0,99,0,,1,0,Lana,Pilon,WAGS,01/01/0001,,1,0,0,0,0,E1,0,,,,,,,,,,,,
302,0575c463-57fc-40ae-613e-c7c1010b21db,Tumbling Trial 2025,Counties Manukau Gymnastics,TUM,FIG 15-16 Years Female,Qualification2,1,,4,TRUE,3,0,0,99,0,,1,0,Lana,Pilon,WAGS,01/01/0001,,1,0,0,0,0,E2,0,,,,,,,,,,,,
303,0575c463-57fc-40ae-613e-c7c1010b21db,Tumbling Trial 2025,Counties Manukau Gymnastics,TUM,FIG 15-16 Years Female,Qualification2,1,,4,TRUE,3,0,0,99,0,,1,0,Lana,Pilon,WAGS,01/01/0001,,1,0,0,0,0,E3,0,,,,,,,,,,,,
304,0575c463-57fc-40ae-613e-c7c1010b21db,Tumbling Trial 2025,Counties Manukau Gymnastics,TUM,FIG 15-16 Years Female,Qualification2,1,,4,TRUE,3,0,0,99,0,,1,0,Lana,Pilon,WAGS,01/01/0001,,1,0,0,0,0,E4,0,,,,,,,,,,,,
305,0575c463-57fc-40ae-613e-c7c1010b21db,Tumbling Trial 2025,Counties Manukau Gymnastics,TUM,FIG 15-16 Years Female,Qualification2,1,,4,TRUE,3,0,0,99,0,,1,0,Lana,Pilon,WAGS,01/01/0001,,1,0,0,0,0,E5,0,,,,,,,,,,,,
306,0575c463-57fc-40ae-613e-c7c1010b21db,Tumbling Trial 2025,Counties Manukau Gymnastics,TUM,FIG 15-16 Years Female,Qualification2,1,,4,TRUE,3,0,0,99,0,,1,0,Lana,Pilon,WAGS,01/01/0001,,1,0,0,0,0,E8,0,,,,,,,,,,,,
307,0575c463-57fc-40ae-613e-c7c1010b21db,Tumbling Trial 2025,Counties Manukau Gymnastics,TUM,FIG 15-16 Years Female,Qualification2,1,,4,TRUE,3,0,0,99,0,,1,0,Lana,Pilon,WAGS,01/01/0001,,1,0,0,0,0,E∑,0,0,0,0,0,0,0,0,0,0,0,0,0
308,0575c463-57fc-40ae-613e-c7c1010b21db,Tumbling Trial 2025,Counties Manukau Gymnastics,TUM,FIG 15-16 Years Female,Qualification2,1,,4,TRUE,3,0,0,99,0,,1,0,Lana,Pilon,WAGS,01/01/0001,,1,0,0,0,0,T,0,,,,,,,,,,,,
309,0575c463-57fc-40ae-613e-c7c1010b21db,Tumbling Trial 2025,Counties Manukau Gymnastics,TUM,FIG 15-16 Years Female,Qualification2,1,,4,TRUE,3,0,0,99,0,,1,0,Lana,Pilon,WAGS,01/01/0001,,1,0,0,0,0,D,0,0,,,,,,,,,,,
310,0575c463-57fc-40ae-613e-c7c1010b21db,Tumbling Trial 2025,Counties Manukau Gymnastics,TUM,FIG 15-16 Years Female,Qualification2,1,,4,TRUE,3,0,0,99,0,,1,0,Lana,Pilon,WAGS,01/01/0001,,1,0,0,0,0,H,0,0,0,,,,,,,,,,
311,0575c463-57fc-40ae-613e-c7c1010b21db,Tumbling Trial 2025,Counties Manukau Gymnastics,TUM,FIG 15-16 Years Female,Qualification2,1,,4,TRUE,3,0,0,99,0,,1,0,Lana,Pilon,WAGS,01/01/0001,,2,0,0,0,0,E1,0,,,,,,,,,,,,
312,0575c463-57fc-40ae-613e-c7c1010b21db,Tumbling Trial 2025,Counties Manukau Gymnastics,TUM,FIG 15-16 Years Female,Qualification2,1,,4,TRUE,3,0,0,99,0,,1,0,Lana,Pilon,WAGS,01/01/0001,,2,0,0,0,0,E2,0,,,,,,,,,,,,
313,0575c463-57fc-40ae-613e-c7c1010b21db,Tumbling Trial 2025,Counties Manukau Gymnastics,TUM,FIG 15-16 Years Female,Qualification2,1,,4,TRUE,3,0,0,99,0,,1,0,Lana,Pilon,WAGS,01/01/0001,,2,0,0,0,0,E3,0,,,,,,,,,,,,
314,0575c463-57fc-40ae-613e-c7c1010b21db,Tumbling Trial 2025,Counties Manukau Gymnastics,TUM,FIG 15-16 Years Female,Qualification2,1,,4,TRUE,3,0,0,99,0,,1,0,Lana,Pilon,WAGS,01/01/0001,,2,0,0,0,0,E4,0,,,,,,,,,,,,
315,0575c463-57fc-40ae-613e-c7c1010b21db,Tumbling Trial 2025,Counties Manukau Gymnastics,TUM,FIG 15-16 Years Female,Qualification2,1,,4,TRUE,3,0,0,99,0,,1,0,Lana,Pilon,WAGS,01/01/0001,,2,0,0,0,0,E5,0,,,,,,,,,,,,
316,0575c463-57fc-40ae-613e-c7c1010b21db,Tumbling Trial 2025,Counties Manukau Gymnastics,TUM,FIG 15-16 Years Female,Qualification2,1,,4,TRUE,3,0,0,99,0,,1,0,Lana,Pilon,WAGS,01/01/0001,,2,0,0,0,0,E8,0,,,,,,,,,,,,
317,0575c463-57fc-40ae-613e-c7c1010b21db,Tumbling Trial 2025,Counties Manukau Gymnastics,TUM,FIG 15-16 Years Female,Qualification2,1,,4,TRUE,3,0,0,99,0,,1,0,Lana,Pilon,WAGS,01/01/0001,,2,0,0,0,0,E∑,0,0,0,0,0,0,0,0,0,0,0,0,0
318,0575c463-57fc-40ae-613e-c7c1010b21db,Tumbling Trial 2025,Counties Manukau Gymnastics,TUM,FIG 15-16 Years Female,Qualification2,1,,4,TRUE,3,0,0,99,0,,1,0,Lana,Pilon,WAGS,01/01/0001,,2,0,0,0,0,T,0,,,,,,,,,,,,
319,0575c463-57fc-40ae-613e-c7c1010b21db,Tumbling Trial 2025,Counties Manukau Gymnastics,TUM,FIG 15-16 Years Female,Qualification2,1,,4,TRUE,3,0,0,99,0,,1,0,Lana,Pilon,WAGS,01/01/0001,,2,0,0,0,0,D,0,0,,,,,,,,,,,
320,0575c463-57fc-40ae-613e-c7c1010b21db,Tumbling Trial 2025,Counties Manukau Gymnastics,TUM,FIG 15-16 Years Female,Qualification2,1,,4,TRUE,3,0,0,99,0,,1,0,Lana,Pilon,WAGS,01/01/0001,,2,0,0,0,0,H,0,0,0,,,,,,,,,,
321,0575c463-57fc-40ae-613e-c7c1010b21db,Tumbling Trial 2025,Counties Manukau Gymnastics,TUM,FIG 15-16 Years Male,Qualification,1,,1,TRUE,1,34400,0,99,0,,1,0,Houghton,Boone,Capital,01/01/0001,,1,16700,7,0,0,E1,71,2,3,3,2,2,3,4,,,,,0
322,0575c463-57fc-40ae-613e-c7c1010b21db,Tumbling Trial 2025,Counties Manukau Gymnastics,TUM,FIG 15-16 Years Male,Qualification,1,,1,TRUE,1,34400,0,99,0,,1,0,Houghton,Boone,Capital,01/01/0001,,1,16700,7,0,0,E2,71,2,3,3,3,3,2,3,,,,,0
323,0575c463-57fc-40ae-613e-c7c1010b21db,Tumbling Trial 2025,Counties Manukau Gymnastics,TUM,FIG 15-16 Years Male,Qualification,1,,1,TRUE,1,34400,0,99,0,,1,0,Houghton,Boone,Capital,01/01/0001,,1,16700,7,0,0,E3,72,2,3,3,2,3,2,3,,,,,0
324,0575c463-57fc-40ae-613e-c7c1010b21db,Tumbling Trial 2025,Counties Manukau Gymnastics,TUM,FIG 15-16 Years Male,Qualification,1,,1,TRUE,1,34400,0,99,0,,1,0,Houghton,Boone,Capital,01/01/0001,,1,16700,7,0,0,E4,74,3,2,2,2,2,2,3,,,,,0
325,0575c463-57fc-40ae-613e-c7c1010b21db,Tumbling Trial 2025,Counties Manukau Gymnastics,TUM,FIG 15-16 Years Male,Qualification,1,,1,TRUE,1,34400,0,99,0,,1,0,Houghton,Boone,Capital,01/01/0001,,1,16700,7,0,0,E5,90,,,,,,,,,,,,
326,0575c463-57fc-40ae-613e-c7c1010b21db,Tumbling Trial 2025,Counties Manukau Gymnastics,TUM,FIG 15-16 Years Male,Qualification,1,,1,TRUE,1,34400,0,99,0,,1,0,Houghton,Boone,Capital,01/01/0001,,1,16700,7,0,0,E8,90,,,,,,,,,,,,
327,0575c463-57fc-40ae-613e-c7c1010b21db,Tumbling Trial 2025,Counties Manukau Gymnastics,TUM,FIG 15-16 Years Male,Qualification,1,,1,TRUE,1,34400,0,99,0,,1,0,Houghton,Boone,Capital,01/01/0001,,1,16700,7,0,0,E∑,145,4,6,6,4,5,4,6,0,0,0,0,0
328,0575c463-57fc-40ae-613e-c7c1010b21db,Tumbling Trial 2025,Counties Manukau Gymnastics,TUM,FIG 15-16 Years Male,Qualification,1,,1,TRUE,1,34400,0,99,0,,1,0,Houghton,Boone,Capital,01/01/0001,,1,16700,7,0,0,T,0,,,,,,,,,,,,
329,0575c463-57fc-40ae-613e-c7c1010b21db,Tumbling Trial 2025,Counties Manukau Gymnastics,TUM,FIG 15-16 Years Male,Qualification,1,,1,TRUE,1,34400,0,99,0,,1,0,Houghton,Boone,Capital,01/01/0001,,1,16700,7,0,0,D,22,0,,,,,,,,,,,
330,0575c463-57fc-40ae-613e-c7c1010b21db,Tumbling Trial 2025,Counties Manukau Gymnastics,TUM,FIG 15-16 Years Male,Qualification,1,,1,TRUE,1,34400,0,99,0,,1,0,Houghton,Boone,Capital,01/01/0001,,1,16700,7,0,0,H,0,0,0,,,,,,,,,,
331,0575c463-57fc-40ae-613e-c7c1010b21db,Tumbling Trial 2025,Counties Manukau Gymnastics,TUM,FIG 15-16 Years Male,Qualification,1,,1,TRUE,1,34400,0,99,0,,1,0,Houghton,Boone,Capital,01/01/0001,,2,17700,8,0,0,E1,81,2,2,2,2,2,1,2,4,,,2,0
332,0575c463-57fc-40ae-613e-c7c1010b21db,Tumbling Trial 2025,Counties Manukau Gymnastics,TUM,FIG 15-16 Years Male,Qualification,1,,1,TRUE,1,34400,0,99,0,,1,0,Houghton,Boone,Capital,01/01/0001,,2,17700,8,0,0,E2,80,2,2,2,3,2,2,2,3,,,2,0
333,0575c463-57fc-40ae-613e-c7c1010b21db,Tumbling Trial 2025,Counties Manukau Gymnastics,TUM,FIG 15-16 Years Male,Qualification,1,,1,TRUE,1,34400,0,99,0,,1,0,Houghton,Boone,Capital,01/01/0001,,2,17700,8,0,0,E3,77,2,2,2,2,3,3,3,4,,,2,0
334,0575c463-57fc-40ae-613e-c7c1010b21db,Tumbling Trial 2025,Counties Manukau Gymnastics,TUM,FIG 15-16 Years Male,Qualification,1,,1,TRUE,1,34400,0,99,0,,1,0,Houghton,Boone,Capital,01/01/0001,,2,17700,8,0,0,E4,74,3,3,2,2,3,3,3,4,,,3,0
335,0575c463-57fc-40ae-613e-c7c1010b21db,Tumbling Trial 2025,Counties Manukau Gymnastics,TUM,FIG 15-16 Years Male,Qualification,1,,1,TRUE,1,34400,0,99,0,,1,0,Houghton,Boone,Capital,01/01/0001,,2,17700,8,0,0,E5,100,,,,,,,,,,,,
336,0575c463-57fc-40ae-613e-c7c1010b21db,Tumbling Trial 2025,Counties Manukau Gymnastics,TUM,FIG 15-16 Years Male,Qualification,1,,1,TRUE,1,34400,0,99,0,,1,0,Houghton,Boone,Capital,01/01/0001,,2,17700,8,0,0,E8,100,,,,,,,,,,,,
337,0575c463-57fc-40ae-613e-c7c1010b21db,Tumbling Trial 2025,Counties Manukau Gymnastics,TUM,FIG 15-16 Years Male,Qualification,1,,1,TRUE,1,34400,0,99,0,,1,0,Houghton,Boone,Capital,01/01/0001,,2,17700,8,0,0,E∑,157,4,4,4,4,5,5,5,8,0,0,4,0
338,0575c463-57fc-40ae-613e-c7c1010b21db,Tumbling Trial 2025,Counties Manukau Gymnastics,TUM,FIG 15-16 Years Male,Qualification,1,,1,TRUE,1,34400,0,99,0,,1,0,Houghton,Boone,Capital,01/01/0001,,2,17700,8,0,0,T,0,,,,,,,,,,,,
339,0575c463-57fc-40ae-613e-c7c1010b21db,Tumbling Trial 2025,Counties Manukau Gymnastics,TUM,FIG 15-16 Years Male,Qualification,1,,1,TRUE,1,34400,0,99,0,,1,0,Houghton,Boone,Capital,01/01/0001,,2,17700,8,0,0,D,20,0,,,,,,,,,,,
340,0575c463-57fc-40ae-613e-c7c1010b21db,Tumbling Trial 2025,Counties Manukau Gymnastics,TUM,FIG 15-16 Years Male,Qualification,1,,1,TRUE,1,34400,0,99,0,,1,0,Houghton,Boone,Capital,01/01/0001,,2,17700,8,0,0,H,0,0,0,,,,,,,,,,
341,0575c463-57fc-40ae-613e-c7c1010b21db,Tumbling Trial 2025,Counties Manukau Gymnastics,TUM,FIG 15-16 Years Male,Qualification2,1,,1,TRUE,1,33700,0,99,0,,1,0,Houghton,Boone,Capital,01/01/0001,,1,17900,8,0,0,E1,76,2,3,3,2,2,3,3,3,,,3,0
342,0575c463-57fc-40ae-613e-c7c1010b21db,Tumbling Trial 2025,Counties Manukau Gymnastics,TUM,FIG 15-16 Years Male,Qualification2,1,,1,TRUE,1,33700,0,99,0,,1,0,Houghton,Boone,Capital,01/01/0001,,1,17900,8,0,0,E2,78,2,2,3,2,2,2,3,3,,,3,0
343,0575c463-57fc-40ae-613e-c7c1010b21db,Tumbling Trial 2025,Counties Manukau Gymnastics,TUM,FIG 15-16 Years Male,Qualification2,1,,1,TRUE,1,33700,0,99,0,,1,0,Houghton,Boone,Capital,01/01/0001,,1,17900,8,0,0,E3,75,2,3,2,2,3,3,3,4,,,3,0
344,0575c463-57fc-40ae-613e-c7c1010b21db,Tumbling Trial 2025,Counties Manukau Gymnastics,TUM,FIG 15-16 Years Male,Qualification2,1,,1,TRUE,1,33700,0,99,0,,1,0,Houghton,Boone,Capital,01/01/0001,,1,17900,8,0,0,E4,74,3,2,3,3,2,3,3,4,,,3,0
345,0575c463-57fc-40ae-613e-c7c1010b21db,Tumbling Trial 2025,Counties Manukau Gymnastics,TUM,FIG 15-16 Years Male,Qualification2,1,,1,TRUE,1,33700,0,99,0,,1,0,Houghton,Boone,Capital,01/01/0001,,1,17900,8,0,0,E5,100,,,,,,,,,,,,
346,0575c463-57fc-40ae-613e-c7c1010b21db,Tumbling Trial 2025,Counties Manukau Gymnastics,TUM,FIG 15-16 Years Male,Qualification2,1,,1,TRUE,1,33700,0,99,0,,1,0,Houghton,Boone,Capital,01/01/0001,,1,17900,8,0,0,E8,100,,,,,,,,,,,,
347,0575c463-57fc-40ae-613e-c7c1010b21db,Tumbling Trial 2025,Counties Manukau Gymnastics,TUM,FIG 15-16 Years Male,Qualification2,1,,1,TRUE,1,33700,0,99,0,,1,0,Houghton,Boone,Capital,01/01/0001,,1,17900,8,0,0,E∑,152,4,5,6,4,4,6,6,7,0,0,6,0
348,0575c463-57fc-40ae-613e-c7c1010b21db,Tumbling Trial 2025,Counties Manukau Gymnastics,TUM,FIG 15-16 Years Male,Qualification2,1,,1,TRUE,1,33700,0,99,0,,1,0,Houghton,Boone,Capital,01/01/0001,,1,17900,8,0,0,T,0,,,,,,,,,,,,
349,0575c463-57fc-40ae-613e-c7c1010b21db,Tumbling Trial 2025,Counties Manukau Gymnastics,TUM,FIG 15-16 Years Male,Qualification2,1,,1,TRUE,1,33700,0,99,0,,1,0,Houghton,Boone,Capital,01/01/0001,,1,17900,8,0,0,D,27,0,,,,,,,,,,,
350,0575c463-57fc-40ae-613e-c7c1010b21db,Tumbling Trial 2025,Counties Manukau Gymnastics,TUM,FIG 15-16 Years Male,Qualification2,1,,1,TRUE,1,33700,0,99,0,,1,0,Houghton,Boone,Capital,01/01/0001,,1,17900,8,0,0,H,0,0,0,,,,,,,,,,
351,0575c463-57fc-40ae-613e-c7c1010b21db,Tumbling Trial 2025,Counties Manukau Gymnastics,TUM,FIG 15-16 Years Male,Qualification2,1,,1,TRUE,1,33700,0,99,0,,1,0,Houghton,Boone,Capital,01/01/0001,,2,15800,7,0,0,E1,66,2,3,3,4,4,4,4,,,,,0
352,0575c463-57fc-40ae-613e-c7c1010b21db,Tumbling Trial 2025,Counties Manukau Gymnastics,TUM,FIG 15-16 Years Male,Qualification2,1,,1,TRUE,1,33700,0,99,0,,1,0,Houghton,Boone,Capital,01/01/0001,,2,15800,7,0,0,E2,68,2,3,3,3,3,4,4,,,,,0
353,0575c463-57fc-40ae-613e-c7c1010b21db,Tumbling Trial 2025,Counties Manukau Gymnastics,TUM,FIG 15-16 Years Male,Qualification2,1,,1,TRUE,1,33700,0,99,0,,1,0,Houghton,Boone,Capital,01/01/0001,,2,15800,7,0,0,E3,68,2,3,3,3,3,4,4,,,,,0
354,0575c463-57fc-40ae-613e-c7c1010b21db,Tumbling Trial 2025,Counties Manukau Gymnastics,TUM,FIG 15-16 Years Male,Qualification2,1,,1,TRUE,1,33700,0,99,0,,1,0,Houghton,Boone,Capital,01/01/0001,,2,15800,7,0,0,E4,66,3,2,2,4,4,4,5,,,,,0
355,0575c463-57fc-40ae-613e-c7c1010b21db,Tumbling Trial 2025,Counties Manukau Gymnastics,TUM,FIG 15-16 Years Male,Qualification2,1,,1,TRUE,1,33700,0,99,0,,1,0,Houghton,Boone,Capital,01/01/0001,,2,15800,7,0,0,E5,90,,,,,,,,,,,,
356,0575c463-57fc-40ae-613e-c7c1010b21db,Tumbling Trial 2025,Counties Manukau Gymnastics,TUM,FIG 15-16 Years Male,Qualification2,1,,1,TRUE,1,33700,0,99,0,,1,0,Houghton,Boone,Capital,01/01/0001,,2,15800,7,0,0,E8,90,,,,,,,,,,,,
357,0575c463-57fc-40ae-613e-c7c1010b21db,Tumbling Trial 2025,Counties Manukau Gymnastics,TUM,FIG 15-16 Years Male,Qualification2,1,,1,TRUE,1,33700,0,99,0,,1,0,Houghton,Boone,Capital,01/01/0001,,2,15800,7,0,0,E∑,134,4,6,6,7,7,8,8,0,0,0,0,0
358,0575c463-57fc-40ae-613e-c7c1010b21db,Tumbling Trial 2025,Counties Manukau Gymnastics,TUM,FIG 15-16 Years Male,Qualification2,1,,1,TRUE,1,33700,0,99,0,,1,0,Houghton,Boone,Capital,01/01/0001,,2,15800,7,0,0,T,0,,,,,,,,,,,,
359,0575c463-57fc-40ae-613e-c7c1010b21db,Tumbling Trial 2025,Counties Manukau Gymnastics,TUM,FIG 15-16 Years Male,Qualification2,1,,1,TRUE,1,33700,0,99,0,,1,0,Houghton,Boone,Capital,01/01/0001,,2,15800,7,0,0,D,24,0,,,,,,,,,,,
360,0575c463-57fc-40ae-613e-c7c1010b21db,Tumbling Trial 2025,Counties Manukau Gymnastics,TUM,FIG 15-16 Years Male,Qualification2,1,,1,TRUE,1,33700,0,99,0,,1,0,Houghton,Boone,Capital,01/01/0001,,2,15800,7,0,0,H,0,0,0,,,,,,,,,,
361,0575c463-57fc-40ae-613e-c7c1010b21db,Tumbling Trial 2025,Counties Manukau Gymnastics,TUM,FIG 17-21 Years Female,Qualification,1,,1,TRUE,2,37300,0,99,0,,1,0,Drabble,Maia,Mid Island Gym Sports,01/01/0001,,1,18700,8,0,0,E1,83,1,1,1,2,2,2,2,3,,,3,0
362,0575c463-57fc-40ae-613e-c7c1010b21db,Tumbling Trial 2025,Counties Manukau Gymnastics,TUM,FIG 17-21 Years Female,Qualification,1,,1,TRUE,2,37300,0,99,0,,1,0,Drabble,Maia,Mid Island Gym Sports,01/01/0001,,1,18700,8,0,0,E2,80,1,2,3,2,2,2,2,3,,,3,0
363,0575c463-57fc-40ae-613e-c7c1010b21db,Tumbling Trial 2025,Counties Manukau Gymnastics,TUM,FIG 17-21 Years Female,Qualification,1,,1,TRUE,2,37300,0,99,0,,1,0,Drabble,Maia,Mid Island Gym Sports,01/01/0001,,1,18700,8,0,0,E3,79,1,2,2,2,3,2,3,3,,,3,0
364,0575c463-57fc-40ae-613e-c7c1010b21db,Tumbling Trial 2025,Counties Manukau Gymnastics,TUM,FIG 17-21 Years Female,Qualification,1,,1,TRUE,2,37300,0,99,0,,1,0,Drabble,Maia,Mid Island Gym Sports,01/01/0001,,1,18700,8,0,0,E4,82,1,2,2,2,2,2,1,3,,,3,0
365,0575c463-57fc-40ae-613e-c7c1010b21db,Tumbling Trial 2025,Counties Manukau Gymnastics,TUM,FIG 17-21 Years Female,Qualification,1,,1,TRUE,2,37300,0,99,0,,1,0,Drabble,Maia,Mid Island Gym Sports,01/01/0001,,1,18700,8,0,0,E5,100,,,,,,,,,,,,
366,0575c463-57fc-40ae-613e-c7c1010b21db,Tumbling Trial 2025,Counties Manukau Gymnastics,TUM,FIG 17-21 Years Female,Qualification,1,,1,TRUE,2,37300,0,99,0,,1,0,Drabble,Maia,Mid Island Gym Sports,01/01/0001,,1,18700,8,0,0,E8,100,,,,,,,,,,,,
367,0575c463-57fc-40ae-613e-c7c1010b21db,Tumbling Trial 2025,Counties Manukau Gymnastics,TUM,FIG 17-21 Years Female,Qualification,1,,1,TRUE,2,37300,0,99,0,,1,0,Drabble,Maia,Mid Island Gym Sports,01/01/0001,,1,18700,8,0,0,E∑,162,2,4,4,4,4,4,4,6,0,0,6,0
368,0575c463-57fc-40ae-613e-c7c1010b21db,Tumbling Trial 2025,Counties Manukau Gymnastics,TUM,FIG 17-21 Years Female,Qualification,1,,1,TRUE,2,37300,0,99,0,,1,0,Drabble,Maia,Mid Island Gym Sports,01/01/0001,,1,18700,8,0,0,T,0,,,,,,,,,,,,
369,0575c463-57fc-40ae-613e-c7c1010b21db,Tumbling Trial 2025,Counties Manukau Gymnastics,TUM,FIG 17-21 Years Female,Qualification,1,,1,TRUE,2,37300,0,99,0,,1,0,Drabble,Maia,Mid Island Gym Sports,01/01/0001,,1,18700,8,0,0,D,25,0,,,,,,,,,,,
370,0575c463-57fc-40ae-613e-c7c1010b21db,Tumbling Trial 2025,Counties Manukau Gymnastics,TUM,FIG 17-21 Years Female,Qualification,1,,1,TRUE,2,37300,0,99,0,,1,0,Drabble,Maia,Mid Island Gym Sports,01/01/0001,,1,18700,8,0,0,H,0,0,0,,,,,,,,,,
371,0575c463-57fc-40ae-613e-c7c1010b21db,Tumbling Trial 2025,Counties Manukau Gymnastics,TUM,FIG 17-21 Years Female,Qualification,1,,1,TRUE,2,37300,0,99,0,,1,0,Drabble,Maia,Mid Island Gym Sports,01/01/0001,,2,18600,8,0,2,E1,75,1,1,1,2,2,2,2,4,,,0,10
372,0575c463-57fc-40ae-613e-c7c1010b21db,Tumbling Trial 2025,Counties Manukau Gymnastics,TUM,FIG 17-21 Years Female,Qualification,1,,1,TRUE,2,37300,0,99,0,,1,0,Drabble,Maia,Mid Island Gym Sports,01/01/0001,,2,18600,8,0,2,E2,73,1,2,2,2,2,2,2,4,,,0,10
373,0575c463-57fc-40ae-613e-c7c1010b21db,Tumbling Trial 2025,Counties Manukau Gymnastics,TUM,FIG 17-21 Years Female,Qualification,1,,1,TRUE,2,37300,0,99,0,,1,0,Drabble,Maia,Mid Island Gym Sports,01/01/0001,,2,18600,8,0,2,E3,72,1,2,2,2,2,2,3,4,,,0,10
374,0575c463-57fc-40ae-613e-c7c1010b21db,Tumbling Trial 2025,Counties Manukau Gymnastics,TUM,FIG 17-21 Years Female,Qualification,1,,1,TRUE,2,37300,0,99,0,,1,0,Drabble,Maia,Mid Island Gym Sports,01/01/0001,,2,18600,8,0,2,E4,72,1,2,2,2,2,3,2,4,,,10,0
375,0575c463-57fc-40ae-613e-c7c1010b21db,Tumbling Trial 2025,Counties Manukau Gymnastics,TUM,FIG 17-21 Years Female,Qualification,1,,1,TRUE,2,37300,0,99,0,,1,0,Drabble,Maia,Mid Island Gym Sports,01/01/0001,,2,18600,8,0,2,E5,100,,,,,,,,,,,,
376,0575c463-57fc-40ae-613e-c7c1010b21db,Tumbling Trial 2025,Counties Manukau Gymnastics,TUM,FIG 17-21 Years Female,Qualification,1,,1,TRUE,2,37300,0,99,0,,1,0,Drabble,Maia,Mid Island Gym Sports,01/01/0001,,2,18600,8,0,2,E8,100,,,,,,,,,,,,
377,0575c463-57fc-40ae-613e-c7c1010b21db,Tumbling Trial 2025,Counties Manukau Gymnastics,TUM,FIG 17-21 Years Female,Qualification,1,,1,TRUE,2,37300,0,99,0,,1,0,Drabble,Maia,Mid Island Gym Sports,01/01/0001,,2,18600,8,0,2,E∑,146,2,4,4,4,4,4,4,8,0,0,0,20
378,0575c463-57fc-40ae-613e-c7c1010b21db,Tumbling Trial 2025,Counties Manukau Gymnastics,TUM,FIG 17-21 Years Female,Qualification,1,,1,TRUE,2,37300,0,99,0,,1,0,Drabble,Maia,Mid Island Gym Sports,01/01/0001,,2,18600,8,0,2,T,0,,,,,,,,,,,,
379,0575c463-57fc-40ae-613e-c7c1010b21db,Tumbling Trial 2025,Counties Manukau Gymnastics,TUM,FIG 17-21 Years Female,Qualification,1,,1,TRUE,2,37300,0,99,0,,1,0,Drabble,Maia,Mid Island Gym Sports,01/01/0001,,2,18600,8,0,2,D,42,0,,,,,,,,,,,
380,0575c463-57fc-40ae-613e-c7c1010b21db,Tumbling Trial 2025,Counties Manukau Gymnastics,TUM,FIG 17-21 Years Female,Qualification,1,,1,TRUE,2,37300,0,99,0,,1,0,Drabble,Maia,Mid Island Gym Sports,01/01/0001,,2,18600,8,0,2,H,0,0,0,,,,,,,,,,
381,0575c463-57fc-40ae-613e-c7c1010b21db,Tumbling Trial 2025,Counties Manukau Gymnastics,TUM,FIG 17-21 Years Female,Qualification,1,,2,TRUE,3,28300,0,99,0,,1,0,Ogden,Danielle,NHG,01/01/0001,,1,13300,5,0,0,E1,58,2,1,2,3,4,,,,,,,0
382,0575c463-57fc-40ae-613e-c7c1010b21db,Tumbling Trial 2025,Counties Manukau Gymnastics,TUM,FIG 17-21 Years Female,Qualification,1,,2,TRUE,3,28300,0,99,0,,1,0,Ogden,Danielle,NHG,01/01/0001,,1,13300,5,0,0,E2,58,1,2,3,3,3,,,,,,,0
383,0575c463-57fc-40ae-613e-c7c1010b21db,Tumbling Trial 2025,Counties Manukau Gymnastics,TUM,FIG 17-21 Years Female,Qualification,1,,2,TRUE,3,28300,0,99,0,,1,0,Ogden,Danielle,NHG,01/01/0001,,1,13300,5,0,0,E3,58,1,2,2,3,4,,,,,,,0
384,0575c463-57fc-40ae-613e-c7c1010b21db,Tumbling Trial 2025,Counties Manukau Gymnastics,TUM,FIG 17-21 Years Female,Qualification,1,,2,TRUE,3,28300,0,99,0,,1,0,Ogden,Danielle,NHG,01/01/0001,,1,13300,5,0,0,E4,58,1,1,2,4,4,,,,,,,0
385,0575c463-57fc-40ae-613e-c7c1010b21db,Tumbling Trial 2025,Counties Manukau Gymnastics,TUM,FIG 17-21 Years Female,Qualification,1,,2,TRUE,3,28300,0,99,0,,1,0,Ogden,Danielle,NHG,01/01/0001,,1,13300,5,0,0,E5,70,,,,,,,,,,,,
386,0575c463-57fc-40ae-613e-c7c1010b21db,Tumbling Trial 2025,Counties Manukau Gymnastics,TUM,FIG 17-21 Years Female,Qualification,1,,2,TRUE,3,28300,0,99,0,,1,0,Ogden,Danielle,NHG,01/01/0001,,1,13300,5,0,0,E8,70,,,,,,,,,,,,
387,0575c463-57fc-40ae-613e-c7c1010b21db,Tumbling Trial 2025,Counties Manukau Gymnastics,TUM,FIG 17-21 Years Female,Qualification,1,,2,TRUE,3,28300,0,99,0,,1,0,Ogden,Danielle,NHG,01/01/0001,,1,13300,5,0,0,E∑,117,2,3,4,6,8,0,0,0,0,0,0,0
388,0575c463-57fc-40ae-613e-c7c1010b21db,Tumbling Trial 2025,Counties Manukau Gymnastics,TUM,FIG 17-21 Years Female,Qualification,1,,2,TRUE,3,28300,0,99,0,,1,0,Ogden,Danielle,NHG,01/01/0001,,1,13300,5,0,0,T,0,,,,,,,,,,,,
389,0575c463-57fc-40ae-613e-c7c1010b21db,Tumbling Trial 2025,Counties Manukau Gymnastics,TUM,FIG 17-21 Years Female,Qualification,1,,2,TRUE,3,28300,0,99,0,,1,0,Ogden,Danielle,NHG,01/01/0001,,1,13300,5,0,0,D,16,0,,,,,,,,,,,
390,0575c463-57fc-40ae-613e-c7c1010b21db,Tumbling Trial 2025,Counties Manukau Gymnastics,TUM,FIG 17-21 Years Female,Qualification,1,,2,TRUE,3,28300,0,99,0,,1,0,Ogden,Danielle,NHG,01/01/0001,,1,13300,5,0,0,H,0,0,0,,,,,,,,,,
391,0575c463-57fc-40ae-613e-c7c1010b21db,Tumbling Trial 2025,Counties Manukau Gymnastics,TUM,FIG 17-21 Years Female,Qualification,1,,2,TRUE,3,28300,0,99,0,,1,0,Ogden,Danielle,NHG,01/01/0001,,2,15000,8,0,4,E1,64,1,3,3,3,4,4,4,4,,,0,10
392,0575c463-57fc-40ae-613e-c7c1010b21db,Tumbling Trial 2025,Counties Manukau Gymnastics,TUM,FIG 17-21 Years Female,Qualification,1,,2,TRUE,3,28300,0,99,0,,1,0,Ogden,Danielle,NHG,01/01/0001,,2,15000,8,0,4,E2,66,1,3,3,4,3,3,3,4,,,0,10
393,0575c463-57fc-40ae-613e-c7c1010b21db,Tumbling Trial 2025,Counties Manukau Gymnastics,TUM,FIG 17-21 Years Female,Qualification,1,,2,TRUE,3,28300,0,99,0,,1,0,Ogden,Danielle,NHG,01/01/0001,,2,15000,8,0,4,E3,65,1,2,2,4,3,4,4,5,,,0,10
394,0575c463-57fc-40ae-613e-c7c1010b21db,Tumbling Trial 2025,Counties Manukau Gymnastics,TUM,FIG 17-21 Years Female,Qualification,1,,2,TRUE,3,28300,0,99,0,,1,0,Ogden,Danielle,NHG,01/01/0001,,2,15000,8,0,4,E4,67,1,1,2,3,4,4,4,4,,,0,10
395,0575c463-57fc-40ae-613e-c7c1010b21db,Tumbling Trial 2025,Counties Manukau Gymnastics,TUM,FIG 17-21 Years Female,Qualification,1,,2,TRUE,3,28300,0,99,0,,1,0,Ogden,Danielle,NHG,01/01/0001,,2,15000,8,0,4,E5,100,,,,,,,,,,,,
396,0575c463-57fc-40ae-613e-c7c1010b21db,Tumbling Trial 2025,Counties Manukau Gymnastics,TUM,FIG 17-21 Years Female,Qualification,1,,2,TRUE,3,28300,0,99,0,,1,0,Ogden,Danielle,NHG,01/01/0001,,2,15000,8,0,4,E8,100,,,,,,,,,,,,
397,0575c463-57fc-40ae-613e-c7c1010b21db,Tumbling Trial 2025,Counties Manukau Gymnastics,TUM,FIG 17-21 Years Female,Qualification,1,,2,TRUE,3,28300,0,99,0,,1,0,Ogden,Danielle,NHG,01/01/0001,,2,15000,8,0,4,E∑,130,2,5,5,7,7,8,8,8,0,0,0,20
398,0575c463-57fc-40ae-613e-c7c1010b21db,Tumbling Trial 2025,Counties Manukau Gymnastics,TUM,FIG 17-21 Years Female,Qualification,1,,2,TRUE,3,28300,0,99,0,,1,0,Ogden,Danielle,NHG,01/01/0001,,2,15000,8,0,4,T,0,,,,,,,,,,,,
399,0575c463-57fc-40ae-613e-c7c1010b21db,Tumbling Trial 2025,Counties Manukau Gymnastics,TUM,FIG 17-21 Years Female,Qualification,1,,2,TRUE,3,28300,0,99,0,,1,0,Ogden,Danielle,NHG,01/01/0001,,2,15000,8,0,4,D,24,0,,,,,,,,,,,
400,0575c463-57fc-40ae-613e-c7c1010b21db,Tumbling Trial 2025,Counties Manukau Gymnastics,TUM,FIG 17-21 Years Female,Qualification,1,,2,TRUE,3,28300,0,99,0,,1,0,Ogden,Danielle,NHG,01/01/0001,,2,15000,8,0,4,H,0,0,0,,,,,,,,,,
401,0575c463-57fc-40ae-613e-c7c1010b21db,Tumbling Trial 2025,Counties Manukau Gymnastics,TUM,FIG 17-21 Years Female,Qualification,1,,3,TRUE,1,39500,0,99,0,,1,0,KALHKOVEN,Jessica,WAGS,01/01/0001,,1,19900,8,0,0,E1,82,1,2,2,2,2,2,3,2,,,2,0
402,0575c463-57fc-40ae-613e-c7c1010b21db,Tumbling Trial 2025,Counties Manukau Gymnastics,TUM,FIG 17-21 Years Female,Qualification,1,,3,TRUE,1,39500,0,99,0,,1,0,KALHKOVEN,Jessica,WAGS,01/01/0001,,1,19900,8,0,0,E2,82,1,2,2,2,2,2,3,2,,,2,0
403,0575c463-57fc-40ae-613e-c7c1010b21db,Tumbling Trial 2025,Counties Manukau Gymnastics,TUM,FIG 17-21 Years Female,Qualification,1,,3,TRUE,1,39500,0,99,0,,1,0,KALHKOVEN,Jessica,WAGS,01/01/0001,,1,19900,8,0,0,E3,76,1,3,3,4,3,3,3,3,,,1,0
404,0575c463-57fc-40ae-613e-c7c1010b21db,Tumbling Trial 2025,Counties Manukau Gymnastics,TUM,FIG 17-21 Years Female,Qualification,1,,3,TRUE,1,39500,0,99,0,,1,0,KALHKOVEN,Jessica,WAGS,01/01/0001,,1,19900,8,0,0,E4,84,1,3,2,2,1,1,1,3,,,2,0
405,0575c463-57fc-40ae-613e-c7c1010b21db,Tumbling Trial 2025,Counties Manukau Gymnastics,TUM,FIG 17-21 Years Female,Qualification,1,,3,TRUE,1,39500,0,99,0,,1,0,KALHKOVEN,Jessica,WAGS,01/01/0001,,1,19900,8,0,0,E5,100,,,,,,,,,,,,
406,0575c463-57fc-40ae-613e-c7c1010b21db,Tumbling Trial 2025,Counties Manukau Gymnastics,TUM,FIG 17-21 Years Female,Qualification,1,,3,TRUE,1,39500,0,99,0,,1,0,KALHKOVEN,Jessica,WAGS,01/01/0001,,1,19900,8,0,0,E8,100,,,,,,,,,,,,
407,0575c463-57fc-40ae-613e-c7c1010b21db,Tumbling Trial 2025,Counties Manukau Gymnastics,TUM,FIG 17-21 Years Female,Qualification,1,,3,TRUE,1,39500,0,99,0,,1,0,KALHKOVEN,Jessica,WAGS,01/01/0001,,1,19900,8,0,0,E∑,162,2,5,4,4,4,4,6,5,0,0,4,0
408,0575c463-57fc-40ae-613e-c7c1010b21db,Tumbling Trial 2025,Counties Manukau Gymnastics,TUM,FIG 17-21 Years Female,Qualification,1,,3,TRUE,1,39500,0,99,0,,1,0,KALHKOVEN,Jessica,WAGS,01/01/0001,,1,19900,8,0,0,T,0,,,,,,,,,,,,
409,0575c463-57fc-40ae-613e-c7c1010b21db,Tumbling Trial 2025,Counties Manukau Gymnastics,TUM,FIG 17-21 Years Female,Qualification,1,,3,TRUE,1,39500,0,99,0,,1,0,KALHKOVEN,Jessica,WAGS,01/01/0001,,1,19900,8,0,0,D,37,0,,,,,,,,,,,
410,0575c463-57fc-40ae-613e-c7c1010b21db,Tumbling Trial 2025,Counties Manukau Gymnastics,TUM,FIG 17-21 Years Female,Qualification,1,,3,TRUE,1,39500,0,99,0,,1,0,KALHKOVEN,Jessica,WAGS,01/01/0001,,1,19900,8,0,0,H,0,0,0,,,,,,,,,,
411,0575c463-57fc-40ae-613e-c7c1010b21db,Tumbling Trial 2025,Counties Manukau Gymnastics,TUM,FIG 17-21 Years Female,Qualification,1,,3,TRUE,1,39500,0,99,0,,1,0,KALHKOVEN,Jessica,WAGS,01/01/0001,,2,19600,8,0,0,E1,88,1,1,1,1,2,2,2,2,,,0,0
412,0575c463-57fc-40ae-613e-c7c1010b21db,Tumbling Trial 2025,Counties Manukau Gymnastics,TUM,FIG 17-21 Years Female,Qualification,1,,3,TRUE,1,39500,0,99,0,,1,0,KALHKOVEN,Jessica,WAGS,01/01/0001,,2,19600,8,0,0,E2,84,1,2,2,3,2,2,2,2,,,0,0
413,0575c463-57fc-40ae-613e-c7c1010b21db,Tumbling Trial 2025,Counties Manukau Gymnastics,TUM,FIG 17-21 Years Female,Qualification,1,,3,TRUE,1,39500,0,99,0,,1,0,KALHKOVEN,Jessica,WAGS,01/01/0001,,2,19600,8,0,0,E3,87,1,1,1,2,2,2,2,2,,,0,0
414,0575c463-57fc-40ae-613e-c7c1010b21db,Tumbling Trial 2025,Counties Manukau Gymnastics,TUM,FIG 17-21 Years Female,Qualification,1,,3,TRUE,1,39500,0,99,0,,1,0,KALHKOVEN,Jessica,WAGS,01/01/0001,,2,19600,8,0,0,E4,90,1,1,1,1,2,2,1,1,,,0,0
415,0575c463-57fc-40ae-613e-c7c1010b21db,Tumbling Trial 2025,Counties Manukau Gymnastics,TUM,FIG 17-21 Years Female,Qualification,1,,3,TRUE,1,39500,0,99,0,,1,0,KALHKOVEN,Jessica,WAGS,01/01/0001,,2,19600,8,0,0,E5,100,,,,,,,,,,,,
416,0575c463-57fc-40ae-613e-c7c1010b21db,Tumbling Trial 2025,Counties Manukau Gymnastics,TUM,FIG 17-21 Years Female,Qualification,1,,3,TRUE,1,39500,0,99,0,,1,0,KALHKOVEN,Jessica,WAGS,01/01/0001,,2,19600,8,0,0,E8,100,,,,,,,,,,,,
417,0575c463-57fc-40ae-613e-c7c1010b21db,Tumbling Trial 2025,Counties Manukau Gymnastics,TUM,FIG 17-21 Years Female,Qualification,1,,3,TRUE,1,39500,0,99,0,,1,0,KALHKOVEN,Jessica,WAGS,01/01/0001,,2,19600,8,0,0,E∑,175,2,2,2,3,4,4,4,4,0,0,0,0
418,0575c463-57fc-40ae-613e-c7c1010b21db,Tumbling Trial 2025,Counties Manukau Gymnastics,TUM,FIG 17-21 Years Female,Qualification,1,,3,TRUE,1,39500,0,99,0,,1,0,KALHKOVEN,Jessica,WAGS,01/01/0001,,2,19600,8,0,0,T,0,,,,,,,,,,,,
419,0575c463-57fc-40ae-613e-c7c1010b21db,Tumbling Trial 2025,Counties Manukau Gymnastics,TUM,FIG 17-21 Years Female,Qualification,1,,3,TRUE,1,39500,0,99,0,,1,0,KALHKOVEN,Jessica,WAGS,01/01/0001,,2,19600,8,0,0,D,21,0,,,,,,,,,,,
420,0575c463-57fc-40ae-613e-c7c1010b21db,Tumbling Trial 2025,Counties Manukau Gymnastics,TUM,FIG 17-21 Years Female,Qualification,1,,3,TRUE,1,39500,0,99,0,,1,0,KALHKOVEN,Jessica,WAGS,01/01/0001,,2,19600,8,0,0,H,0,0,0,,,,,,,,,,
421,0575c463-57fc-40ae-613e-c7c1010b21db,Tumbling Trial 2025,Counties Manukau Gymnastics,TUM,FIG 17-21 Years Female,Qualification,1,,4,TRUE,4,0,0,99,0,,1,0,Renee,Pilon,WAGS,01/01/0001,,1,0,0,0,0,E1,0,,,,,,,,,,,,
422,0575c463-57fc-40ae-613e-c7c1010b21db,Tumbling Trial 2025,Counties Manukau Gymnastics,TUM,FIG 17-21 Years Female,Qualification,1,,4,TRUE,4,0,0,99,0,,1,0,Renee,Pilon,WAGS,01/01/0001,,1,0,0,0,0,E2,0,,,,,,,,,,,,
423,0575c463-57fc-40ae-613e-c7c1010b21db,Tumbling Trial 2025,Counties Manukau Gymnastics,TUM,FIG 17-21 Years Female,Qualification,1,,4,TRUE,4,0,0,99,0,,1,0,Renee,Pilon,WAGS,01/01/0001,,1,0,0,0,0,E3,0,,,,,,,,,,,,
424,0575c463-57fc-40ae-613e-c7c1010b21db,Tumbling Trial 2025,Counties Manukau Gymnastics,TUM,FIG 17-21 Years Female,Qualification,1,,4,TRUE,4,0,0,99,0,,1,0,Renee,Pilon,WAGS,01/01/0001,,1,0,0,0,0,E4,0,,,,,,,,,,,,
425,0575c463-57fc-40ae-613e-c7c1010b21db,Tumbling Trial 2025,Counties Manukau Gymnastics,TUM,FIG 17-21 Years Female,Qualification,1,,4,TRUE,4,0,0,99,0,,1,0,Renee,Pilon,WAGS,01/01/0001,,1,0,0,0,0,E5,0,,,,,,,,,,,,
426,0575c463-57fc-40ae-613e-c7c1010b21db,Tumbling Trial 2025,Counties Manukau Gymnastics,TUM,FIG 17-21 Years Female,Qualification,1,,4,TRUE,4,0,0,99,0,,1,0,Renee,Pilon,WAGS,01/01/0001,,1,0,0,0,0,E8,0,,,,,,,,,,,,
427,0575c463-57fc-40ae-613e-c7c1010b21db,Tumbling Trial 2025,Counties Manukau Gymnastics,TUM,FIG 17-21 Years Female,Qualification,1,,4,TRUE,4,0,0,99,0,,1,0,Renee,Pilon,WAGS,01/01/0001,,1,0,0,0,0,E∑,0,0,0,0,0,0,0,0,0,0,0,0,0
428,0575c463-57fc-40ae-613e-c7c1010b21db,Tumbling Trial 2025,Counties Manukau Gymnastics,TUM,FIG 17-21 Years Female,Qualification,1,,4,TRUE,4,0,0,99,0,,1,0,Renee,Pilon,WAGS,01/01/0001,,1,0,0,0,0,T,0,,,,,,,,,,,,
429,0575c463-57fc-40ae-613e-c7c1010b21db,Tumbling Trial 2025,Counties Manukau Gymnastics,TUM,FIG 17-21 Years Female,Qualification,1,,4,TRUE,4,0,0,99,0,,1,0,Renee,Pilon,WAGS,01/01/0001,,1,0,0,0,0,D,0,0,,,,,,,,,,,
430,0575c463-57fc-40ae-613e-c7c1010b21db,Tumbling Trial 2025,Counties Manukau Gymnastics,TUM,FIG 17-21 Years Female,Qualification,1,,4,TRUE,4,0,0,99,0,,1,0,Renee,Pilon,WAGS,01/01/0001,,1,0,0,0,0,H,0,0,0,,,,,,,,,,
431,0575c463-57fc-40ae-613e-c7c1010b21db,Tumbling Trial 2025,Counties Manukau Gymnastics,TUM,FIG 17-21 Years Female,Qualification,1,,4,TRUE,4,0,0,99,0,,1,0,Renee,Pilon,WAGS,01/01/0001,,2,0,0,0,0,E1,0,,,,,,,,,,,,
432,0575c463-57fc-40ae-613e-c7c1010b21db,Tumbling Trial 2025,Counties Manukau Gymnastics,TUM,FIG 17-21 Years Female,Qualification,1,,4,TRUE,4,0,0,99,0,,1,0,Renee,Pilon,WAGS,01/01/0001,,2,0,0,0,0,E2,0,,,,,,,,,,,,
433,0575c463-57fc-40ae-613e-c7c1010b21db,Tumbling Trial 2025,Counties Manukau Gymnastics,TUM,FIG 17-21 Years Female,Qualification,1,,4,TRUE,4,0,0,99,0,,1,0,Renee,Pilon,WAGS,01/01/0001,,2,0,0,0,0,E3,0,,,,,,,,,,,,
434,0575c463-57fc-40ae-613e-c7c1010b21db,Tumbling Trial 2025,Counties Manukau Gymnastics,TUM,FIG 17-21 Years Female,Qualification,1,,4,TRUE,4,0,0,99,0,,1,0,Renee,Pilon,WAGS,01/01/0001,,2,0,0,0,0,E4,0,,,,,,,,,,,,
435,0575c463-57fc-40ae-613e-c7c1010b21db,Tumbling Trial 2025,Counties Manukau Gymnastics,TUM,FIG 17-21 Years Female,Qualification,1,,4,TRUE,4,0,0,99,0,,1,0,Renee,Pilon,WAGS,01/01/0001,,2,0,0,0,0,E5,0,,,,,,,,,,,,
436,0575c463-57fc-40ae-613e-c7c1010b21db,Tumbling Trial 2025,Counties Manukau Gymnastics,TUM,FIG 17-21 Years Female,Qualification,1,,4,TRUE,4,0,0,99,0,,1,0,Renee,Pilon,WAGS,01/01/0001,,2,0,0,0,0,E8,0,,,,,,,,,,,,
437,0575c463-57fc-40ae-613e-c7c1010b21db,Tumbling Trial 2025,Counties Manukau Gymnastics,TUM,FIG 17-21 Years Female,Qualification,1,,4,TRUE,4,0,0,99,0,,1,0,Renee,Pilon,WAGS,01/01/0001,,2,0,0,0,0,E∑,0,0,0,0,0,0,0,0,0,0,0,0,0
438,0575c463-57fc-40ae-613e-c7c1010b21db,Tumbling Trial 2025,Counties Manukau Gymnastics,TUM,FIG 17-21 Years Female,Qualification,1,,4,TRUE,4,0,0,99,0,,1,0,Renee,Pilon,WAGS,01/01/0001,,2,0,0,0,0,T,0,,,,,,,,,,,,
439,0575c463-57fc-40ae-613e-c7c1010b21db,Tumbling Trial 2025,Counties Manukau Gymnastics,TUM,FIG 17-21 Years Female,Qualification,1,,4,TRUE,4,0,0,99,0,,1,0,Renee,Pilon,WAGS,01/01/0001,,2,0,0,0,0,D,0,0,,,,,,,,,,,
440,0575c463-57fc-40ae-613e-c7c1010b21db,Tumbling Trial 2025,Counties Manukau Gymnastics,TUM,FIG 17-21 Years Female,Qualification,1,,4,TRUE,4,0,0,99,0,,1,0,Renee,Pilon,WAGS,01/01/0001,,2,0,0,0,0,H,0,0,0,,,,,,,,,,
441,0575c463-57fc-40ae-613e-c7c1010b21db,Tumbling Trial 2025,Counties Manukau Gymnastics,TUM,FIG 17-21 Years Female,Qualification2,1,,1,TRUE,3,36700,0,99,0,,1,0,Drabble,Maia,Mid Island Gym Sports,01/01/0001,,1,18700,8,0,0,E1,83,1,2,2,2,2,2,2,4,,,0,0
442,0575c463-57fc-40ae-613e-c7c1010b21db,Tumbling Trial 2025,Counties Manukau Gymnastics,TUM,FIG 17-21 Years Female,Qualification2,1,,1,TRUE,3,36700,0,99,0,,1,0,Drabble,Maia,Mid Island Gym Sports,01/01/0001,,1,18700,8,0,0,E2,83,1,2,2,2,2,2,2,4,,,0,0
443,0575c463-57fc-40ae-613e-c7c1010b21db,Tumbling Trial 2025,Counties Manukau Gymnastics,TUM,FIG 17-21 Years Female,Qualification2,1,,1,TRUE,3,36700,0,99,0,,1,0,Drabble,Maia,Mid Island Gym Sports,01/01/0001,,1,18700,8,0,0,E3,80,1,2,2,2,3,3,3,4,,,0,0
444,0575c463-57fc-40ae-613e-c7c1010b21db,Tumbling Trial 2025,Counties Manukau Gymnastics,TUM,FIG 17-21 Years Female,Qualification2,1,,1,TRUE,3,36700,0,99,0,,1,0,Drabble,Maia,Mid Island Gym Sports,01/01/0001,,1,18700,8,0,0,E4,89,1,1,1,1,1,2,1,3,,,0,0
445,0575c463-57fc-40ae-613e-c7c1010b21db,Tumbling Trial 2025,Counties Manukau Gymnastics,TUM,FIG 17-21 Years Female,Qualification2,1,,1,TRUE,3,36700,0,99,0,,1,0,Drabble,Maia,Mid Island Gym Sports,01/01/0001,,1,18700,8,0,0,E5,100,,,,,,,,,,,,
446,0575c463-57fc-40ae-613e-c7c1010b21db,Tumbling Trial 2025,Counties Manukau Gymnastics,TUM,FIG 17-21 Years Female,Qualification2,1,,1,TRUE,3,36700,0,99,0,,1,0,Drabble,Maia,Mid Island Gym Sports,01/01/0001,,1,18700,8,0,0,E8,100,,,,,,,,,,,,
447,0575c463-57fc-40ae-613e-c7c1010b21db,Tumbling Trial 2025,Counties Manukau Gymnastics,TUM,FIG 17-21 Years Female,Qualification2,1,,1,TRUE,3,36700,0,99,0,,1,0,Drabble,Maia,Mid Island Gym Sports,01/01/0001,,1,18700,8,0,0,E∑,166,2,4,4,4,4,4,4,8,0,0,0,0
448,0575c463-57fc-40ae-613e-c7c1010b21db,Tumbling Trial 2025,Counties Manukau Gymnastics,TUM,FIG 17-21 Years Female,Qualification2,1,,1,TRUE,3,36700,0,99,0,,1,0,Drabble,Maia,Mid Island Gym Sports,01/01/0001,,1,18700,8,0,0,T,0,,,,,,,,,,,,
449,0575c463-57fc-40ae-613e-c7c1010b21db,Tumbling Trial 2025,Counties Manukau Gymnastics,TUM,FIG 17-21 Years Female,Qualification2,1,,1,TRUE,3,36700,0,99,0,,1,0,Drabble,Maia,Mid Island Gym Sports,01/01/0001,,1,18700,8,0,0,D,21,0,,,,,,,,,,,
450,0575c463-57fc-40ae-613e-c7c1010b21db,Tumbling Trial 2025,Counties Manukau Gymnastics,TUM,FIG 17-21 Years Female,Qualification2,1,,1,TRUE,3,36700,0,99,0,,1,0,Drabble,Maia,Mid Island Gym Sports,01/01/0001,,1,18700,8,0,0,H,0,0,0,,,,,,,,,,
451,0575c463-57fc-40ae-613e-c7c1010b21db,Tumbling Trial 2025,Counties Manukau Gymnastics,TUM,FIG 17-21 Years Female,Qualification2,1,,1,TRUE,3,36700,0,99,0,,1,0,Drabble,Maia,Mid Island Gym Sports,01/01/0001,,2,18000,8,0,0,E1,81,1,1,2,2,2,3,3,4,,,1,0
452,0575c463-57fc-40ae-613e-c7c1010b21db,Tumbling Trial 2025,Counties Manukau Gymnastics,TUM,FIG 17-21 Years Female,Qualification2,1,,1,TRUE,3,36700,0,99,0,,1,0,Drabble,Maia,Mid Island Gym Sports,01/01/0001,,2,18000,8,0,0,E2,82,1,1,2,2,2,2,3,4,,,1,0
453,0575c463-57fc-40ae-613e-c7c1010b21db,Tumbling Trial 2025,Counties Manukau Gymnastics,TUM,FIG 17-21 Years Female,Qualification2,1,,1,TRUE,3,36700,0,99,0,,1,0,Drabble,Maia,Mid Island Gym Sports,01/01/0001,,2,18000,8,0,0,E3,78,1,2,2,3,3,3,3,4,,,1,0
454,0575c463-57fc-40ae-613e-c7c1010b21db,Tumbling Trial 2025,Counties Manukau Gymnastics,TUM,FIG 17-21 Years Female,Qualification2,1,,1,TRUE,3,36700,0,99,0,,1,0,Drabble,Maia,Mid Island Gym Sports,01/01/0001,,2,18000,8,0,0,E4,83,1,1,2,2,2,3,2,3,,,1,0
455,0575c463-57fc-40ae-613e-c7c1010b21db,Tumbling Trial 2025,Counties Manukau Gymnastics,TUM,FIG 17-21 Years Female,Qualification2,1,,1,TRUE,3,36700,0,99,0,,1,0,Drabble,Maia,Mid Island Gym Sports,01/01/0001,,2,18000,8,0,0,E5,100,,,,,,,,,,,,
456,0575c463-57fc-40ae-613e-c7c1010b21db,Tumbling Trial 2025,Counties Manukau Gymnastics,TUM,FIG 17-21 Years Female,Qualification2,1,,1,TRUE,3,36700,0,99,0,,1,0,Drabble,Maia,Mid Island Gym Sports,01/01/0001,,2,18000,8,0,0,E8,100,,,,,,,,,,,,
457,0575c463-57fc-40ae-613e-c7c1010b21db,Tumbling Trial 2025,Counties Manukau Gymnastics,TUM,FIG 17-21 Years Female,Qualification2,1,,1,TRUE,3,36700,0,99,0,,1,0,Drabble,Maia,Mid Island Gym Sports,01/01/0001,,2,18000,8,0,0,E∑,162,2,2,4,4,4,6,6,8,0,0,2,0
458,0575c463-57fc-40ae-613e-c7c1010b21db,Tumbling Trial 2025,Counties Manukau Gymnastics,TUM,FIG 17-21 Years Female,Qualification2,1,,1,TRUE,3,36700,0,99,0,,1,0,Drabble,Maia,Mid Island Gym Sports,01/01/0001,,2,18000,8,0,0,T,0,,,,,,,,,,,,
459,0575c463-57fc-40ae-613e-c7c1010b21db,Tumbling Trial 2025,Counties Manukau Gymnastics,TUM,FIG 17-21 Years Female,Qualification2,1,,1,TRUE,3,36700,0,99,0,,1,0,Drabble,Maia,Mid Island Gym Sports,01/01/0001,,2,18000,8,0,0,D,18,0,,,,,,,,,,,
460,0575c463-57fc-40ae-613e-c7c1010b21db,Tumbling Trial 2025,Counties Manukau Gymnastics,TUM,FIG 17-21 Years Female,Qualification2,1,,1,TRUE,3,36700,0,99,0,,1,0,Drabble,Maia,Mid Island Gym Sports,01/01/0001,,2,18000,8,0,0,H,0,0,0,,,,,,,,,,
461,0575c463-57fc-40ae-613e-c7c1010b21db,Tumbling Trial 2025,Counties Manukau Gymnastics,TUM,FIG 17-21 Years Female,Qualification2,1,,2,TRUE,2,38900,0,99,0,,1,0,Ogden,Danielle,NHG,01/01/0001,,1,19500,8,0,0,E1,82,1,2,1,2,2,2,3,3,,,2,0
462,0575c463-57fc-40ae-613e-c7c1010b21db,Tumbling Trial 2025,Counties Manukau Gymnastics,TUM,FIG 17-21 Years Female,Qualification2,1,,2,TRUE,2,38900,0,99,0,,1,0,Ogden,Danielle,NHG,01/01/0001,,1,19500,8,0,0,E2,81,1,2,2,2,3,2,2,4,,,1,0
463,0575c463-57fc-40ae-613e-c7c1010b21db,Tumbling Trial 2025,Counties Manukau Gymnastics,TUM,FIG 17-21 Years Female,Qualification2,1,,2,TRUE,2,38900,0,99,0,,1,0,Ogden,Danielle,NHG,01/01/0001,,1,19500,8,0,0,E3,86,1,1,1,1,1,1,3,4,,,1,0
464,0575c463-57fc-40ae-613e-c7c1010b21db,Tumbling Trial 2025,Counties Manukau Gymnastics,TUM,FIG 17-21 Years Female,Qualification2,1,,2,TRUE,2,38900,0,99,0,,1,0,Ogden,Danielle,NHG,01/01/0001,,1,19500,8,0,0,E4,86,1,1,1,1,1,1,2,3,,,3,0
465,0575c463-57fc-40ae-613e-c7c1010b21db,Tumbling Trial 2025,Counties Manukau Gymnastics,TUM,FIG 17-21 Years Female,Qualification2,1,,2,TRUE,2,38900,0,99,0,,1,0,Ogden,Danielle,NHG,01/01/0001,,1,19500,8,0,0,E5,100,,,,,,,,,,,,
466,0575c463-57fc-40ae-613e-c7c1010b21db,Tumbling Trial 2025,Counties Manukau Gymnastics,TUM,FIG 17-21 Years Female,Qualification2,1,,2,TRUE,2,38900,0,99,0,,1,0,Ogden,Danielle,NHG,01/01/0001,,1,19500,8,0,0,E8,100,,,,,,,,,,,,
467,0575c463-57fc-40ae-613e-c7c1010b21db,Tumbling Trial 2025,Counties Manukau Gymnastics,TUM,FIG 17-21 Years Female,Qualification2,1,,2,TRUE,2,38900,0,99,0,,1,0,Ogden,Danielle,NHG,01/01/0001,,1,19500,8,0,0,E∑,169,2,3,2,3,3,3,5,7,0,0,3,0
468,0575c463-57fc-40ae-613e-c7c1010b21db,Tumbling Trial 2025,Counties Manukau Gymnastics,TUM,FIG 17-21 Years Female,Qualification2,1,,2,TRUE,2,38900,0,99,0,,1,0,Ogden,Danielle,NHG,01/01/0001,,1,19500,8,0,0,T,0,,,,,,,,,,,,
469,0575c463-57fc-40ae-613e-c7c1010b21db,Tumbling Trial 2025,Counties Manukau Gymnastics,TUM,FIG 17-21 Years Female,Qualification2,1,,2,TRUE,2,38900,0,99,0,,1,0,Ogden,Danielle,NHG,01/01/0001,,1,19500,8,0,0,D,26,0,,,,,,,,,,,
470,0575c463-57fc-40ae-613e-c7c1010b21db,Tumbling Trial 2025,Counties Manukau Gymnastics,TUM,FIG 17-21 Years Female,Qualification2,1,,2,TRUE,2,38900,0,99,0,,1,0,Ogden,Danielle,NHG,01/01/0001,,1,19500,8,0,0,H,0,0,0,,,,,,,,,,
471,0575c463-57fc-40ae-613e-c7c1010b21db,Tumbling Trial 2025,Counties Manukau Gymnastics,TUM,FIG 17-21 Years Female,Qualification2,1,,2,TRUE,2,38900,0,99,0,,1,0,Ogden,Danielle,NHG,01/01/0001,,2,19400,8,0,0,E1,85,1,1,1,2,2,2,2,3,,,1,0
472,0575c463-57fc-40ae-613e-c7c1010b21db,Tumbling Trial 2025,Counties Manukau Gymnastics,TUM,FIG 17-21 Years Female,Qualification2,1,,2,TRUE,2,38900,0,99,0,,1,0,Ogden,Danielle,NHG,01/01/0001,,2,19400,8,0,0,E2,84,1,1,2,2,2,2,2,3,,,1,0
473,0575c463-57fc-40ae-613e-c7c1010b21db,Tumbling Trial 2025,Counties Manukau Gymnastics,TUM,FIG 17-21 Years Female,Qualification2,1,,2,TRUE,2,38900,0,99,0,,1,0,Ogden,Danielle,NHG,01/01/0001,,2,19400,8,0,0,E3,89,0,1,1,1,1,1,2,3,,,1,0
474,0575c463-57fc-40ae-613e-c7c1010b21db,Tumbling Trial 2025,Counties Manukau Gymnastics,TUM,FIG 17-21 Years Female,Qualification2,1,,2,TRUE,2,38900,0,99,0,,1,0,Ogden,Danielle,NHG,01/01/0001,,2,19400,8,0,0,E4,87,1,1,1,2,2,1,1,2,,,2,0
475,0575c463-57fc-40ae-613e-c7c1010b21db,Tumbling Trial 2025,Counties Manukau Gymnastics,TUM,FIG 17-21 Years Female,Qualification2,1,,2,TRUE,2,38900,0,99,0,,1,0,Ogden,Danielle,NHG,01/01/0001,,2,19400,8,0,0,E5,100,,,,,,,,,,,,
476,0575c463-57fc-40ae-613e-c7c1010b21db,Tumbling Trial 2025,Counties Manukau Gymnastics,TUM,FIG 17-21 Years Female,Qualification2,1,,2,TRUE,2,38900,0,99,0,,1,0,Ogden,Danielle,NHG,01/01/0001,,2,19400,8,0,0,E8,100,,,,,,,,,,,,
477,0575c463-57fc-40ae-613e-c7c1010b21db,Tumbling Trial 2025,Counties Manukau Gymnastics,TUM,FIG 17-21 Years Female,Qualification2,1,,2,TRUE,2,38900,0,99,0,,1,0,Ogden,Danielle,NHG,01/01/0001,,2,19400,8,0,0,E∑,171,2,2,2,4,4,3,4,6,0,0,2,0
478,0575c463-57fc-40ae-613e-c7c1010b21db,Tumbling Trial 2025,Counties Manukau Gymnastics,TUM,FIG 17-21 Years Female,Qualification2,1,,2,TRUE,2,38900,0,99,0,,1,0,Ogden,Danielle,NHG,01/01/0001,,2,19400,8,0,0,T,0,,,,,,,,,,,,
479,0575c463-57fc-40ae-613e-c7c1010b21db,Tumbling Trial 2025,Counties Manukau Gymnastics,TUM,FIG 17-21 Years Female,Qualification2,1,,2,TRUE,2,38900,0,99,0,,1,0,Ogden,Danielle,NHG,01/01/0001,,2,19400,8,0,0,D,23,0,,,,,,,,,,,
480,0575c463-57fc-40ae-613e-c7c1010b21db,Tumbling Trial 2025,Counties Manukau Gymnastics,TUM,FIG 17-21 Years Female,Qualification2,1,,2,TRUE,2,38900,0,99,0,,1,0,Ogden,Danielle,NHG,01/01/0001,,2,19400,8,0,0,H,0,0,0,,,,,,,,,,
481,0575c463-57fc-40ae-613e-c7c1010b21db,Tumbling Trial 2025,Counties Manukau Gymnastics,TUM,FIG 17-21 Years Female,Qualification2,1,,3,TRUE,1,41500,0,99,0,,1,0,KALHKOVEN,Jessica,WAGS,01/01/0001,,1,20400,8,0,0,E1,85,1,2,2,2,1,1,2,3,,,1,0
482,0575c463-57fc-40ae-613e-c7c1010b21db,Tumbling Trial 2025,Counties Manukau Gymnastics,TUM,FIG 17-21 Years Female,Qualification2,1,,3,TRUE,1,41500,0,99,0,,1,0,KALHKOVEN,Jessica,WAGS,01/01/0001,,1,20400,8,0,0,E2,83,1,2,2,2,2,2,2,3,,,1,0
483,0575c463-57fc-40ae-613e-c7c1010b21db,Tumbling Trial 2025,Counties Manukau Gymnastics,TUM,FIG 17-21 Years Female,Qualification2,1,,3,TRUE,1,41500,0,99,0,,1,0,KALHKOVEN,Jessica,WAGS,01/01/0001,,1,20400,8,0,0,E3,80,0,3,3,2,3,2,3,3,,,1,0
484,0575c463-57fc-40ae-613e-c7c1010b21db,Tumbling Trial 2025,Counties Manukau Gymnastics,TUM,FIG 17-21 Years Female,Qualification2,1,,3,TRUE,1,41500,0,99,0,,1,0,KALHKOVEN,Jessica,WAGS,01/01/0001,,1,20400,8,0,0,E4,85,1,2,2,2,2,1,0,3,,,2,0
485,0575c463-57fc-40ae-613e-c7c1010b21db,Tumbling Trial 2025,Counties Manukau Gymnastics,TUM,FIG 17-21 Years Female,Qualification2,1,,3,TRUE,1,41500,0,99,0,,1,0,KALHKOVEN,Jessica,WAGS,01/01/0001,,1,20400,8,0,0,E5,100,,,,,,,,,,,,
486,0575c463-57fc-40ae-613e-c7c1010b21db,Tumbling Trial 2025,Counties Manukau Gymnastics,TUM,FIG 17-21 Years Female,Qualification2,1,,3,TRUE,1,41500,0,99,0,,1,0,KALHKOVEN,Jessica,WAGS,01/01/0001,,1,20400,8,0,0,E8,100,,,,,,,,,,,,
487,0575c463-57fc-40ae-613e-c7c1010b21db,Tumbling Trial 2025,Counties Manukau Gymnastics,TUM,FIG 17-21 Years Female,Qualification2,1,,3,TRUE,1,41500,0,99,0,,1,0,KALHKOVEN,Jessica,WAGS,01/01/0001,,1,20400,8,0,0,E∑,167,2,4,4,4,4,3,4,6,0,0,2,0
488,0575c463-57fc-40ae-613e-c7c1010b21db,Tumbling Trial 2025,Counties Manukau Gymnastics,TUM,FIG 17-21 Years Female,Qualification2,1,,3,TRUE,1,41500,0,99,0,,1,0,KALHKOVEN,Jessica,WAGS,01/01/0001,,1,20400,8,0,0,T,0,,,,,,,,,,,,
489,0575c463-57fc-40ae-613e-c7c1010b21db,Tumbling Trial 2025,Counties Manukau Gymnastics,TUM,FIG 17-21 Years Female,Qualification2,1,,3,TRUE,1,41500,0,99,0,,1,0,KALHKOVEN,Jessica,WAGS,01/01/0001,,1,20400,8,0,0,D,37,0,,,,,,,,,,,
490,0575c463-57fc-40ae-613e-c7c1010b21db,Tumbling Trial 2025,Counties Manukau Gymnastics,TUM,FIG 17-21 Years Female,Qualification2,1,,3,TRUE,1,41500,0,99,0,,1,0,KALHKOVEN,Jessica,WAGS,01/01/0001,,1,20400,8,0,0,H,0,0,0,,,,,,,,,,
491,0575c463-57fc-40ae-613e-c7c1010b21db,Tumbling Trial 2025,Counties Manukau Gymnastics,TUM,FIG 17-21 Years Female,Qualification2,1,,3,TRUE,1,41500,0,99,0,,1,0,KALHKOVEN,Jessica,WAGS,01/01/0001,,2,21100,8,0,0,E1,83,1,2,2,3,2,2,2,2,,,1,0
492,0575c463-57fc-40ae-613e-c7c1010b21db,Tumbling Trial 2025,Counties Manukau Gymnastics,TUM,FIG 17-21 Years Female,Qualification2,1,,3,TRUE,1,41500,0,99,0,,1,0,KALHKOVEN,Jessica,WAGS,01/01/0001,,2,21100,8,0,0,E2,83,1,2,2,3,2,2,2,2,,,1,0
493,0575c463-57fc-40ae-613e-c7c1010b21db,Tumbling Trial 2025,Counties Manukau Gymnastics,TUM,FIG 17-21 Years Female,Qualification2,1,,3,TRUE,1,41500,0,99,0,,1,0,KALHKOVEN,Jessica,WAGS,01/01/0001,,2,21100,8,0,0,E3,82,0,3,2,2,3,2,3,2,,,1,0
494,0575c463-57fc-40ae-613e-c7c1010b21db,Tumbling Trial 2025,Counties Manukau Gymnastics,TUM,FIG 17-21 Years Female,Qualification2,1,,3,TRUE,1,41500,0,99,0,,1,0,KALHKOVEN,Jessica,WAGS,01/01/0001,,2,21100,8,0,0,E4,86,1,3,2,2,2,1,0,2,,,1,0
495,0575c463-57fc-40ae-613e-c7c1010b21db,Tumbling Trial 2025,Counties Manukau Gymnastics,TUM,FIG 17-21 Years Female,Qualification2,1,,3,TRUE,1,41500,0,99,0,,1,0,KALHKOVEN,Jessica,WAGS,01/01/0001,,2,21100,8,0,0,E5,100,,,,,,,,,,,,
496,0575c463-57fc-40ae-613e-c7c1010b21db,Tumbling Trial 2025,Counties Manukau Gymnastics,TUM,FIG 17-21 Years Female,Qualification2,1,,3,TRUE,1,41500,0,99,0,,1,0,KALHKOVEN,Jessica,WAGS,01/01/0001,,2,21100,8,0,0,E8,100,,,,,,,,,,,,
497,0575c463-57fc-40ae-613e-c7c1010b21db,Tumbling Trial 2025,Counties Manukau Gymnastics,TUM,FIG 17-21 Years Female,Qualification2,1,,3,TRUE,1,41500,0,99,0,,1,0,KALHKOVEN,Jessica,WAGS,01/01/0001,,2,21100,8,0,0,E∑,166,2,5,4,5,4,4,4,4,0,0,2,0
498,0575c463-57fc-40ae-613e-c7c1010b21db,Tumbling Trial 2025,Counties Manukau Gymnastics,TUM,FIG 17-21 Years Female,Qualification2,1,,3,TRUE,1,41500,0,99,0,,1,0,KALHKOVEN,Jessica,WAGS,01/01/0001,,2,21100,8,0,0,T,0,,,,,,,,,,,,
499,0575c463-57fc-40ae-613e-c7c1010b21db,Tumbling Trial 2025,Counties Manukau Gymnastics,TUM,FIG 17-21 Years Female,Qualification2,1,,3,TRUE,1,41500,0,99,0,,1,0,KALHKOVEN,Jessica,WAGS,01/01/0001,,2,21100,8,0,0,D,45,0,,,,,,,,,,,
500,0575c463-57fc-40ae-613e-c7c1010b21db,Tumbling Trial 2025,Counties Manukau Gymnastics,TUM,FIG 17-21 Years Female,Qualification2,1,,3,TRUE,1,41500,0,99,0,,1,0,KALHKOVEN,Jessica,WAGS,01/01/0001,,2,21100,8,0,0,H,0,0,0,,,,,,,,,,
501,0575c463-57fc-40ae-613e-c7c1010b21db,Tumbling Trial 2025,Counties Manukau Gymnastics,TUM,FIG 17-21 Years Female,Qualification2,1,,4,TRUE,4,0,0,99,0,,1,0,Renee,Pilon,WAGS,01/01/0001,,1,0,0,0,0,E1,0,,,,,,,,,,,,
502,0575c463-57fc-40ae-613e-c7c1010b21db,Tumbling Trial 2025,Counties Manukau Gymnastics,TUM,FIG 17-21 Years Female,Qualification2,1,,4,TRUE,4,0,0,99,0,,1,0,Renee,Pilon,WAGS,01/01/0001,,1,0,0,0,0,E2,0,,,,,,,,,,,,
503,0575c463-57fc-40ae-613e-c7c1010b21db,Tumbling Trial 2025,Counties Manukau Gymnastics,TUM,FIG 17-21 Years Female,Qualification2,1,,4,TRUE,4,0,0,99,0,,1,0,Renee,Pilon,WAGS,01/01/0001,,1,0,0,0,0,E3,0,,,,,,,,,,,,
504,0575c463-57fc-40ae-613e-c7c1010b21db,Tumbling Trial 2025,Counties Manukau Gymnastics,TUM,FIG 17-21 Years Female,Qualification2,1,,4,TRUE,4,0,0,99,0,,1,0,Renee,Pilon,WAGS,01/01/0001,,1,0,0,0,0,E4,0,,,,,,,,,,,,
505,0575c463-57fc-40ae-613e-c7c1010b21db,Tumbling Trial 2025,Counties Manukau Gymnastics,TUM,FIG 17-21 Years Female,Qualification2,1,,4,TRUE,4,0,0,99,0,,1,0,Renee,Pilon,WAGS,01/01/0001,,1,0,0,0,0,E5,0,,,,,,,,,,,,
506,0575c463-57fc-40ae-613e-c7c1010b21db,Tumbling Trial 2025,Counties Manukau Gymnastics,TUM,FIG 17-21 Years Female,Qualification2,1,,4,TRUE,4,0,0,99,0,,1,0,Renee,Pilon,WAGS,01/01/0001,,1,0,0,0,0,E8,0,,,,,,,,,,,,
507,0575c463-57fc-40ae-613e-c7c1010b21db,Tumbling Trial 2025,Counties Manukau Gymnastics,TUM,FIG 17-21 Years Female,Qualification2,1,,4,TRUE,4,0,0,99,0,,1,0,Renee,Pilon,WAGS,01/01/0001,,1,0,0,0,0,E∑,0,0,0,0,0,0,0,0,0,0,0,0,0
508,0575c463-57fc-40ae-613e-c7c1010b21db,Tumbling Trial 2025,Counties Manukau Gymnastics,TUM,FIG 17-21 Years Female,Qualification2,1,,4,TRUE,4,0,0,99,0,,1,0,Renee,Pilon,WAGS,01/01/0001,,1,0,0,0,0,T,0,,,,,,,,,,,,
509,0575c463-57fc-40ae-613e-c7c1010b21db,Tumbling Trial 2025,Counties Manukau Gymnastics,TUM,FIG 17-21 Years Female,Qualification2,1,,4,TRUE,4,0,0,99,0,,1,0,Renee,Pilon,WAGS,01/01/0001,,1,0,0,0,0,D,0,0,,,,,,,,,,,
510,0575c463-57fc-40ae-613e-c7c1010b21db,Tumbling Trial 2025,Counties Manukau Gymnastics,TUM,FIG 17-21 Years Female,Qualification2,1,,4,TRUE,4,0,0,99,0,,1,0,Renee,Pilon,WAGS,01/01/0001,,1,0,0,0,0,H,0,0,0,,,,,,,,,,
511,0575c463-57fc-40ae-613e-c7c1010b21db,Tumbling Trial 2025,Counties Manukau Gymnastics,TUM,FIG 17-21 Years Female,Qualification2,1,,4,TRUE,4,0,0,99,0,,1,0,Renee,Pilon,WAGS,01/01/0001,,2,0,0,0,0,E1,0,,,,,,,,,,,,
512,0575c463-57fc-40ae-613e-c7c1010b21db,Tumbling Trial 2025,Counties Manukau Gymnastics,TUM,FIG 17-21 Years Female,Qualification2,1,,4,TRUE,4,0,0,99,0,,1,0,Renee,Pilon,WAGS,01/01/0001,,2,0,0,0,0,E2,0,,,,,,,,,,,,
513,0575c463-57fc-40ae-613e-c7c1010b21db,Tumbling Trial 2025,Counties Manukau Gymnastics,TUM,FIG 17-21 Years Female,Qualification2,1,,4,TRUE,4,0,0,99,0,,1,0,Renee,Pilon,WAGS,01/01/0001,,2,0,0,0,0,E3,0,,,,,,,,,,,,
514,0575c463-57fc-40ae-613e-c7c1010b21db,Tumbling Trial 2025,Counties Manukau Gymnastics,TUM,FIG 17-21 Years Female,Qualification2,1,,4,TRUE,4,0,0,99,0,,1,0,Renee,Pilon,WAGS,01/01/0001,,2,0,0,0,0,E4,0,,,,,,,,,,,,
515,0575c463-57fc-40ae-613e-c7c1010b21db,Tumbling Trial 2025,Counties Manukau Gymnastics,TUM,FIG 17-21 Years Female,Qualification2,1,,4,TRUE,4,0,0,99,0,,1,0,Renee,Pilon,WAGS,01/01/0001,,2,0,0,0,0,E5,0,,,,,,,,,,,,
516,0575c463-57fc-40ae-613e-c7c1010b21db,Tumbling Trial 2025,Counties Manukau Gymnastics,TUM,FIG 17-21 Years Female,Qualification2,1,,4,TRUE,4,0,0,99,0,,1,0,Renee,Pilon,WAGS,01/01/0001,,2,0,0,0,0,E8,0,,,,,,,,,,,,
517,0575c463-57fc-40ae-613e-c7c1010b21db,Tumbling Trial 2025,Counties Manukau Gymnastics,TUM,FIG 17-21 Years Female,Qualification2,1,,4,TRUE,4,0,0,99,0,,1,0,Renee,Pilon,WAGS,01/01/0001,,2,0,0,0,0,E∑,0,0,0,0,0,0,0,0,0,0,0,0,0
518,0575c463-57fc-40ae-613e-c7c1010b21db,Tumbling Trial 2025,Counties Manukau Gymnastics,TUM,FIG 17-21 Years Female,Qualification2,1,,4,TRUE,4,0,0,99,0,,1,0,Renee,Pilon,WAGS,01/01/0001,,2,0,0,0,0,T,0,,,,,,,,,,,,
519,0575c463-57fc-40ae-613e-c7c1010b21db,Tumbling Trial 2025,Counties Manukau Gymnastics,TUM,FIG 17-21 Years Female,Qualification2,1,,4,TRUE,4,0,0,99,0,,1,0,Renee,Pilon,WAGS,01/01/0001,,2,0,0,0,0,D,0,0,,,,,,,,,,,
520,0575c463-57fc-40ae-613e-c7c1010b21db,Tumbling Trial 2025,Counties Manukau Gymnastics,TUM,FIG 17-21 Years Female,Qualification2,1,,4,TRUE,4,0,0,99,0,,1,0,Renee,Pilon,WAGS,01/01/0001,,2,0,0,0,0,H,0,0,0,,,,,,,,,,
521,0575c463-57fc-40ae-613e-c7c1010b21db,Tumbling Trial 2025,Counties Manukau Gymnastics,TUM,FIG 17-21 Years Male,Qualification,1,,1,TRUE,2,40800,0,99,0,,1,0,John-Franke,Kieran,Counties,01/01/0001,,1,20500,8,0,0,E1,83,1,1,1,2,2,2,2,3,,,3,0
522,0575c463-57fc-40ae-613e-c7c1010b21db,Tumbling Trial 2025,Counties Manukau Gymnastics,TUM,FIG 17-21 Years Male,Qualification,1,,1,TRUE,2,40800,0,99,0,,1,0,John-Franke,Kieran,Counties,01/01/0001,,1,20500,8,0,0,E2,81,1,1,2,2,2,2,2,4,,,3,0
523,0575c463-57fc-40ae-613e-c7c1010b21db,Tumbling Trial 2025,Counties Manukau Gymnastics,TUM,FIG 17-21 Years Male,Qualification,1,,1,TRUE,2,40800,0,99,0,,1,0,John-Franke,Kieran,Counties,01/01/0001,,1,20500,8,0,0,E3,78,2,2,3,3,2,2,2,3,,,3,0
524,0575c463-57fc-40ae-613e-c7c1010b21db,Tumbling Trial 2025,Counties Manukau Gymnastics,TUM,FIG 17-21 Years Male,Qualification,1,,1,TRUE,2,40800,0,99,0,,1,0,John-Franke,Kieran,Counties,01/01/0001,,1,20500,8,0,0,E4,83,2,2,1,2,1,1,1,4,,,3,0
525,0575c463-57fc-40ae-613e-c7c1010b21db,Tumbling Trial 2025,Counties Manukau Gymnastics,TUM,FIG 17-21 Years Male,Qualification,1,,1,TRUE,2,40800,0,99,0,,1,0,John-Franke,Kieran,Counties,01/01/0001,,1,20500,8,0,0,E5,100,,,,,,,,,,,,
526,0575c463-57fc-40ae-613e-c7c1010b21db,Tumbling Trial 2025,Counties Manukau Gymnastics,TUM,FIG 17-21 Years Male,Qualification,1,,1,TRUE,2,40800,0,99,0,,1,0,John-Franke,Kieran,Counties,01/01/0001,,1,20500,8,0,0,E8,100,,,,,,,,,,,,
527,0575c463-57fc-40ae-613e-c7c1010b21db,Tumbling Trial 2025,Counties Manukau Gymnastics,TUM,FIG 17-21 Years Male,Qualification,1,,1,TRUE,2,40800,0,99,0,,1,0,John-Franke,Kieran,Counties,01/01/0001,,1,20500,8,0,0,E∑,162,3,3,3,4,4,4,4,7,0,0,6,0
528,0575c463-57fc-40ae-613e-c7c1010b21db,Tumbling Trial 2025,Counties Manukau Gymnastics,TUM,FIG 17-21 Years Male,Qualification,1,,1,TRUE,2,40800,0,99,0,,1,0,John-Franke,Kieran,Counties,01/01/0001,,1,20500,8,0,0,T,0,,,,,,,,,,,,
529,0575c463-57fc-40ae-613e-c7c1010b21db,Tumbling Trial 2025,Counties Manukau Gymnastics,TUM,FIG 17-21 Years Male,Qualification,1,,1,TRUE,2,40800,0,99,0,,1,0,John-Franke,Kieran,Counties,01/01/0001,,1,20500,8,0,0,D,43,0,,,,,,,,,,,
530,0575c463-57fc-40ae-613e-c7c1010b21db,Tumbling Trial 2025,Counties Manukau Gymnastics,TUM,FIG 17-21 Years Male,Qualification,1,,1,TRUE,2,40800,0,99,0,,1,0,John-Franke,Kieran,Counties,01/01/0001,,1,20500,8,0,0,H,0,0,0,,,,,,,,,,
531,0575c463-57fc-40ae-613e-c7c1010b21db,Tumbling Trial 2025,Counties Manukau Gymnastics,TUM,FIG 17-21 Years Male,Qualification,1,,1,TRUE,2,40800,0,99,0,,1,0,John-Franke,Kieran,Counties,01/01/0001,,2,20300,8,0,2,E1,83,1,1,2,2,2,1,2,3,,,3,0
532,0575c463-57fc-40ae-613e-c7c1010b21db,Tumbling Trial 2025,Counties Manukau Gymnastics,TUM,FIG 17-21 Years Male,Qualification,1,,1,TRUE,2,40800,0,99,0,,1,0,John-Franke,Kieran,Counties,01/01/0001,,2,20300,8,0,2,E2,81,1,2,2,2,2,2,2,4,,,2,0
533,0575c463-57fc-40ae-613e-c7c1010b21db,Tumbling Trial 2025,Counties Manukau Gymnastics,TUM,FIG 17-21 Years Male,Qualification,1,,1,TRUE,2,40800,0,99,0,,1,0,John-Franke,Kieran,Counties,01/01/0001,,2,20300,8,0,2,E3,82,1,2,2,2,2,1,1,4,,,3,0
534,0575c463-57fc-40ae-613e-c7c1010b21db,Tumbling Trial 2025,Counties Manukau Gymnastics,TUM,FIG 17-21 Years Male,Qualification,1,,1,TRUE,2,40800,0,99,0,,1,0,John-Franke,Kieran,Counties,01/01/0001,,2,20300,8,0,2,E4,86,1,1,1,1,1,1,1,4,,,3,0
535,0575c463-57fc-40ae-613e-c7c1010b21db,Tumbling Trial 2025,Counties Manukau Gymnastics,TUM,FIG 17-21 Years Male,Qualification,1,,1,TRUE,2,40800,0,99,0,,1,0,John-Franke,Kieran,Counties,01/01/0001,,2,20300,8,0,2,E5,100,,,,,,,,,,,,
536,0575c463-57fc-40ae-613e-c7c1010b21db,Tumbling Trial 2025,Counties Manukau Gymnastics,TUM,FIG 17-21 Years Male,Qualification,1,,1,TRUE,2,40800,0,99,0,,1,0,John-Franke,Kieran,Counties,01/01/0001,,2,20300,8,0,2,E8,100,,,,,,,,,,,,
537,0575c463-57fc-40ae-613e-c7c1010b21db,Tumbling Trial 2025,Counties Manukau Gymnastics,TUM,FIG 17-21 Years Male,Qualification,1,,1,TRUE,2,40800,0,99,0,,1,0,John-Franke,Kieran,Counties,01/01/0001,,2,20300,8,0,2,E∑,164,2,3,4,4,4,2,3,8,0,0,6,0
538,0575c463-57fc-40ae-613e-c7c1010b21db,Tumbling Trial 2025,Counties Manukau Gymnastics,TUM,FIG 17-21 Years Male,Qualification,1,,1,TRUE,2,40800,0,99,0,,1,0,John-Franke,Kieran,Counties,01/01/0001,,2,20300,8,0,2,T,0,,,,,,,,,,,,
539,0575c463-57fc-40ae-613e-c7c1010b21db,Tumbling Trial 2025,Counties Manukau Gymnastics,TUM,FIG 17-21 Years Male,Qualification,1,,1,TRUE,2,40800,0,99,0,,1,0,John-Franke,Kieran,Counties,01/01/0001,,2,20300,8,0,2,D,41,0,,,,,,,,,,,
540,0575c463-57fc-40ae-613e-c7c1010b21db,Tumbling Trial 2025,Counties Manukau Gymnastics,TUM,FIG 17-21 Years Male,Qualification,1,,1,TRUE,2,40800,0,99,0,,1,0,John-Franke,Kieran,Counties,01/01/0001,,2,20300,8,0,2,H,0,0,0,,,,,,,,,,
541,0575c463-57fc-40ae-613e-c7c1010b21db,Tumbling Trial 2025,Counties Manukau Gymnastics,TUM,FIG 17-21 Years Male,Qualification,1,,2,TRUE,1,44300,0,99,0,,1,0,King,Thomas,Counties,01/01/0001,,1,21800,8,0,0,E1,79,2,2,3,2,2,2,2,4,,,2,0
542,0575c463-57fc-40ae-613e-c7c1010b21db,Tumbling Trial 2025,Counties Manukau Gymnastics,TUM,FIG 17-21 Years Male,Qualification,1,,2,TRUE,1,44300,0,99,0,,1,0,King,Thomas,Counties,01/01/0001,,1,21800,8,0,0,E2,80,1,2,3,2,2,2,2,4,,,2,0
543,0575c463-57fc-40ae-613e-c7c1010b21db,Tumbling Trial 2025,Counties Manukau Gymnastics,TUM,FIG 17-21 Years Male,Qualification,1,,2,TRUE,1,44300,0,99,0,,1,0,King,Thomas,Counties,01/01/0001,,1,21800,8,0,0,E3,78,1,2,3,2,3,3,2,4,,,2,0
544,0575c463-57fc-40ae-613e-c7c1010b21db,Tumbling Trial 2025,Counties Manukau Gymnastics,TUM,FIG 17-21 Years Male,Qualification,1,,2,TRUE,1,44300,0,99,0,,1,0,King,Thomas,Counties,01/01/0001,,1,21800,8,0,0,E4,78,2,2,2,2,3,3,2,4,,,2,0
545,0575c463-57fc-40ae-613e-c7c1010b21db,Tumbling Trial 2025,Counties Manukau Gymnastics,TUM,FIG 17-21 Years Male,Qualification,1,,2,TRUE,1,44300,0,99,0,,1,0,King,Thomas,Counties,01/01/0001,,1,21800,8,0,0,E5,100,,,,,,,,,,,,
546,0575c463-57fc-40ae-613e-c7c1010b21db,Tumbling Trial 2025,Counties Manukau Gymnastics,TUM,FIG 17-21 Years Male,Qualification,1,,2,TRUE,1,44300,0,99,0,,1,0,King,Thomas,Counties,01/01/0001,,1,21800,8,0,0,E8,100,,,,,,,,,,,,
547,0575c463-57fc-40ae-613e-c7c1010b21db,Tumbling Trial 2025,Counties Manukau Gymnastics,TUM,FIG 17-21 Years Male,Qualification,1,,2,TRUE,1,44300,0,99,0,,1,0,King,Thomas,Counties,01/01/0001,,1,21800,8,0,0,E∑,157,3,4,6,4,5,5,4,8,0,0,4,0
548,0575c463-57fc-40ae-613e-c7c1010b21db,Tumbling Trial 2025,Counties Manukau Gymnastics,TUM,FIG 17-21 Years Male,Qualification,1,,2,TRUE,1,44300,0,99,0,,1,0,King,Thomas,Counties,01/01/0001,,1,21800,8,0,0,T,0,,,,,,,,,,,,
549,0575c463-57fc-40ae-613e-c7c1010b21db,Tumbling Trial 2025,Counties Manukau Gymnastics,TUM,FIG 17-21 Years Male,Qualification,1,,2,TRUE,1,44300,0,99,0,,1,0,King,Thomas,Counties,01/01/0001,,1,21800,8,0,0,D,61,0,,,,,,,,,,,
550,0575c463-57fc-40ae-613e-c7c1010b21db,Tumbling Trial 2025,Counties Manukau Gymnastics,TUM,FIG 17-21 Years Male,Qualification,1,,2,TRUE,1,44300,0,99,0,,1,0,King,Thomas,Counties,01/01/0001,,1,21800,8,0,0,H,0,0,0,,,,,,,,,,
551,0575c463-57fc-40ae-613e-c7c1010b21db,Tumbling Trial 2025,Counties Manukau Gymnastics,TUM,FIG 17-21 Years Male,Qualification,1,,2,TRUE,1,44300,0,99,0,,1,0,King,Thomas,Counties,01/01/0001,,2,22500,8,0,2,E1,81,1,2,2,3,3,3,2,2,,,1,0
552,0575c463-57fc-40ae-613e-c7c1010b21db,Tumbling Trial 2025,Counties Manukau Gymnastics,TUM,FIG 17-21 Years Male,Qualification,1,,2,TRUE,1,44300,0,99,0,,1,0,King,Thomas,Counties,01/01/0001,,2,22500,8,0,2,E2,83,1,2,2,2,3,2,2,2,,,1,0
553,0575c463-57fc-40ae-613e-c7c1010b21db,Tumbling Trial 2025,Counties Manukau Gymnastics,TUM,FIG 17-21 Years Male,Qualification,1,,2,TRUE,1,44300,0,99,0,,1,0,King,Thomas,Counties,01/01/0001,,2,22500,8,0,2,E3,81,1,2,2,2,2,3,3,3,,,1,0
554,0575c463-57fc-40ae-613e-c7c1010b21db,Tumbling Trial 2025,Counties Manukau Gymnastics,TUM,FIG 17-21 Years Male,Qualification,1,,2,TRUE,1,44300,0,99,0,,1,0,King,Thomas,Counties,01/01/0001,,2,22500,8,0,2,E4,82,1,2,2,2,2,3,2,2,,,2,0
555,0575c463-57fc-40ae-613e-c7c1010b21db,Tumbling Trial 2025,Counties Manukau Gymnastics,TUM,FIG 17-21 Years Male,Qualification,1,,2,TRUE,1,44300,0,99,0,,1,0,King,Thomas,Counties,01/01/0001,,2,22500,8,0,2,E5,100,,,,,,,,,,,,
556,0575c463-57fc-40ae-613e-c7c1010b21db,Tumbling Trial 2025,Counties Manukau Gymnastics,TUM,FIG 17-21 Years Male,Qualification,1,,2,TRUE,1,44300,0,99,0,,1,0,King,Thomas,Counties,01/01/0001,,2,22500,8,0,2,E8,100,,,,,,,,,,,,
557,0575c463-57fc-40ae-613e-c7c1010b21db,Tumbling Trial 2025,Counties Manukau Gymnastics,TUM,FIG 17-21 Years Male,Qualification,1,,2,TRUE,1,44300,0,99,0,,1,0,King,Thomas,Counties,01/01/0001,,2,22500,8,0,2,E∑,165,2,4,4,4,5,6,4,4,0,0,2,0
558,0575c463-57fc-40ae-613e-c7c1010b21db,Tumbling Trial 2025,Counties Manukau Gymnastics,TUM,FIG 17-21 Years Male,Qualification,1,,2,TRUE,1,44300,0,99,0,,1,0,King,Thomas,Counties,01/01/0001,,2,22500,8,0,2,T,0,,,,,,,,,,,,
559,0575c463-57fc-40ae-613e-c7c1010b21db,Tumbling Trial 2025,Counties Manukau Gymnastics,TUM,FIG 17-21 Years Male,Qualification,1,,2,TRUE,1,44300,0,99,0,,1,0,King,Thomas,Counties,01/01/0001,,2,22500,8,0,2,D,62,0,,,,,,,,,,,
560,0575c463-57fc-40ae-613e-c7c1010b21db,Tumbling Trial 2025,Counties Manukau Gymnastics,TUM,FIG 17-21 Years Male,Qualification,1,,2,TRUE,1,44300,0,99,0,,1,0,King,Thomas,Counties,01/01/0001,,2,22500,8,0,2,H,0,0,0,,,,,,,,,,
561,0575c463-57fc-40ae-613e-c7c1010b21db,Tumbling Trial 2025,Counties Manukau Gymnastics,TUM,FIG 17-21 Years Male,Qualification,1,,3,TRUE,4,38100,0,99,0,,1,0,Robinson,Sean,Gymnastica Gym Club,01/01/0001,,1,18600,8,0,2,E1,71,2,2,2,2,2,2,3,4,,,0,10
562,0575c463-57fc-40ae-613e-c7c1010b21db,Tumbling Trial 2025,Counties Manukau Gymnastics,TUM,FIG 17-21 Years Male,Qualification,1,,3,TRUE,4,38100,0,99,0,,1,0,Robinson,Sean,Gymnastica Gym Club,01/01/0001,,1,18600,8,0,2,E2,73,1,2,2,2,2,2,2,4,,,0,10
563,0575c463-57fc-40ae-613e-c7c1010b21db,Tumbling Trial 2025,Counties Manukau Gymnastics,TUM,FIG 17-21 Years Male,Qualification,1,,3,TRUE,4,38100,0,99,0,,1,0,Robinson,Sean,Gymnastica Gym Club,01/01/0001,,1,18600,8,0,2,E3,70,1,2,3,3,3,3,2,3,,,0,10
564,0575c463-57fc-40ae-613e-c7c1010b21db,Tumbling Trial 2025,Counties Manukau Gymnastics,TUM,FIG 17-21 Years Male,Qualification,1,,3,TRUE,4,38100,0,99,0,,1,0,Robinson,Sean,Gymnastica Gym Club,01/01/0001,,1,18600,8,0,2,E4,73,1,2,2,2,2,2,2,4,,,10,0
565,0575c463-57fc-40ae-613e-c7c1010b21db,Tumbling Trial 2025,Counties Manukau Gymnastics,TUM,FIG 17-21 Years Male,Qualification,1,,3,TRUE,4,38100,0,99,0,,1,0,Robinson,Sean,Gymnastica Gym Club,01/01/0001,,1,18600,8,0,2,E5,100,,,,,,,,,,,,
566,0575c463-57fc-40ae-613e-c7c1010b21db,Tumbling Trial 2025,Counties Manukau Gymnastics,TUM,FIG 17-21 Years Male,Qualification,1,,3,TRUE,4,38100,0,99,0,,1,0,Robinson,Sean,Gymnastica Gym Club,01/01/0001,,1,18600,8,0,2,E8,100,,,,,,,,,,,,
567,0575c463-57fc-40ae-613e-c7c1010b21db,Tumbling Trial 2025,Counties Manukau Gymnastics,TUM,FIG 17-21 Years Male,Qualification,1,,3,TRUE,4,38100,0,99,0,,1,0,Robinson,Sean,Gymnastica Gym Club,01/01/0001,,1,18600,8,0,2,E∑,146,2,4,4,4,4,4,4,8,0,0,0,20
568,0575c463-57fc-40ae-613e-c7c1010b21db,Tumbling Trial 2025,Counties Manukau Gymnastics,TUM,FIG 17-21 Years Male,Qualification,1,,3,TRUE,4,38100,0,99,0,,1,0,Robinson,Sean,Gymnastica Gym Club,01/01/0001,,1,18600,8,0,2,T,0,,,,,,,,,,,,
569,0575c463-57fc-40ae-613e-c7c1010b21db,Tumbling Trial 2025,Counties Manukau Gymnastics,TUM,FIG 17-21 Years Male,Qualification,1,,3,TRUE,4,38100,0,99,0,,1,0,Robinson,Sean,Gymnastica Gym Club,01/01/0001,,1,18600,8,0,2,D,42,0,,,,,,,,,,,
570,0575c463-57fc-40ae-613e-c7c1010b21db,Tumbling Trial 2025,Counties Manukau Gymnastics,TUM,FIG 17-21 Years Male,Qualification,1,,3,TRUE,4,38100,0,99,0,,1,0,Robinson,Sean,Gymnastica Gym Club,01/01/0001,,1,18600,8,0,2,H,0,0,0,,,,,,,,,,
571,0575c463-57fc-40ae-613e-c7c1010b21db,Tumbling Trial 2025,Counties Manukau Gymnastics,TUM,FIG 17-21 Years Male,Qualification,1,,3,TRUE,4,38100,0,99,0,,1,0,Robinson,Sean,Gymnastica Gym Club,01/01/0001,,2,19500,8,0,2,E1,76,2,2,2,2,3,3,3,4,,,3,0
572,0575c463-57fc-40ae-613e-c7c1010b21db,Tumbling Trial 2025,Counties Manukau Gymnastics,TUM,FIG 17-21 Years Male,Qualification,1,,3,TRUE,4,38100,0,99,0,,1,0,Robinson,Sean,Gymnastica Gym Club,01/01/0001,,2,19500,8,0,2,E2,80,1,2,2,2,2,2,3,4,,,2,0
573,0575c463-57fc-40ae-613e-c7c1010b21db,Tumbling Trial 2025,Counties Manukau Gymnastics,TUM,FIG 17-21 Years Male,Qualification,1,,3,TRUE,4,38100,0,99,0,,1,0,Robinson,Sean,Gymnastica Gym Club,01/01/0001,,2,19500,8,0,2,E3,76,2,2,2,3,3,2,3,4,,,3,0
574,0575c463-57fc-40ae-613e-c7c1010b21db,Tumbling Trial 2025,Counties Manukau Gymnastics,TUM,FIG 17-21 Years Male,Qualification,1,,3,TRUE,4,38100,0,99,0,,1,0,Robinson,Sean,Gymnastica Gym Club,01/01/0001,,2,19500,8,0,2,E4,77,2,2,2,2,3,3,2,4,,,3,0
575,0575c463-57fc-40ae-613e-c7c1010b21db,Tumbling Trial 2025,Counties Manukau Gymnastics,TUM,FIG 17-21 Years Male,Qualification,1,,3,TRUE,4,38100,0,99,0,,1,0,Robinson,Sean,Gymnastica Gym Club,01/01/0001,,2,19500,8,0,2,E5,100,,,,,,,,,,,,
576,0575c463-57fc-40ae-613e-c7c1010b21db,Tumbling Trial 2025,Counties Manukau Gymnastics,TUM,FIG 17-21 Years Male,Qualification,1,,3,TRUE,4,38100,0,99,0,,1,0,Robinson,Sean,Gymnastica Gym Club,01/01/0001,,2,19500,8,0,2,E8,100,,,,,,,,,,,,
577,0575c463-57fc-40ae-613e-c7c1010b21db,Tumbling Trial 2025,Counties Manukau Gymnastics,TUM,FIG 17-21 Years Male,Qualification,1,,3,TRUE,4,38100,0,99,0,,1,0,Robinson,Sean,Gymnastica Gym Club,01/01/0001,,2,19500,8,0,2,E∑,153,4,4,4,4,6,5,6,8,0,0,6,0
578,0575c463-57fc-40ae-613e-c7c1010b21db,Tumbling Trial 2025,Counties Manukau Gymnastics,TUM,FIG 17-21 Years Male,Qualification,1,,3,TRUE,4,38100,0,99,0,,1,0,Robinson,Sean,Gymnastica Gym Club,01/01/0001,,2,19500,8,0,2,T,0,,,,,,,,,,,,
579,0575c463-57fc-40ae-613e-c7c1010b21db,Tumbling Trial 2025,Counties Manukau Gymnastics,TUM,FIG 17-21 Years Male,Qualification,1,,3,TRUE,4,38100,0,99,0,,1,0,Robinson,Sean,Gymnastica Gym Club,01/01/0001,,2,19500,8,0,2,D,44,0,,,,,,,,,,,
580,0575c463-57fc-40ae-613e-c7c1010b21db,Tumbling Trial 2025,Counties Manukau Gymnastics,TUM,FIG 17-21 Years Male,Qualification,1,,3,TRUE,4,38100,0,99,0,,1,0,Robinson,Sean,Gymnastica Gym Club,01/01/0001,,2,19500,8,0,2,H,0,0,0,,,,,,,,,,
581,0575c463-57fc-40ae-613e-c7c1010b21db,Tumbling Trial 2025,Counties Manukau Gymnastics,TUM,FIG 17-21 Years Male,Qualification,1,,4,TRUE,5,0,0,99,0,,1,0,Linstrom,Zavier,NHG,01/01/0001,,1,0,8,0,0,E1,100,,,,,,,,,,,,
582,0575c463-57fc-40ae-613e-c7c1010b21db,Tumbling Trial 2025,Counties Manukau Gymnastics,TUM,FIG 17-21 Years Male,Qualification,1,,4,TRUE,5,0,0,99,0,,1,0,Linstrom,Zavier,NHG,01/01/0001,,1,0,8,0,0,E2,100,,,,,,,,,,,,
583,0575c463-57fc-40ae-613e-c7c1010b21db,Tumbling Trial 2025,Counties Manukau Gymnastics,TUM,FIG 17-21 Years Male,Qualification,1,,4,TRUE,5,0,0,99,0,,1,0,Linstrom,Zavier,NHG,01/01/0001,,1,0,8,0,0,E3,100,,,,,,,,,,,,
584,0575c463-57fc-40ae-613e-c7c1010b21db,Tumbling Trial 2025,Counties Manukau Gymnastics,TUM,FIG 17-21 Years Male,Qualification,1,,4,TRUE,5,0,0,99,0,,1,0,Linstrom,Zavier,NHG,01/01/0001,,1,0,8,0,0,E4,100,,,,,,,,,,,,
585,0575c463-57fc-40ae-613e-c7c1010b21db,Tumbling Trial 2025,Counties Manukau Gymnastics,TUM,FIG 17-21 Years Male,Qualification,1,,4,TRUE,5,0,0,99,0,,1,0,Linstrom,Zavier,NHG,01/01/0001,,1,0,8,0,0,E5,100,,,,,,,,,,,,
586,0575c463-57fc-40ae-613e-c7c1010b21db,Tumbling Trial 2025,Counties Manukau Gymnastics,TUM,FIG 17-21 Years Male,Qualification,1,,4,TRUE,5,0,0,99,0,,1,0,Linstrom,Zavier,NHG,01/01/0001,,1,0,8,0,0,E8,100,,,,,,,,,,,,
587,0575c463-57fc-40ae-613e-c7c1010b21db,Tumbling Trial 2025,Counties Manukau Gymnastics,TUM,FIG 17-21 Years Male,Qualification,1,,4,TRUE,5,0,0,99,0,,1,0,Linstrom,Zavier,NHG,01/01/0001,,1,0,8,0,0,E∑,200,0,0,0,0,0,0,0,0,0,0,0,0
588,0575c463-57fc-40ae-613e-c7c1010b21db,Tumbling Trial 2025,Counties Manukau Gymnastics,TUM,FIG 17-21 Years Male,Qualification,1,,4,TRUE,5,0,0,99,0,,1,0,Linstrom,Zavier,NHG,01/01/0001,,1,0,8,0,0,T,0,,,,,,,,,,,,
589,0575c463-57fc-40ae-613e-c7c1010b21db,Tumbling Trial 2025,Counties Manukau Gymnastics,TUM,FIG 17-21 Years Male,Qualification,1,,4,TRUE,5,0,0,99,0,,1,0,Linstrom,Zavier,NHG,01/01/0001,,1,0,8,0,0,D,0,0,,,,,,,,,,,
590,0575c463-57fc-40ae-613e-c7c1010b21db,Tumbling Trial 2025,Counties Manukau Gymnastics,TUM,FIG 17-21 Years Male,Qualification,1,,4,TRUE,5,0,0,99,0,,1,0,Linstrom,Zavier,NHG,01/01/0001,,1,0,8,0,0,H,0,0,0,,,,,,,,,,
591,0575c463-57fc-40ae-613e-c7c1010b21db,Tumbling Trial 2025,Counties Manukau Gymnastics,TUM,FIG 17-21 Years Male,Qualification,1,,4,TRUE,5,0,0,99,0,,1,0,Linstrom,Zavier,NHG,01/01/0001,,2,0,0,0,0,E1,0,,,,,,,,,,,,
592,0575c463-57fc-40ae-613e-c7c1010b21db,Tumbling Trial 2025,Counties Manukau Gymnastics,TUM,FIG 17-21 Years Male,Qualification,1,,4,TRUE,5,0,0,99,0,,1,0,Linstrom,Zavier,NHG,01/01/0001,,2,0,0,0,0,E2,0,,,,,,,,,,,,
593,0575c463-57fc-40ae-613e-c7c1010b21db,Tumbling Trial 2025,Counties Manukau Gymnastics,TUM,FIG 17-21 Years Male,Qualification,1,,4,TRUE,5,0,0,99,0,,1,0,Linstrom,Zavier,NHG,01/01/0001,,2,0,0,0,0,E3,0,,,,,,,,,,,,
594,0575c463-57fc-40ae-613e-c7c1010b21db,Tumbling Trial 2025,Counties Manukau Gymnastics,TUM,FIG 17-21 Years Male,Qualification,1,,4,TRUE,5,0,0,99,0,,1,0,Linstrom,Zavier,NHG,01/01/0001,,2,0,0,0,0,E4,0,,,,,,,,,,,,
595,0575c463-57fc-40ae-613e-c7c1010b21db,Tumbling Trial 2025,Counties Manukau Gymnastics,TUM,FIG 17-21 Years Male,Qualification,1,,4,TRUE,5,0,0,99,0,,1,0,Linstrom,Zavier,NHG,01/01/0001,,2,0,0,0,0,E5,0,,,,,,,,,,,,
596,0575c463-57fc-40ae-613e-c7c1010b21db,Tumbling Trial 2025,Counties Manukau Gymnastics,TUM,FIG 17-21 Years Male,Qualification,1,,4,TRUE,5,0,0,99,0,,1,0,Linstrom,Zavier,NHG,01/01/0001,,2,0,0,0,0,E8,0,,,,,,,,,,,,
597,0575c463-57fc-40ae-613e-c7c1010b21db,Tumbling Trial 2025,Counties Manukau Gymnastics,TUM,FIG 17-21 Years Male,Qualification,1,,4,TRUE,5,0,0,99,0,,1,0,Linstrom,Zavier,NHG,01/01/0001,,2,0,0,0,0,E∑,0,0,0,0,0,0,0,0,0,0,0,0,0
598,0575c463-57fc-40ae-613e-c7c1010b21db,Tumbling Trial 2025,Counties Manukau Gymnastics,TUM,FIG 17-21 Years Male,Qualification,1,,4,TRUE,5,0,0,99,0,,1,0,Linstrom,Zavier,NHG,01/01/0001,,2,0,0,0,0,T,0,,,,,,,,,,,,
599,0575c463-57fc-40ae-613e-c7c1010b21db,Tumbling Trial 2025,Counties Manukau Gymnastics,TUM,FIG 17-21 Years Male,Qualification,1,,4,TRUE,5,0,0,99,0,,1,0,Linstrom,Zavier,NHG,01/01/0001,,2,0,0,0,0,D,0,0,,,,,,,,,,,
600,0575c463-57fc-40ae-613e-c7c1010b21db,Tumbling Trial 2025,Counties Manukau Gymnastics,TUM,FIG 17-21 Years Male,Qualification,1,,4,TRUE,5,0,0,99,0,,1,0,Linstrom,Zavier,NHG,01/01/0001,,2,0,0,0,0,H,0,0,0,,,,,,,,,,
601,0575c463-57fc-40ae-613e-c7c1010b21db,Tumbling Trial 2025,Counties Manukau Gymnastics,TUM,FIG 17-21 Years Male,Qualification,1,,5,TRUE,3,39000,0,99,0,,1,0,Teirney,Daniel,NHG,01/01/0001,,1,17100,7,0,0,E1,80,1,1,1,1,2,2,2,,,,,0
602,0575c463-57fc-40ae-613e-c7c1010b21db,Tumbling Trial 2025,Counties Manukau Gymnastics,TUM,FIG 17-21 Years Male,Qualification,1,,5,TRUE,3,39000,0,99,0,,1,0,Teirney,Daniel,NHG,01/01/0001,,1,17100,7,0,0,E2,77,1,1,2,2,3,2,2,,,,,0
603,0575c463-57fc-40ae-613e-c7c1010b21db,Tumbling Trial 2025,Counties Manukau Gymnastics,TUM,FIG 17-21 Years Male,Qualification,1,,5,TRUE,3,39000,0,99,0,,1,0,Teirney,Daniel,NHG,01/01/0001,,1,17100,7,0,0,E3,80,1,1,1,2,2,2,1,,,,,0
604,0575c463-57fc-40ae-613e-c7c1010b21db,Tumbling Trial 2025,Counties Manukau Gymnastics,TUM,FIG 17-21 Years Male,Qualification,1,,5,TRUE,3,39000,0,99,0,,1,0,Teirney,Daniel,NHG,01/01/0001,,1,17100,7,0,0,E4,80,1,1,1,1,2,2,2,,,,,0
605,0575c463-57fc-40ae-613e-c7c1010b21db,Tumbling Trial 2025,Counties Manukau Gymnastics,TUM,FIG 17-21 Years Male,Qualification,1,,5,TRUE,3,39000,0,99,0,,1,0,Teirney,Daniel,NHG,01/01/0001,,1,17100,7,0,0,E5,90,,,,,,,,,,,,
606,0575c463-57fc-40ae-613e-c7c1010b21db,Tumbling Trial 2025,Counties Manukau Gymnastics,TUM,FIG 17-21 Years Male,Qualification,1,,5,TRUE,3,39000,0,99,0,,1,0,Teirney,Daniel,NHG,01/01/0001,,1,17100,7,0,0,E8,90,,,,,,,,,,,,
607,0575c463-57fc-40ae-613e-c7c1010b21db,Tumbling Trial 2025,Counties Manukau Gymnastics,TUM,FIG 17-21 Years Male,Qualification,1,,5,TRUE,3,39000,0,99,0,,1,0,Teirney,Daniel,NHG,01/01/0001,,1,17100,7,0,0,E∑,159,2,2,2,3,4,4,4,0,0,0,0,0
608,0575c463-57fc-40ae-613e-c7c1010b21db,Tumbling Trial 2025,Counties Manukau Gymnastics,TUM,FIG 17-21 Years Male,Qualification,1,,5,TRUE,3,39000,0,99,0,,1,0,Teirney,Daniel,NHG,01/01/0001,,1,17100,7,0,0,T,0,,,,,,,,,,,,
609,0575c463-57fc-40ae-613e-c7c1010b21db,Tumbling Trial 2025,Counties Manukau Gymnastics,TUM,FIG 17-21 Years Male,Qualification,1,,5,TRUE,3,39000,0,99,0,,1,0,Teirney,Daniel,NHG,01/01/0001,,1,17100,7,0,0,D,12,0,,,,,,,,,,,
610,0575c463-57fc-40ae-613e-c7c1010b21db,Tumbling Trial 2025,Counties Manukau Gymnastics,TUM,FIG 17-21 Years Male,Qualification,1,,5,TRUE,3,39000,0,99,0,,1,0,Teirney,Daniel,NHG,01/01/0001,,1,17100,7,0,0,H,0,0,0,,,,,,,,,,
611,0575c463-57fc-40ae-613e-c7c1010b21db,Tumbling Trial 2025,Counties Manukau Gymnastics,TUM,FIG 17-21 Years Male,Qualification,1,,5,TRUE,3,39000,0,99,0,,1,0,Teirney,Daniel,NHG,01/01/0001,,2,21900,8,0,0,E1,90,1,1,1,1,1,1,1,2,,,1,0
612,0575c463-57fc-40ae-613e-c7c1010b21db,Tumbling Trial 2025,Counties Manukau Gymnastics,TUM,FIG 17-21 Years Male,Qualification,1,,5,TRUE,3,39000,0,99,0,,1,0,Teirney,Daniel,NHG,01/01/0001,,2,21900,8,0,0,E2,86,1,1,1,2,2,1,1,3,,,2,0
613,0575c463-57fc-40ae-613e-c7c1010b21db,Tumbling Trial 2025,Counties Manukau Gymnastics,TUM,FIG 17-21 Years Male,Qualification,1,,5,TRUE,3,39000,0,99,0,,1,0,Teirney,Daniel,NHG,01/01/0001,,2,21900,8,0,0,E3,88,1,1,1,1,1,1,1,4,,,1,0
614,0575c463-57fc-40ae-613e-c7c1010b21db,Tumbling Trial 2025,Counties Manukau Gymnastics,TUM,FIG 17-21 Years Male,Qualification,1,,5,TRUE,3,39000,0,99,0,,1,0,Teirney,Daniel,NHG,01/01/0001,,2,21900,8,0,0,E4,88,1,1,1,1,1,1,1,4,,,1,0
615,0575c463-57fc-40ae-613e-c7c1010b21db,Tumbling Trial 2025,Counties Manukau Gymnastics,TUM,FIG 17-21 Years Male,Qualification,1,,5,TRUE,3,39000,0,99,0,,1,0,Teirney,Daniel,NHG,01/01/0001,,2,21900,8,0,0,E5,100,,,,,,,,,,,,
616,0575c463-57fc-40ae-613e-c7c1010b21db,Tumbling Trial 2025,Counties Manukau Gymnastics,TUM,FIG 17-21 Years Male,Qualification,1,,5,TRUE,3,39000,0,99,0,,1,0,Teirney,Daniel,NHG,01/01/0001,,2,21900,8,0,0,E8,100,,,,,,,,,,,,
617,0575c463-57fc-40ae-613e-c7c1010b21db,Tumbling Trial 2025,Counties Manukau Gymnastics,TUM,FIG 17-21 Years Male,Qualification,1,,5,TRUE,3,39000,0,99,0,,1,0,Teirney,Daniel,NHG,01/01/0001,,2,21900,8,0,0,E∑,177,2,2,2,2,2,2,2,7,0,0,2,0
618,0575c463-57fc-40ae-613e-c7c1010b21db,Tumbling Trial 2025,Counties Manukau Gymnastics,TUM,FIG 17-21 Years Male,Qualification,1,,5,TRUE,3,39000,0,99,0,,1,0,Teirney,Daniel,NHG,01/01/0001,,2,21900,8,0,0,T,0,,,,,,,,,,,,
619,0575c463-57fc-40ae-613e-c7c1010b21db,Tumbling Trial 2025,Counties Manukau Gymnastics,TUM,FIG 17-21 Years Male,Qualification,1,,5,TRUE,3,39000,0,99,0,,1,0,Teirney,Daniel,NHG,01/01/0001,,2,21900,8,0,0,D,42,0,,,,,,,,,,,
620,0575c463-57fc-40ae-613e-c7c1010b21db,Tumbling Trial 2025,Counties Manukau Gymnastics,TUM,FIG 17-21 Years Male,Qualification,1,,5,TRUE,3,39000,0,99,0,,1,0,Teirney,Daniel,NHG,01/01/0001,,2,21900,8,0,0,H,0,0,0,,,,,,,,,,
621,0575c463-57fc-40ae-613e-c7c1010b21db,Tumbling Trial 2025,Counties Manukau Gymnastics,TUM,FIG 17-21 Years Male,Qualification2,1,,1,TRUE,4,37700,0,99,0,,1,0,John-Franke,Kieran,Counties,01/01/0001,,1,17100,7,0,0,E1,79,1,1,1,2,2,2,2,,,,,0
622,0575c463-57fc-40ae-613e-c7c1010b21db,Tumbling Trial 2025,Counties Manukau Gymnastics,TUM,FIG 17-21 Years Male,Qualification2,1,,1,TRUE,4,37700,0,99,0,,1,0,John-Franke,Kieran,Counties,01/01/0001,,1,17100,7,0,0,E2,78,1,1,2,1,2,1,4,,,,,0
623,0575c463-57fc-40ae-613e-c7c1010b21db,Tumbling Trial 2025,Counties Manukau Gymnastics,TUM,FIG 17-21 Years Male,Qualification2,1,,1,TRUE,4,37700,0,99,0,,1,0,John-Franke,Kieran,Counties,01/01/0001,,1,17100,7,0,0,E3,80,1,2,2,2,1,1,1,,,,,0
624,0575c463-57fc-40ae-613e-c7c1010b21db,Tumbling Trial 2025,Counties Manukau Gymnastics,TUM,FIG 17-21 Years Male,Qualification2,1,,1,TRUE,4,37700,0,99,0,,1,0,John-Franke,Kieran,Counties,01/01/0001,,1,17100,7,0,0,E4,81,1,1,2,2,1,1,1,,,,,0
625,0575c463-57fc-40ae-613e-c7c1010b21db,Tumbling Trial 2025,Counties Manukau Gymnastics,TUM,FIG 17-21 Years Male,Qualification2,1,,1,TRUE,4,37700,0,99,0,,1,0,John-Franke,Kieran,Counties,01/01/0001,,1,17100,7,0,0,E5,90,,,,,,,,,,,,
626,0575c463-57fc-40ae-613e-c7c1010b21db,Tumbling Trial 2025,Counties Manukau Gymnastics,TUM,FIG 17-21 Years Male,Qualification2,1,,1,TRUE,4,37700,0,99,0,,1,0,John-Franke,Kieran,Counties,01/01/0001,,1,17100,7,0,0,E8,90,,,,,,,,,,,,
627,0575c463-57fc-40ae-613e-c7c1010b21db,Tumbling Trial 2025,Counties Manukau Gymnastics,TUM,FIG 17-21 Years Male,Qualification2,1,,1,TRUE,4,37700,0,99,0,,1,0,John-Franke,Kieran,Counties,01/01/0001,,1,17100,7,0,0,E∑,160,2,2,4,4,3,2,3,0,0,0,0,0
628,0575c463-57fc-40ae-613e-c7c1010b21db,Tumbling Trial 2025,Counties Manukau Gymnastics,TUM,FIG 17-21 Years Male,Qualification2,1,,1,TRUE,4,37700,0,99,0,,1,0,John-Franke,Kieran,Counties,01/01/0001,,1,17100,7,0,0,T,0,,,,,,,,,,,,
629,0575c463-57fc-40ae-613e-c7c1010b21db,Tumbling Trial 2025,Counties Manukau Gymnastics,TUM,FIG 17-21 Years Male,Qualification2,1,,1,TRUE,4,37700,0,99,0,,1,0,John-Franke,Kieran,Counties,01/01/0001,,1,17100,7,0,0,D,11,0,,,,,,,,,,,
630,0575c463-57fc-40ae-613e-c7c1010b21db,Tumbling Trial 2025,Counties Manukau Gymnastics,TUM,FIG 17-21 Years Male,Qualification2,1,,1,TRUE,4,37700,0,99,0,,1,0,John-Franke,Kieran,Counties,01/01/0001,,1,17100,7,0,0,H,0,0,0,,,,,,,,,,
631,0575c463-57fc-40ae-613e-c7c1010b21db,Tumbling Trial 2025,Counties Manukau Gymnastics,TUM,FIG 17-21 Years Male,Qualification2,1,,1,TRUE,4,37700,0,99,0,,1,0,John-Franke,Kieran,Counties,01/01/0001,,2,20600,8,0,2,E1,84,1,1,1,1,1,2,2,4,,,3,0
632,0575c463-57fc-40ae-613e-c7c1010b21db,Tumbling Trial 2025,Counties Manukau Gymnastics,TUM,FIG 17-21 Years Male,Qualification2,1,,1,TRUE,4,37700,0,99,0,,1,0,John-Franke,Kieran,Counties,01/01/0001,,2,20600,8,0,2,E2,83,1,1,1,1,2,2,2,4,,,3,0
633,0575c463-57fc-40ae-613e-c7c1010b21db,Tumbling Trial 2025,Counties Manukau Gymnastics,TUM,FIG 17-21 Years Male,Qualification2,1,,1,TRUE,4,37700,0,99,0,,1,0,John-Franke,Kieran,Counties,01/01/0001,,2,20600,8,0,2,E3,83,1,1,1,2,2,1,3,4,,,2,0
634,0575c463-57fc-40ae-613e-c7c1010b21db,Tumbling Trial 2025,Counties Manukau Gymnastics,TUM,FIG 17-21 Years Male,Qualification2,1,,1,TRUE,4,37700,0,99,0,,1,0,John-Franke,Kieran,Counties,01/01/0001,,2,20600,8,0,2,E4,84,2,2,1,1,2,0,0,5,,,3,0
635,0575c463-57fc-40ae-613e-c7c1010b21db,Tumbling Trial 2025,Counties Manukau Gymnastics,TUM,FIG 17-21 Years Male,Qualification2,1,,1,TRUE,4,37700,0,99,0,,1,0,John-Franke,Kieran,Counties,01/01/0001,,2,20600,8,0,2,E5,100,,,,,,,,,,,,
636,0575c463-57fc-40ae-613e-c7c1010b21db,Tumbling Trial 2025,Counties Manukau Gymnastics,TUM,FIG 17-21 Years Male,Qualification2,1,,1,TRUE,4,37700,0,99,0,,1,0,John-Franke,Kieran,Counties,01/01/0001,,2,20600,8,0,2,E8,100,,,,,,,,,,,,
637,0575c463-57fc-40ae-613e-c7c1010b21db,Tumbling Trial 2025,Counties Manukau Gymnastics,TUM,FIG 17-21 Years Male,Qualification2,1,,1,TRUE,4,37700,0,99,0,,1,0,John-Franke,Kieran,Counties,01/01/0001,,2,20600,8,0,2,E∑,167,2,2,2,2,4,3,4,8,0,0,6,0
638,0575c463-57fc-40ae-613e-c7c1010b21db,Tumbling Trial 2025,Counties Manukau Gymnastics,TUM,FIG 17-21 Years Male,Qualification2,1,,1,TRUE,4,37700,0,99,0,,1,0,John-Franke,Kieran,Counties,01/01/0001,,2,20600,8,0,2,T,0,,,,,,,,,,,,
639,0575c463-57fc-40ae-613e-c7c1010b21db,Tumbling Trial 2025,Counties Manukau Gymnastics,TUM,FIG 17-21 Years Male,Qualification2,1,,1,TRUE,4,37700,0,99,0,,1,0,John-Franke,Kieran,Counties,01/01/0001,,2,20600,8,0,2,D,41,0,,,,,,,,,,,
640,0575c463-57fc-40ae-613e-c7c1010b21db,Tumbling Trial 2025,Counties Manukau Gymnastics,TUM,FIG 17-21 Years Male,Qualification2,1,,1,TRUE,4,37700,0,99,0,,1,0,John-Franke,Kieran,Counties,01/01/0001,,2,20600,8,0,2,H,0,0,0,,,,,,,,,,
641,0575c463-57fc-40ae-613e-c7c1010b21db,Tumbling Trial 2025,Counties Manukau Gymnastics,TUM,FIG 17-21 Years Male,Qualification2,1,,2,TRUE,1,46100,0,99,0,,1,0,King,Thomas,Counties,01/01/0001,,1,22800,8,0,0,E1,84,1,1,2,2,2,2,2,3,,,1,0
642,0575c463-57fc-40ae-613e-c7c1010b21db,Tumbling Trial 2025,Counties Manukau Gymnastics,TUM,FIG 17-21 Years Male,Qualification2,1,,2,TRUE,1,46100,0,99,0,,1,0,King,Thomas,Counties,01/01/0001,,1,22800,8,0,0,E2,83,1,1,2,2,2,2,2,4,,,1,0
643,0575c463-57fc-40ae-613e-c7c1010b21db,Tumbling Trial 2025,Counties Manukau Gymnastics,TUM,FIG 17-21 Years Male,Qualification2,1,,2,TRUE,1,46100,0,99,0,,1,0,King,Thomas,Counties,01/01/0001,,1,22800,8,0,0,E3,84,0,1,2,3,2,2,2,3,,,1,0
644,0575c463-57fc-40ae-613e-c7c1010b21db,Tumbling Trial 2025,Counties Manukau Gymnastics,TUM,FIG 17-21 Years Male,Qualification2,1,,2,TRUE,1,46100,0,99,0,,1,0,King,Thomas,Counties,01/01/0001,,1,22800,8,0,0,E4,84,1,1,2,2,2,2,1,4,,,1,0
645,0575c463-57fc-40ae-613e-c7c1010b21db,Tumbling Trial 2025,Counties Manukau Gymnastics,TUM,FIG 17-21 Years Male,Qualification2,1,,2,TRUE,1,46100,0,99,0,,1,0,King,Thomas,Counties,01/01/0001,,1,22800,8,0,0,E5,100,,,,,,,,,,,,
646,0575c463-57fc-40ae-613e-c7c1010b21db,Tumbling Trial 2025,Counties Manukau Gymnastics,TUM,FIG 17-21 Years Male,Qualification2,1,,2,TRUE,1,46100,0,99,0,,1,0,King,Thomas,Counties,01/01/0001,,1,22800,8,0,0,E8,100,,,,,,,,,,,,
647,0575c463-57fc-40ae-613e-c7c1010b21db,Tumbling Trial 2025,Counties Manukau Gymnastics,TUM,FIG 17-21 Years Male,Qualification2,1,,2,TRUE,1,46100,0,99,0,,1,0,King,Thomas,Counties,01/01/0001,,1,22800,8,0,0,E∑,167,2,2,4,4,4,4,4,7,0,0,2,0
648,0575c463-57fc-40ae-613e-c7c1010b21db,Tumbling Trial 2025,Counties Manukau Gymnastics,TUM,FIG 17-21 Years Male,Qualification2,1,,2,TRUE,1,46100,0,99,0,,1,0,King,Thomas,Counties,01/01/0001,,1,22800,8,0,0,T,0,,,,,,,,,,,,
649,0575c463-57fc-40ae-613e-c7c1010b21db,Tumbling Trial 2025,Counties Manukau Gymnastics,TUM,FIG 17-21 Years Male,Qualification2,1,,2,TRUE,1,46100,0,99,0,,1,0,King,Thomas,Counties,01/01/0001,,1,22800,8,0,0,D,61,0,,,,,,,,,,,
650,0575c463-57fc-40ae-613e-c7c1010b21db,Tumbling Trial 2025,Counties Manukau Gymnastics,TUM,FIG 17-21 Years Male,Qualification2,1,,2,TRUE,1,46100,0,99,0,,1,0,King,Thomas,Counties,01/01/0001,,1,22800,8,0,0,H,0,0,0,,,,,,,,,,
651,0575c463-57fc-40ae-613e-c7c1010b21db,Tumbling Trial 2025,Counties Manukau Gymnastics,TUM,FIG 17-21 Years Male,Qualification2,1,,2,TRUE,1,46100,0,99,0,,1,0,King,Thomas,Counties,01/01/0001,,2,23300,8,0,0,E1,86,1,1,1,2,2,2,2,2,,,1,0
652,0575c463-57fc-40ae-613e-c7c1010b21db,Tumbling Trial 2025,Counties Manukau Gymnastics,TUM,FIG 17-21 Years Male,Qualification2,1,,2,TRUE,1,46100,0,99,0,,1,0,King,Thomas,Counties,01/01/0001,,2,23300,8,0,0,E2,86,1,1,1,2,2,2,2,2,,,1,0
653,0575c463-57fc-40ae-613e-c7c1010b21db,Tumbling Trial 2025,Counties Manukau Gymnastics,TUM,FIG 17-21 Years Male,Qualification2,1,,2,TRUE,1,46100,0,99,0,,1,0,King,Thomas,Counties,01/01/0001,,2,23300,8,0,0,E3,86,1,2,1,1,2,2,2,2,,,1,0
654,0575c463-57fc-40ae-613e-c7c1010b21db,Tumbling Trial 2025,Counties Manukau Gymnastics,TUM,FIG 17-21 Years Male,Qualification2,1,,2,TRUE,1,46100,0,99,0,,1,0,King,Thomas,Counties,01/01/0001,,2,23300,8,0,0,E4,84,1,2,2,2,2,2,2,2,,,1,0
655,0575c463-57fc-40ae-613e-c7c1010b21db,Tumbling Trial 2025,Counties Manukau Gymnastics,TUM,FIG 17-21 Years Male,Qualification2,1,,2,TRUE,1,46100,0,99,0,,1,0,King,Thomas,Counties,01/01/0001,,2,23300,8,0,0,E5,100,,,,,,,,,,,,
656,0575c463-57fc-40ae-613e-c7c1010b21db,Tumbling Trial 2025,Counties Manukau Gymnastics,TUM,FIG 17-21 Years Male,Qualification2,1,,2,TRUE,1,46100,0,99,0,,1,0,King,Thomas,Counties,01/01/0001,,2,23300,8,0,0,E8,100,,,,,,,,,,,,
657,0575c463-57fc-40ae-613e-c7c1010b21db,Tumbling Trial 2025,Counties Manukau Gymnastics,TUM,FIG 17-21 Years Male,Qualification2,1,,2,TRUE,1,46100,0,99,0,,1,0,King,Thomas,Counties,01/01/0001,,2,23300,8,0,0,E∑,171,2,3,2,4,4,4,4,4,0,0,2,0
658,0575c463-57fc-40ae-613e-c7c1010b21db,Tumbling Trial 2025,Counties Manukau Gymnastics,TUM,FIG 17-21 Years Male,Qualification2,1,,2,TRUE,1,46100,0,99,0,,1,0,King,Thomas,Counties,01/01/0001,,2,23300,8,0,0,T,0,,,,,,,,,,,,
659,0575c463-57fc-40ae-613e-c7c1010b21db,Tumbling Trial 2025,Counties Manukau Gymnastics,TUM,FIG 17-21 Years Male,Qualification2,1,,2,TRUE,1,46100,0,99,0,,1,0,King,Thomas,Counties,01/01/0001,,2,23300,8,0,0,D,62,0,,,,,,,,,,,
660,0575c463-57fc-40ae-613e-c7c1010b21db,Tumbling Trial 2025,Counties Manukau Gymnastics,TUM,FIG 17-21 Years Male,Qualification2,1,,2,TRUE,1,46100,0,99,0,,1,0,King,Thomas,Counties,01/01/0001,,2,23300,8,0,0,H,0,0,0,,,,,,,,,,
661,0575c463-57fc-40ae-613e-c7c1010b21db,Tumbling Trial 2025,Counties Manukau Gymnastics,TUM,FIG 17-21 Years Male,Qualification2,1,,3,TRUE,3,41500,0,99,0,,1,0,Robinson,Sean,Gymnastica Gym Club,01/01/0001,,1,20600,8,0,0,E1,76,2,2,3,3,3,3,3,4,,,1,0
662,0575c463-57fc-40ae-613e-c7c1010b21db,Tumbling Trial 2025,Counties Manukau Gymnastics,TUM,FIG 17-21 Years Male,Qualification2,1,,3,TRUE,3,41500,0,99,0,,1,0,Robinson,Sean,Gymnastica Gym Club,01/01/0001,,1,20600,8,0,0,E2,80,1,2,2,2,2,3,3,4,,,1,0
663,0575c463-57fc-40ae-613e-c7c1010b21db,Tumbling Trial 2025,Counties Manukau Gymnastics,TUM,FIG 17-21 Years Male,Qualification2,1,,3,TRUE,3,41500,0,99,0,,1,0,Robinson,Sean,Gymnastica Gym Club,01/01/0001,,1,20600,8,0,0,E3,84,1,2,2,2,2,1,2,3,,,1,0
664,0575c463-57fc-40ae-613e-c7c1010b21db,Tumbling Trial 2025,Counties Manukau Gymnastics,TUM,FIG 17-21 Years Male,Qualification2,1,,3,TRUE,3,41500,0,99,0,,1,0,Robinson,Sean,Gymnastica Gym Club,01/01/0001,,1,20600,8,0,0,E4,83,1,2,2,2,2,2,1,4,,,1,0
665,0575c463-57fc-40ae-613e-c7c1010b21db,Tumbling Trial 2025,Counties Manukau Gymnastics,TUM,FIG 17-21 Years Male,Qualification2,1,,3,TRUE,3,41500,0,99,0,,1,0,Robinson,Sean,Gymnastica Gym Club,01/01/0001,,1,20600,8,0,0,E5,100,,,,,,,,,,,,
666,0575c463-57fc-40ae-613e-c7c1010b21db,Tumbling Trial 2025,Counties Manukau Gymnastics,TUM,FIG 17-21 Years Male,Qualification2,1,,3,TRUE,3,41500,0,99,0,,1,0,Robinson,Sean,Gymnastica Gym Club,01/01/0001,,1,20600,8,0,0,E8,100,,,,,,,,,,,,
667,0575c463-57fc-40ae-613e-c7c1010b21db,Tumbling Trial 2025,Counties Manukau Gymnastics,TUM,FIG 17-21 Years Male,Qualification2,1,,3,TRUE,3,41500,0,99,0,,1,0,Robinson,Sean,Gymnastica Gym Club,01/01/0001,,1,20600,8,0,0,E∑,162,2,4,4,4,4,5,5,8,0,0,2,0
668,0575c463-57fc-40ae-613e-c7c1010b21db,Tumbling Trial 2025,Counties Manukau Gymnastics,TUM,FIG 17-21 Years Male,Qualification2,1,,3,TRUE,3,41500,0,99,0,,1,0,Robinson,Sean,Gymnastica Gym Club,01/01/0001,,1,20600,8,0,0,T,0,,,,,,,,,,,,
669,0575c463-57fc-40ae-613e-c7c1010b21db,Tumbling Trial 2025,Counties Manukau Gymnastics,TUM,FIG 17-21 Years Male,Qualification2,1,,3,TRUE,3,41500,0,99,0,,1,0,Robinson,Sean,Gymnastica Gym Club,01/01/0001,,1,20600,8,0,0,D,44,0,,,,,,,,,,,
670,0575c463-57fc-40ae-613e-c7c1010b21db,Tumbling Trial 2025,Counties Manukau Gymnastics,TUM,FIG 17-21 Years Male,Qualification2,1,,3,TRUE,3,41500,0,99,0,,1,0,Robinson,Sean,Gymnastica Gym Club,01/01/0001,,1,20600,8,0,0,H,0,0,0,,,,,,,,,,
671,0575c463-57fc-40ae-613e-c7c1010b21db,Tumbling Trial 2025,Counties Manukau Gymnastics,TUM,FIG 17-21 Years Male,Qualification2,1,,3,TRUE,3,41500,0,99,0,,1,0,Robinson,Sean,Gymnastica Gym Club,01/01/0001,,2,20900,8,0,0,E1,78,1,2,2,3,3,3,3,4,,,1,0
672,0575c463-57fc-40ae-613e-c7c1010b21db,Tumbling Trial 2025,Counties Manukau Gymnastics,TUM,FIG 17-21 Years Male,Qualification2,1,,3,TRUE,3,41500,0,99,0,,1,0,Robinson,Sean,Gymnastica Gym Club,01/01/0001,,2,20900,8,0,0,E2,84,1,1,2,2,1,2,2,4,,,1,0
673,0575c463-57fc-40ae-613e-c7c1010b21db,Tumbling Trial 2025,Counties Manukau Gymnastics,TUM,FIG 17-21 Years Male,Qualification2,1,,3,TRUE,3,41500,0,99,0,,1,0,Robinson,Sean,Gymnastica Gym Club,01/01/0001,,2,20900,8,0,0,E3,84,1,2,2,2,1,2,1,4,,,1,0
674,0575c463-57fc-40ae-613e-c7c1010b21db,Tumbling Trial 2025,Counties Manukau Gymnastics,TUM,FIG 17-21 Years Male,Qualification2,1,,3,TRUE,3,41500,0,99,0,,1,0,Robinson,Sean,Gymnastica Gym Club,01/01/0001,,2,20900,8,0,0,E4,85,1,1,2,2,2,2,1,3,,,1,0
675,0575c463-57fc-40ae-613e-c7c1010b21db,Tumbling Trial 2025,Counties Manukau Gymnastics,TUM,FIG 17-21 Years Male,Qualification2,1,,3,TRUE,3,41500,0,99,0,,1,0,Robinson,Sean,Gymnastica Gym Club,01/01/0001,,2,20900,8,0,0,E5,100,,,,,,,,,,,,
676,0575c463-57fc-40ae-613e-c7c1010b21db,Tumbling Trial 2025,Counties Manukau Gymnastics,TUM,FIG 17-21 Years Male,Qualification2,1,,3,TRUE,3,41500,0,99,0,,1,0,Robinson,Sean,Gymnastica Gym Club,01/01/0001,,2,20900,8,0,0,E8,100,,,,,,,,,,,,
677,0575c463-57fc-40ae-613e-c7c1010b21db,Tumbling Trial 2025,Counties Manukau Gymnastics,TUM,FIG 17-21 Years Male,Qualification2,1,,3,TRUE,3,41500,0,99,0,,1,0,Robinson,Sean,Gymnastica Gym Club,01/01/0001,,2,20900,8,0,0,E∑,167,2,3,4,4,3,4,3,8,0,0,2,0
678,0575c463-57fc-40ae-613e-c7c1010b21db,Tumbling Trial 2025,Counties Manukau Gymnastics,TUM,FIG 17-21 Years Male,Qualification2,1,,3,TRUE,3,41500,0,99,0,,1,0,Robinson,Sean,Gymnastica Gym Club,01/01/0001,,2,20900,8,0,0,T,0,,,,,,,,,,,,
679,0575c463-57fc-40ae-613e-c7c1010b21db,Tumbling Trial 2025,Counties Manukau Gymnastics,TUM,FIG 17-21 Years Male,Qualification2,1,,3,TRUE,3,41500,0,99,0,,1,0,Robinson,Sean,Gymnastica Gym Club,01/01/0001,,2,20900,8,0,0,D,42,0,,,,,,,,,,,
680,0575c463-57fc-40ae-613e-c7c1010b21db,Tumbling Trial 2025,Counties Manukau Gymnastics,TUM,FIG 17-21 Years Male,Qualification2,1,,3,TRUE,3,41500,0,99,0,,1,0,Robinson,Sean,Gymnastica Gym Club,01/01/0001,,2,20900,8,0,0,H,0,0,0,,,,,,,,,,
681,0575c463-57fc-40ae-613e-c7c1010b21db,Tumbling Trial 2025,Counties Manukau Gymnastics,TUM,FIG 17-21 Years Male,Qualification2,1,,4,TRUE,5,0,0,99,0,,1,0,Linstrom,Zavier,NHG,01/01/0001,,1,0,0,0,0,E1,0,,,,,,,,,,,,
682,0575c463-57fc-40ae-613e-c7c1010b21db,Tumbling Trial 2025,Counties Manukau Gymnastics,TUM,FIG 17-21 Years Male,Qualification2,1,,4,TRUE,5,0,0,99,0,,1,0,Linstrom,Zavier,NHG,01/01/0001,,1,0,0,0,0,E2,0,,,,,,,,,,,,
683,0575c463-57fc-40ae-613e-c7c1010b21db,Tumbling Trial 2025,Counties Manukau Gymnastics,TUM,FIG 17-21 Years Male,Qualification2,1,,4,TRUE,5,0,0,99,0,,1,0,Linstrom,Zavier,NHG,01/01/0001,,1,0,0,0,0,E3,0,,,,,,,,,,,,
684,0575c463-57fc-40ae-613e-c7c1010b21db,Tumbling Trial 2025,Counties Manukau Gymnastics,TUM,FIG 17-21 Years Male,Qualification2,1,,4,TRUE,5,0,0,99,0,,1,0,Linstrom,Zavier,NHG,01/01/0001,,1,0,0,0,0,E4,0,,,,,,,,,,,,
685,0575c463-57fc-40ae-613e-c7c1010b21db,Tumbling Trial 2025,Counties Manukau Gymnastics,TUM,FIG 17-21 Years Male,Qualification2,1,,4,TRUE,5,0,0,99,0,,1,0,Linstrom,Zavier,NHG,01/01/0001,,1,0,0,0,0,E5,0,,,,,,,,,,,,
686,0575c463-57fc-40ae-613e-c7c1010b21db,Tumbling Trial 2025,Counties Manukau Gymnastics,TUM,FIG 17-21 Years Male,Qualification2,1,,4,TRUE,5,0,0,99,0,,1,0,Linstrom,Zavier,NHG,01/01/0001,,1,0,0,0,0,E8,0,,,,,,,,,,,,
687,0575c463-57fc-40ae-613e-c7c1010b21db,Tumbling Trial 2025,Counties Manukau Gymnastics,TUM,FIG 17-21 Years Male,Qualification2,1,,4,TRUE,5,0,0,99,0,,1,0,Linstrom,Zavier,NHG,01/01/0001,,1,0,0,0,0,E∑,0,0,0,0,0,0,0,0,0,0,0,0,0
688,0575c463-57fc-40ae-613e-c7c1010b21db,Tumbling Trial 2025,Counties Manukau Gymnastics,TUM,FIG 17-21 Years Male,Qualification2,1,,4,TRUE,5,0,0,99,0,,1,0,Linstrom,Zavier,NHG,01/01/0001,,1,0,0,0,0,T,0,,,,,,,,,,,,
689,0575c463-57fc-40ae-613e-c7c1010b21db,Tumbling Trial 2025,Counties Manukau Gymnastics,TUM,FIG 17-21 Years Male,Qualification2,1,,4,TRUE,5,0,0,99,0,,1,0,Linstrom,Zavier,NHG,01/01/0001,,1,0,0,0,0,D,0,0,,,,,,,,,,,
690,0575c463-57fc-40ae-613e-c7c1010b21db,Tumbling Trial 2025,Counties Manukau Gymnastics,TUM,FIG 17-21 Years Male,Qualification2,1,,4,TRUE,5,0,0,99,0,,1,0,Linstrom,Zavier,NHG,01/01/0001,,1,0,0,0,0,H,0,0,0,,,,,,,,,,
691,0575c463-57fc-40ae-613e-c7c1010b21db,Tumbling Trial 2025,Counties Manukau Gymnastics,TUM,FIG 17-21 Years Male,Qualification2,1,,4,TRUE,5,0,0,99,0,,1,0,Linstrom,Zavier,NHG,01/01/0001,,2,0,0,0,0,E1,0,,,,,,,,,,,,
692,0575c463-57fc-40ae-613e-c7c1010b21db,Tumbling Trial 2025,Counties Manukau Gymnastics,TUM,FIG 17-21 Years Male,Qualification2,1,,4,TRUE,5,0,0,99,0,,1,0,Linstrom,Zavier,NHG,01/01/0001,,2,0,0,0,0,E2,0,,,,,,,,,,,,
693,0575c463-57fc-40ae-613e-c7c1010b21db,Tumbling Trial 2025,Counties Manukau Gymnastics,TUM,FIG 17-21 Years Male,Qualification2,1,,4,TRUE,5,0,0,99,0,,1,0,Linstrom,Zavier,NHG,01/01/0001,,2,0,0,0,0,E3,0,,,,,,,,,,,,
694,0575c463-57fc-40ae-613e-c7c1010b21db,Tumbling Trial 2025,Counties Manukau Gymnastics,TUM,FIG 17-21 Years Male,Qualification2,1,,4,TRUE,5,0,0,99,0,,1,0,Linstrom,Zavier,NHG,01/01/0001,,2,0,0,0,0,E4,0,,,,,,,,,,,,
695,0575c463-57fc-40ae-613e-c7c1010b21db,Tumbling Trial 2025,Counties Manukau Gymnastics,TUM,FIG 17-21 Years Male,Qualification2,1,,4,TRUE,5,0,0,99,0,,1,0,Linstrom,Zavier,NHG,01/01/0001,,2,0,0,0,0,E5,0,,,,,,,,,,,,
696,0575c463-57fc-40ae-613e-c7c1010b21db,Tumbling Trial 2025,Counties Manukau Gymnastics,TUM,FIG 17-21 Years Male,Qualification2,1,,4,TRUE,5,0,0,99,0,,1,0,Linstrom,Zavier,NHG,01/01/0001,,2,0,0,0,0,E8,0,,,,,,,,,,,,
697,0575c463-57fc-40ae-613e-c7c1010b21db,Tumbling Trial 2025,Counties Manukau Gymnastics,TUM,FIG 17-21 Years Male,Qualification2,1,,4,TRUE,5,0,0,99,0,,1,0,Linstrom,Zavier,NHG,01/01/0001,,2,0,0,0,0,E∑,0,0,0,0,0,0,0,0,0,0,0,0,0
698,0575c463-57fc-40ae-613e-c7c1010b21db,Tumbling Trial 2025,Counties Manukau Gymnastics,TUM,FIG 17-21 Years Male,Qualification2,1,,4,TRUE,5,0,0,99,0,,1,0,Linstrom,Zavier,NHG,01/01/0001,,2,0,0,0,0,T,0,,,,,,,,,,,,
699,0575c463-57fc-40ae-613e-c7c1010b21db,Tumbling Trial 2025,Counties Manukau Gymnastics,TUM,FIG 17-21 Years Male,Qualification2,1,,4,TRUE,5,0,0,99,0,,1,0,Linstrom,Zavier,NHG,01/01/0001,,2,0,0,0,0,D,0,0,,,,,,,,,,,
700,0575c463-57fc-40ae-613e-c7c1010b21db,Tumbling Trial 2025,Counties Manukau Gymnastics,TUM,FIG 17-21 Years Male,Qualification2,1,,4,TRUE,5,0,0,99,0,,1,0,Linstrom,Zavier,NHG,01/01/0001,,2,0,0,0,0,H,0,0,0,,,,,,,,,,
701,0575c463-57fc-40ae-613e-c7c1010b21db,Tumbling Trial 2025,Counties Manukau Gymnastics,TUM,FIG 17-21 Years Male,Qualification2,1,,5,TRUE,2,43900,0,99,0,,1,0,Teirney,Daniel,NHG,01/01/0001,,1,22000,8,0,0,E1,89,1,1,1,1,1,1,2,2,,,1,0
702,0575c463-57fc-40ae-613e-c7c1010b21db,Tumbling Trial 2025,Counties Manukau Gymnastics,TUM,FIG 17-21 Years Male,Qualification2,1,,5,TRUE,2,43900,0,99,0,,1,0,Teirney,Daniel,NHG,01/01/0001,,1,22000,8,0,0,E2,86,1,1,1,2,1,2,2,3,,,1,0
703,0575c463-57fc-40ae-613e-c7c1010b21db,Tumbling Trial 2025,Counties Manukau Gymnastics,TUM,FIG 17-21 Years Male,Qualification2,1,,5,TRUE,2,43900,0,99,0,,1,0,Teirney,Daniel,NHG,01/01/0001,,1,22000,8,0,0,E3,88,1,1,1,1,1,1,1,4,,,1,0
704,0575c463-57fc-40ae-613e-c7c1010b21db,Tumbling Trial 2025,Counties Manukau Gymnastics,TUM,FIG 17-21 Years Male,Qualification2,1,,5,TRUE,2,43900,0,99,0,,1,0,Teirney,Daniel,NHG,01/01/0001,,1,22000,8,0,0,E4,88,1,1,1,1,1,1,0,4,,,2,0
705,0575c463-57fc-40ae-613e-c7c1010b21db,Tumbling Trial 2025,Counties Manukau Gymnastics,TUM,FIG 17-21 Years Male,Qualification2,1,,5,TRUE,2,43900,0,99,0,,1,0,Teirney,Daniel,NHG,01/01/0001,,1,22000,8,0,0,E5,100,,,,,,,,,,,,
706,0575c463-57fc-40ae-613e-c7c1010b21db,Tumbling Trial 2025,Counties Manukau Gymnastics,TUM,FIG 17-21 Years Male,Qualification2,1,,5,TRUE,2,43900,0,99,0,,1,0,Teirney,Daniel,NHG,01/01/0001,,1,22000,8,0,0,E8,100,,,,,,,,,,,,
707,0575c463-57fc-40ae-613e-c7c1010b21db,Tumbling Trial 2025,Counties Manukau Gymnastics,TUM,FIG 17-21 Years Male,Qualification2,1,,5,TRUE,2,43900,0,99,0,,1,0,Teirney,Daniel,NHG,01/01/0001,,1,22000,8,0,0,E∑,176,2,2,2,2,2,2,3,7,0,0,2,0
708,0575c463-57fc-40ae-613e-c7c1010b21db,Tumbling Trial 2025,Counties Manukau Gymnastics,TUM,FIG 17-21 Years Male,Qualification2,1,,5,TRUE,2,43900,0,99,0,,1,0,Teirney,Daniel,NHG,01/01/0001,,1,22000,8,0,0,T,0,,,,,,,,,,,,
709,0575c463-57fc-40ae-613e-c7c1010b21db,Tumbling Trial 2025,Counties Manukau Gymnastics,TUM,FIG 17-21 Years Male,Qualification2,1,,5,TRUE,2,43900,0,99,0,,1,0,Teirney,Daniel,NHG,01/01/0001,,1,22000,8,0,0,D,44,0,,,,,,,,,,,
710,0575c463-57fc-40ae-613e-c7c1010b21db,Tumbling Trial 2025,Counties Manukau Gymnastics,TUM,FIG 17-21 Years Male,Qualification2,1,,5,TRUE,2,43900,0,99,0,,1,0,Teirney,Daniel,NHG,01/01/0001,,1,22000,8,0,0,H,0,0,0,,,,,,,,,,
711,0575c463-57fc-40ae-613e-c7c1010b21db,Tumbling Trial 2025,Counties Manukau Gymnastics,TUM,FIG 17-21 Years Male,Qualification2,1,,5,TRUE,2,43900,0,99,0,,1,0,Teirney,Daniel,NHG,01/01/0001,,2,21900,8,0,0,E1,87,1,1,1,1,1,1,2,4,,,1,0
712,0575c463-57fc-40ae-613e-c7c1010b21db,Tumbling Trial 2025,Counties Manukau Gymnastics,TUM,FIG 17-21 Years Male,Qualification2,1,,5,TRUE,2,43900,0,99,0,,1,0,Teirney,Daniel,NHG,01/01/0001,,2,21900,8,0,0,E2,87,1,1,1,1,2,1,1,4,,,1,0
713,0575c463-57fc-40ae-613e-c7c1010b21db,Tumbling Trial 2025,Counties Manukau Gymnastics,TUM,FIG 17-21 Years Male,Qualification2,1,,5,TRUE,2,43900,0,99,0,,1,0,Teirney,Daniel,NHG,01/01/0001,,2,21900,8,0,0,E3,89,1,1,1,1,1,1,1,3,,,1,0
714,0575c463-57fc-40ae-613e-c7c1010b21db,Tumbling Trial 2025,Counties Manukau Gymnastics,TUM,FIG 17-21 Years Male,Qualification2,1,,5,TRUE,2,43900,0,99,0,,1,0,Teirney,Daniel,NHG,01/01/0001,,2,21900,8,0,0,E4,90,1,1,1,1,1,1,0,3,,,1,0
715,0575c463-57fc-40ae-613e-c7c1010b21db,Tumbling Trial 2025,Counties Manukau Gymnastics,TUM,FIG 17-21 Years Male,Qualification2,1,,5,TRUE,2,43900,0,99,0,,1,0,Teirney,Daniel,NHG,01/01/0001,,2,21900,8,0,0,E5,100,,,,,,,,,,,,
716,0575c463-57fc-40ae-613e-c7c1010b21db,Tumbling Trial 2025,Counties Manukau Gymnastics,TUM,FIG 17-21 Years Male,Qualification2,1,,5,TRUE,2,43900,0,99,0,,1,0,Teirney,Daniel,NHG,01/01/0001,,2,21900,8,0,0,E8,100,,,,,,,,,,,,
717,0575c463-57fc-40ae-613e-c7c1010b21db,Tumbling Trial 2025,Counties Manukau Gymnastics,TUM,FIG 17-21 Years Male,Qualification2,1,,5,TRUE,2,43900,0,99,0,,1,0,Teirney,Daniel,NHG,01/01/0001,,2,21900,8,0,0,E∑,177,2,2,2,2,2,2,2,7,0,0,2,0
718,0575c463-57fc-40ae-613e-c7c1010b21db,Tumbling Trial 2025,Counties Manukau Gymnastics,TUM,FIG 17-21 Years Male,Qualification2,1,,5,TRUE,2,43900,0,99,0,,1,0,Teirney,Daniel,NHG,01/01/0001,,2,21900,8,0,0,T,0,,,,,,,,,,,,
719,0575c463-57fc-40ae-613e-c7c1010b21db,Tumbling Trial 2025,Counties Manukau Gymnastics,TUM,FIG 17-21 Years Male,Qualification2,1,,5,TRUE,2,43900,0,99,0,,1,0,Teirney,Daniel,NHG,01/01/0001,,2,21900,8,0,0,D,42,0,,,,,,,,,,,
720,0575c463-57fc-40ae-613e-c7c1010b21db,Tumbling Trial 2025,Counties Manukau Gymnastics,TUM,FIG 17-21 Years Male,Qualification2,1,,5,TRUE,2,43900,0,99,0,,1,0,Teirney,Daniel,NHG,01/01/0001,,2,21900,8,0,0,H,0,0,0,,,,,,,,,,
721,0575c463-57fc-40ae-613e-c7c1010b21db,Tumbling Trial 2025,Counties Manukau Gymnastics,TUM,FIG Senior Female,Qualification,1,,1,TRUE,1,43300,0,99,0,,1,0,Hampson - Tindale,Emma,Mid Island Gym Sports,01/01/0001,,1,21500,8,0,0,E1,84,1,1,1,2,2,2,2,4,,,1,0
722,0575c463-57fc-40ae-613e-c7c1010b21db,Tumbling Trial 2025,Counties Manukau Gymnastics,TUM,FIG Senior Female,Qualification,1,,1,TRUE,1,43300,0,99,0,,1,0,Hampson - Tindale,Emma,Mid Island Gym Sports,01/01/0001,,1,21500,8,0,0,E2,87,1,1,1,2,1,1,1,4,,,1,0
723,0575c463-57fc-40ae-613e-c7c1010b21db,Tumbling Trial 2025,Counties Manukau Gymnastics,TUM,FIG Senior Female,Qualification,1,,1,TRUE,1,43300,0,99,0,,1,0,Hampson - Tindale,Emma,Mid Island Gym Sports,01/01/0001,,1,21500,8,0,0,E3,85,1,1,1,2,2,1,2,4,,,1,0
724,0575c463-57fc-40ae-613e-c7c1010b21db,Tumbling Trial 2025,Counties Manukau Gymnastics,TUM,FIG Senior Female,Qualification,1,,1,TRUE,1,43300,0,99,0,,1,0,Hampson - Tindale,Emma,Mid Island Gym Sports,01/01/0001,,1,21500,8,0,0,E4,84,1,1,2,2,2,2,2,3,,,1,0
725,0575c463-57fc-40ae-613e-c7c1010b21db,Tumbling Trial 2025,Counties Manukau Gymnastics,TUM,FIG Senior Female,Qualification,1,,1,TRUE,1,43300,0,99,0,,1,0,Hampson - Tindale,Emma,Mid Island Gym Sports,01/01/0001,,1,21500,8,0,0,E5,100,,,,,,,,,,,,
726,0575c463-57fc-40ae-613e-c7c1010b21db,Tumbling Trial 2025,Counties Manukau Gymnastics,TUM,FIG Senior Female,Qualification,1,,1,TRUE,1,43300,0,99,0,,1,0,Hampson - Tindale,Emma,Mid Island Gym Sports,01/01/0001,,1,21500,8,0,0,E8,100,,,,,,,,,,,,
727,0575c463-57fc-40ae-613e-c7c1010b21db,Tumbling Trial 2025,Counties Manukau Gymnastics,TUM,FIG Senior Female,Qualification,1,,1,TRUE,1,43300,0,99,0,,1,0,Hampson - Tindale,Emma,Mid Island Gym Sports,01/01/0001,,1,21500,8,0,0,E∑,169,2,2,2,4,4,3,4,8,0,0,2,0
728,0575c463-57fc-40ae-613e-c7c1010b21db,Tumbling Trial 2025,Counties Manukau Gymnastics,TUM,FIG Senior Female,Qualification,1,,1,TRUE,1,43300,0,99,0,,1,0,Hampson - Tindale,Emma,Mid Island Gym Sports,01/01/0001,,1,21500,8,0,0,T,0,,,,,,,,,,,,
729,0575c463-57fc-40ae-613e-c7c1010b21db,Tumbling Trial 2025,Counties Manukau Gymnastics,TUM,FIG Senior Female,Qualification,1,,1,TRUE,1,43300,0,99,0,,1,0,Hampson - Tindale,Emma,Mid Island Gym Sports,01/01/0001,,1,21500,8,0,0,D,46,0,,,,,,,,,,,
730,0575c463-57fc-40ae-613e-c7c1010b21db,Tumbling Trial 2025,Counties Manukau Gymnastics,TUM,FIG Senior Female,Qualification,1,,1,TRUE,1,43300,0,99,0,,1,0,Hampson - Tindale,Emma,Mid Island Gym Sports,01/01/0001,,1,21500,8,0,0,H,0,0,0,,,,,,,,,,
731,0575c463-57fc-40ae-613e-c7c1010b21db,Tumbling Trial 2025,Counties Manukau Gymnastics,TUM,FIG Senior Female,Qualification,1,,1,TRUE,1,43300,0,99,0,,1,0,Hampson - Tindale,Emma,Mid Island Gym Sports,01/01/0001,,2,21800,8,0,0,E1,87,1,1,1,1,1,2,2,3,,,1,0
732,0575c463-57fc-40ae-613e-c7c1010b21db,Tumbling Trial 2025,Counties Manukau Gymnastics,TUM,FIG Senior Female,Qualification,1,,1,TRUE,1,43300,0,99,0,,1,0,Hampson - Tindale,Emma,Mid Island Gym Sports,01/01/0001,,2,21800,8,0,0,E2,88,1,1,1,1,1,1,1,4,,,1,0
733,0575c463-57fc-40ae-613e-c7c1010b21db,Tumbling Trial 2025,Counties Manukau Gymnastics,TUM,FIG Senior Female,Qualification,1,,1,TRUE,1,43300,0,99,0,,1,0,Hampson - Tindale,Emma,Mid Island Gym Sports,01/01/0001,,2,21800,8,0,0,E3,87,1,1,1,1,1,1,2,4,,,1,0
734,0575c463-57fc-40ae-613e-c7c1010b21db,Tumbling Trial 2025,Counties Manukau Gymnastics,TUM,FIG Senior Female,Qualification,1,,1,TRUE,1,43300,0,99,0,,1,0,Hampson - Tindale,Emma,Mid Island Gym Sports,01/01/0001,,2,21800,8,0,0,E4,89,1,1,1,1,1,1,1,3,,,1,0
735,0575c463-57fc-40ae-613e-c7c1010b21db,Tumbling Trial 2025,Counties Manukau Gymnastics,TUM,FIG Senior Female,Qualification,1,,1,TRUE,1,43300,0,99,0,,1,0,Hampson - Tindale,Emma,Mid Island Gym Sports,01/01/0001,,2,21800,8,0,0,E5,100,,,,,,,,,,,,
736,0575c463-57fc-40ae-613e-c7c1010b21db,Tumbling Trial 2025,Counties Manukau Gymnastics,TUM,FIG Senior Female,Qualification,1,,1,TRUE,1,43300,0,99,0,,1,0,Hampson - Tindale,Emma,Mid Island Gym Sports,01/01/0001,,2,21800,8,0,0,E8,100,,,,,,,,,,,,
737,0575c463-57fc-40ae-613e-c7c1010b21db,Tumbling Trial 2025,Counties Manukau Gymnastics,TUM,FIG Senior Female,Qualification,1,,1,TRUE,1,43300,0,99,0,,1,0,Hampson - Tindale,Emma,Mid Island Gym Sports,01/01/0001,,2,21800,8,0,0,E∑,176,2,2,2,2,2,2,3,7,0,0,2,0
738,0575c463-57fc-40ae-613e-c7c1010b21db,Tumbling Trial 2025,Counties Manukau Gymnastics,TUM,FIG Senior Female,Qualification,1,,1,TRUE,1,43300,0,99,0,,1,0,Hampson - Tindale,Emma,Mid Island Gym Sports,01/01/0001,,2,21800,8,0,0,T,0,,,,,,,,,,,,
739,0575c463-57fc-40ae-613e-c7c1010b21db,Tumbling Trial 2025,Counties Manukau Gymnastics,TUM,FIG Senior Female,Qualification,1,,1,TRUE,1,43300,0,99,0,,1,0,Hampson - Tindale,Emma,Mid Island Gym Sports,01/01/0001,,2,21800,8,0,0,D,42,0,,,,,,,,,,,
740,0575c463-57fc-40ae-613e-c7c1010b21db,Tumbling Trial 2025,Counties Manukau Gymnastics,TUM,FIG Senior Female,Qualification,1,,1,TRUE,1,43300,0,99,0,,1,0,Hampson - Tindale,Emma,Mid Island Gym Sports,01/01/0001,,2,21800,8,0,0,H,0,0,0,,,,,,,,,,
741,0575c463-57fc-40ae-613e-c7c1010b21db,Tumbling Trial 2025,Counties Manukau Gymnastics,TUM,FIG Senior Female,Qualification2,1,,1,TRUE,1,0,0,99,0,,1,0,Hampson - Tindale,Emma,Mid Island Gym Sports,01/01/0001,,1,0,0,0,0,E1,0,,,,,,,,,,,,
742,0575c463-57fc-40ae-613e-c7c1010b21db,Tumbling Trial 2025,Counties Manukau Gymnastics,TUM,FIG Senior Female,Qualification2,1,,1,TRUE,1,0,0,99,0,,1,0,Hampson - Tindale,Emma,Mid Island Gym Sports,01/01/0001,,1,0,0,0,0,E2,0,,,,,,,,,,,,
743,0575c463-57fc-40ae-613e-c7c1010b21db,Tumbling Trial 2025,Counties Manukau Gymnastics,TUM,FIG Senior Female,Qualification2,1,,1,TRUE,1,0,0,99,0,,1,0,Hampson - Tindale,Emma,Mid Island Gym Sports,01/01/0001,,1,0,0,0,0,E3,0,,,,,,,,,,,,
744,0575c463-57fc-40ae-613e-c7c1010b21db,Tumbling Trial 2025,Counties Manukau Gymnastics,TUM,FIG Senior Female,Qualification2,1,,1,TRUE,1,0,0,99,0,,1,0,Hampson - Tindale,Emma,Mid Island Gym Sports,01/01/0001,,1,0,0,0,0,E4,0,,,,,,,,,,,,
745,0575c463-57fc-40ae-613e-c7c1010b21db,Tumbling Trial 2025,Counties Manukau Gymnastics,TUM,FIG Senior Female,Qualification2,1,,1,TRUE,1,0,0,99,0,,1,0,Hampson - Tindale,Emma,Mid Island Gym Sports,01/01/0001,,1,0,0,0,0,E5,0,,,,,,,,,,,,
746,0575c463-57fc-40ae-613e-c7c1010b21db,Tumbling Trial 2025,Counties Manukau Gymnastics,TUM,FIG Senior Female,Qualification2,1,,1,TRUE,1,0,0,99,0,,1,0,Hampson - Tindale,Emma,Mid Island Gym Sports,01/01/0001,,1,0,0,0,0,E8,0,,,,,,,,,,,,
747,0575c463-57fc-40ae-613e-c7c1010b21db,Tumbling Trial 2025,Counties Manukau Gymnastics,TUM,FIG Senior Female,Qualification2,1,,1,TRUE,1,0,0,99,0,,1,0,Hampson - Tindale,Emma,Mid Island Gym Sports,01/01/0001,,1,0,0,0,0,E∑,0,0,0,0,0,0,0,0,0,0,0,0,0
748,0575c463-57fc-40ae-613e-c7c1010b21db,Tumbling Trial 2025,Counties Manukau Gymnastics,TUM,FIG Senior Female,Qualification2,1,,1,TRUE,1,0,0,99,0,,1,0,Hampson - Tindale,Emma,Mid Island Gym Sports,01/01/0001,,1,0,0,0,0,T,0,,,,,,,,,,,,
749,0575c463-57fc-40ae-613e-c7c1010b21db,Tumbling Trial 2025,Counties Manukau Gymnastics,TUM,FIG Senior Female,Qualification2,1,,1,TRUE,1,0,0,99,0,,1,0,Hampson - Tindale,Emma,Mid Island Gym Sports,01/01/0001,,1,0,0,0,0,D,0,0,,,,,,,,,,,
750,0575c463-57fc-40ae-613e-c7c1010b21db,Tumbling Trial 2025,Counties Manukau Gymnastics,TUM,FIG Senior Female,Qualification2,1,,1,TRUE,1,0,0,99,0,,1,0,Hampson - Tindale,Emma,Mid Island Gym Sports,01/01/0001,,1,0,0,0,0,H,0,0,0,,,,,,,,,,
751,0575c463-57fc-40ae-613e-c7c1010b21db,Tumbling Trial 2025,Counties Manukau Gymnastics,TUM,FIG Senior Female,Qualification2,1,,1,TRUE,1,0,0,99,0,,1,0,Hampson - Tindale,Emma,Mid Island Gym Sports,01/01/0001,,2,0,0,0,0,E1,0,,,,,,,,,,,,
752,0575c463-57fc-40ae-613e-c7c1010b21db,Tumbling Trial 2025,Counties Manukau Gymnastics,TUM,FIG Senior Female,Qualification2,1,,1,TRUE,1,0,0,99,0,,1,0,Hampson - Tindale,Emma,Mid Island Gym Sports,01/01/0001,,2,0,0,0,0,E2,0,,,,,,,,,,,,
753,0575c463-57fc-40ae-613e-c7c1010b21db,Tumbling Trial 2025,Counties Manukau Gymnastics,TUM,FIG Senior Female,Qualification2,1,,1,TRUE,1,0,0,99,0,,1,0,Hampson - Tindale,Emma,Mid Island Gym Sports,01/01/0001,,2,0,0,0,0,E3,0,,,,,,,,,,,,
754,0575c463-57fc-40ae-613e-c7c1010b21db,Tumbling Trial 2025,Counties Manukau Gymnastics,TUM,FIG Senior Female,Qualification2,1,,1,TRUE,1,0,0,99,0,,1,0,Hampson - Tindale,Emma,Mid Island Gym Sports,01/01/0001,,2,0,0,0,0,E4,0,,,,,,,,,,,,
755,0575c463-57fc-40ae-613e-c7c1010b21db,Tumbling Trial 2025,Counties Manukau Gymnastics,TUM,FIG Senior Female,Qualification2,1,,1,TRUE,1,0,0,99,0,,1,0,Hampson - Tindale,Emma,Mid Island Gym Sports,01/01/0001,,2,0,0,0,0,E5,0,,,,,,,,,,,,
756,0575c463-57fc-40ae-613e-c7c1010b21db,Tumbling Trial 2025,Counties Manukau Gymnastics,TUM,FIG Senior Female,Qualification2,1,,1,TRUE,1,0,0,99,0,,1,0,Hampson - Tindale,Emma,Mid Island Gym Sports,01/01/0001,,2,0,0,0,0,E8,0,,,,,,,,,,,,
757,0575c463-57fc-40ae-613e-c7c1010b21db,Tumbling Trial 2025,Counties Manukau Gymnastics,TUM,FIG Senior Female,Qualification2,1,,1,TRUE,1,0,0,99,0,,1,0,Hampson - Tindale,Emma,Mid Island Gym Sports,01/01/0001,,2,0,0,0,0,E∑,0,0,0,0,0,0,0,0,0,0,0,0,0
758,0575c463-57fc-40ae-613e-c7c1010b21db,Tumbling Trial 2025,Counties Manukau Gymnastics,TUM,FIG Senior Female,Qualification2,1,,1,TRUE,1,0,0,99,0,,1,0,Hampson - Tindale,Emma,Mid Island Gym Sports,01/01/0001,,2,0,0,0,0,T,0,,,,,,,,,,,,
759,0575c463-57fc-40ae-613e-c7c1010b21db,Tumbling Trial 2025,Counties Manukau Gymnastics,TUM,FIG Senior Female,Qualification2,1,,1,TRUE,1,0,0,99,0,,1,0,Hampson - Tindale,Emma,Mid Island Gym Sports,01/01/0001,,2,0,0,0,0,D,0,0,,,,,,,,,,,
760,0575c463-57fc-40ae-613e-c7c1010b21db,Tumbling Trial 2025,Counties Manukau Gymnastics,TUM,FIG Senior Female,Qualification2,1,,1,TRUE,1,0,0,99,0,,1,0,Hampson - Tindale,Emma,Mid Island Gym Sports,01/01/0001,,2,0,0,0,0,H,0,0,0,,,,,,,,,,
