#,Event UUID,Title,Subtitle,Discipline,Competition,Stage,Group #,Time,Performance #,Ranked,Rank,Mark Total,Team,Team Rank,Team Mark,Code,Athlete #,External ID,Surname,Given PanelName,Representing,Date of Birth,Sex,Routine #,Mark,# Elements,Bonus,Penalty,Judge,∑,S1,S2,S3,S4,S5,S6,S7,S8,S9,S10,L,A
1,8050cb81-30bf-47a6-4b0f-a892199e19c8,TCI #1 2023 AGE Interclub Trampoline Championships,,TRA,9-10 Years Female,Qualification,1,,1,TRUE,3,64500,0,99,0,,1,0,Middelberg,Amelia,Olympia Gymnastic Sports,01/01/0001,,1,31500,10,0,0,E1,69,3,3,3,3,3,3,3,3,3,4,0,0
2,8050cb81-30bf-47a6-4b0f-a892199e19c8,TCI #1 2023 AGE Interclub Trampoline Championships,,TRA,9-10 Years Female,Qualification,1,,1,TRUE,3,64500,0,99,0,,1,0,Middelberg,Amelia,Olympia Gymnastic Sports,01/01/0001,,1,31500,10,0,0,E2,72,2,3,3,3,2,3,2,2,3,3,2,0
3,8050cb81-30bf-47a6-4b0f-a892199e19c8,TCI #1 2023 AGE Interclub Trampoline Championships,,TRA,9-10 Years Female,Qualification,1,,1,TRUE,3,64500,0,99,0,,1,0,Middelberg,Amelia,Olympia Gymnastic Sports,01/01/0001,,1,31500,10,0,0,E3,76,2,2,1,2,2,3,3,3,2,3,1,0
4,8050cb81-30bf-47a6-4b0f-a892199e19c8,TCI #1 2023 AGE Interclub Trampoline Championships,,TRA,9-10 Years Female,Qualification,1,,1,TRUE,3,64500,0,99,0,,1,0,Middelberg,Amelia,Olympia Gymnastic Sports,01/01/0001,,1,31500,10,0,0,E4,100,,,,,,,,,,,,
5,8050cb81-30bf-47a6-4b0f-a892199e19c8,TCI #1 2023 AGE Interclub Trampoline Championships,,TRA,9-10 Years Female,Qualification,1,,1,TRUE,3,64500,0,99,0,,1,0,Middelberg,Amelia,Olympia Gymnastic Sports,01/01/0001,,1,31500,10,0,0,E5,100,,,,,,,,,,,,
6,8050cb81-30bf-47a6-4b0f-a892199e19c8,TCI #1 2023 AGE Interclub Trampoline Championships,,TRA,9-10 Years Female,Qualification,1,,1,TRUE,3,64500,0,99,0,,1,0,Middelberg,Amelia,Olympia Gymnastic Sports,01/01/0001,,1,31500,10,0,0,E8,100,,,,,,,,,,,,
7,8050cb81-30bf-47a6-4b0f-a892199e19c8,TCI #1 2023 AGE Interclub Trampoline Championships,,TRA,9-10 Years Female,Qualification,1,,1,TRUE,3,64500,0,99,0,,1,0,Middelberg,Amelia,Olympia Gymnastic Sports,01/01/0001,,1,31500,10,0,0,E∑,21700,4,5,4,5,4,6,5,5,5,6,1,0
8,8050cb81-30bf-47a6-4b0f-a892199e19c8,TCI #1 2023 AGE Interclub Trampoline Championships,,TRA,9-10 Years Female,Qualification,1,,1,TRUE,3,64500,0,99,0,,1,0,Middelberg,Amelia,Olympia Gymnastic Sports,01/01/0001,,1,31500,10,0,0,T,0,,,,,,,,,,,,
9,8050cb81-30bf-47a6-4b0f-a892199e19c8,TCI #1 2023 AGE Interclub Trampoline Championships,,TRA,9-10 Years Female,Qualification,1,,1,TRUE,3,64500,0,99,0,,1,0,Middelberg,Amelia,Olympia Gymnastic Sports,01/01/0001,,1,31500,10,0,0,D,0,0,,,,,,,,,,,
10,8050cb81-30bf-47a6-4b0f-a892199e19c8,TCI #1 2023 AGE Interclub Trampoline Championships,,TRA,9-10 Years Female,Qualification,1,,1,TRUE,3,64500,0,99,0,,1,0,Middelberg,Amelia,Olympia Gymnastic Sports,01/01/0001,,1,31500,10,0,0,H,980,980,0,,,,,,,,,,
11,8050cb81-30bf-47a6-4b0f-a892199e19c8,TCI #1 2023 AGE Interclub Trampoline Championships,,TRA,9-10 Years Female,Qualification,1,,1,TRUE,3,64500,0,99,0,,1,0,Middelberg,Amelia,Olympia Gymnastic Sports,01/01/0001,,2,33000,10,0,0,E1,68,3,3,3,3,3,3,3,3,3,4,1,0
12,8050cb81-30bf-47a6-4b0f-a892199e19c8,TCI #1 2023 AGE Interclub Trampoline Championships,,TRA,9-10 Years Female,Qualification,1,,1,TRUE,3,64500,0,99,0,,1,0,Middelberg,Amelia,Olympia Gymnastic Sports,01/01/0001,,2,33000,10,0,0,E2,74,3,2,2,2,3,2,3,3,3,3,0,0
13,8050cb81-30bf-47a6-4b0f-a892199e19c8,TCI #1 2023 AGE Interclub Trampoline Championships,,TRA,9-10 Years Female,Qualification,1,,1,TRUE,3,64500,0,99,0,,1,0,Middelberg,Amelia,Olympia Gymnastic Sports,01/01/0001,,2,33000,10,0,0,E3,73,3,3,3,2,2,2,3,3,3,3,0,0
14,8050cb81-30bf-47a6-4b0f-a892199e19c8,TCI #1 2023 AGE Interclub Trampoline Championships,,TRA,9-10 Years Female,Qualification,1,,1,TRUE,3,64500,0,99,0,,1,0,Middelberg,Amelia,Olympia Gymnastic Sports,01/01/0001,,2,33000,10,0,0,E4,100,,,,,,,,,,,,
15,8050cb81-30bf-47a6-4b0f-a892199e19c8,TCI #1 2023 AGE Interclub Trampoline Championships,,TRA,9-10 Years Female,Qualification,1,,1,TRUE,3,64500,0,99,0,,1,0,Middelberg,Amelia,Olympia Gymnastic Sports,01/01/0001,,2,33000,10,0,0,E5,100,,,,,,,,,,,,
16,8050cb81-30bf-47a6-4b0f-a892199e19c8,TCI #1 2023 AGE Interclub Trampoline Championships,,TRA,9-10 Years Female,Qualification,1,,1,TRUE,3,64500,0,99,0,,1,0,Middelberg,Amelia,Olympia Gymnastic Sports,01/01/0001,,2,33000,10,0,0,E8,100,,,,,,,,,,,,
17,8050cb81-30bf-47a6-4b0f-a892199e19c8,TCI #1 2023 AGE Interclub Trampoline Championships,,TRA,9-10 Years Female,Qualification,1,,1,TRUE,3,64500,0,99,0,,1,0,Middelberg,Amelia,Olympia Gymnastic Sports,01/01/0001,,2,33000,10,0,0,E∑,21500,6,5,5,4,5,4,6,6,6,6,0,0
18,8050cb81-30bf-47a6-4b0f-a892199e19c8,TCI #1 2023 AGE Interclub Trampoline Championships,,TRA,9-10 Years Female,Qualification,1,,1,TRUE,3,64500,0,99,0,,1,0,Middelberg,Amelia,Olympia Gymnastic Sports,01/01/0001,,2,33000,10,0,0,T,0,,,,,,,,,,,,
19,8050cb81-30bf-47a6-4b0f-a892199e19c8,TCI #1 2023 AGE Interclub Trampoline Championships,,TRA,9-10 Years Female,Qualification,1,,1,TRUE,3,64500,0,99,0,,1,0,Middelberg,Amelia,Olympia Gymnastic Sports,01/01/0001,,2,33000,10,0,0,D,16,0,,,,,,,,,,,
20,8050cb81-30bf-47a6-4b0f-a892199e19c8,TCI #1 2023 AGE Interclub Trampoline Championships,,TRA,9-10 Years Female,Qualification,1,,1,TRUE,3,64500,0,99,0,,1,0,Middelberg,Amelia,Olympia Gymnastic Sports,01/01/0001,,2,33000,10,0,0,H,990,990,0,,,,,,,,,,
21,8050cb81-30bf-47a6-4b0f-a892199e19c8,TCI #1 2023 AGE Interclub Trampoline Championships,,TRA,9-10 Years Female,Qualification,1,,2,TRUE,2,68600,0,99,0,,1,0,Wicksteed,Sienna,ICE Gymsports North Canterbury,01/01/0001,,1,32800,10,0,0,E1,74,3,2,3,4,2,2,2,2,3,3,0,0
22,8050cb81-30bf-47a6-4b0f-a892199e19c8,TCI #1 2023 AGE Interclub Trampoline Championships,,TRA,9-10 Years Female,Qualification,1,,2,TRUE,2,68600,0,99,0,,1,0,Wicksteed,Sienna,ICE Gymsports North Canterbury,01/01/0001,,1,32800,10,0,0,E2,79,3,2,1,2,1,1,2,3,3,3,0,0
23,8050cb81-30bf-47a6-4b0f-a892199e19c8,TCI #1 2023 AGE Interclub Trampoline Championships,,TRA,9-10 Years Female,Qualification,1,,2,TRUE,2,68600,0,99,0,,1,0,Wicksteed,Sienna,ICE Gymsports North Canterbury,01/01/0001,,1,32800,10,0,0,E3,77,3,3,2,2,2,1,2,3,3,2,0,0
24,8050cb81-30bf-47a6-4b0f-a892199e19c8,TCI #1 2023 AGE Interclub Trampoline Championships,,TRA,9-10 Years Female,Qualification,1,,2,TRUE,2,68600,0,99,0,,1,0,Wicksteed,Sienna,ICE Gymsports North Canterbury,01/01/0001,,1,32800,10,0,0,E4,100,,,,,,,,,,,,
25,8050cb81-30bf-47a6-4b0f-a892199e19c8,TCI #1 2023 AGE Interclub Trampoline Championships,,TRA,9-10 Years Female,Qualification,1,,2,TRUE,2,68600,0,99,0,,1,0,Wicksteed,Sienna,ICE Gymsports North Canterbury,01/01/0001,,1,32800,10,0,0,E5,100,,,,,,,,,,,,
26,8050cb81-30bf-47a6-4b0f-a892199e19c8,TCI #1 2023 AGE Interclub Trampoline Championships,,TRA,9-10 Years Female,Qualification,1,,2,TRUE,2,68600,0,99,0,,1,0,Wicksteed,Sienna,ICE Gymsports North Canterbury,01/01/0001,,1,32800,10,0,0,E8,100,,,,,,,,,,,,
27,8050cb81-30bf-47a6-4b0f-a892199e19c8,TCI #1 2023 AGE Interclub Trampoline Championships,,TRA,9-10 Years Female,Qualification,1,,2,TRUE,2,68600,0,99,0,,1,0,Wicksteed,Sienna,ICE Gymsports North Canterbury,01/01/0001,,1,32800,10,0,0,E∑,23000,6,4,3,4,3,2,4,5,6,5,0,0
28,8050cb81-30bf-47a6-4b0f-a892199e19c8,TCI #1 2023 AGE Interclub Trampoline Championships,,TRA,9-10 Years Female,Qualification,1,,2,TRUE,2,68600,0,99,0,,1,0,Wicksteed,Sienna,ICE Gymsports North Canterbury,01/01/0001,,1,32800,10,0,0,T,0,,,,,,,,,,,,
29,8050cb81-30bf-47a6-4b0f-a892199e19c8,TCI #1 2023 AGE Interclub Trampoline Championships,,TRA,9-10 Years Female,Qualification,1,,2,TRUE,2,68600,0,99,0,,1,0,Wicksteed,Sienna,ICE Gymsports North Canterbury,01/01/0001,,1,32800,10,0,0,D,0,0,,,,,,,,,,,
30,8050cb81-30bf-47a6-4b0f-a892199e19c8,TCI #1 2023 AGE Interclub Trampoline Championships,,TRA,9-10 Years Female,Qualification,1,,2,TRUE,2,68600,0,99,0,,1,0,Wicksteed,Sienna,ICE Gymsports North Canterbury,01/01/0001,,1,32800,10,0,0,H,980,980,0,,,,,,,,,,
31,8050cb81-30bf-47a6-4b0f-a892199e19c8,TCI #1 2023 AGE Interclub Trampoline Championships,,TRA,9-10 Years Female,Qualification,1,,2,TRUE,2,68600,0,99,0,,1,0,Wicksteed,Sienna,ICE Gymsports North Canterbury,01/01/0001,,2,35800,10,0,0,E1,73,2,3,3,3,3,3,3,2,2,3,0,0
32,8050cb81-30bf-47a6-4b0f-a892199e19c8,TCI #1 2023 AGE Interclub Trampoline Championships,,TRA,9-10 Years Female,Qualification,1,,2,TRUE,2,68600,0,99,0,,1,0,Wicksteed,Sienna,ICE Gymsports North Canterbury,01/01/0001,,2,35800,10,0,0,E2,77,2,1,2,3,3,3,1,2,3,3,0,0
33,8050cb81-30bf-47a6-4b0f-a892199e19c8,TCI #1 2023 AGE Interclub Trampoline Championships,,TRA,9-10 Years Female,Qualification,1,,2,TRUE,2,68600,0,99,0,,1,0,Wicksteed,Sienna,ICE Gymsports North Canterbury,01/01/0001,,2,35800,10,0,0,E3,79,2,2,3,2,3,2,2,1,2,2,0,0
34,8050cb81-30bf-47a6-4b0f-a892199e19c8,TCI #1 2023 AGE Interclub Trampoline Championships,,TRA,9-10 Years Female,Qualification,1,,2,TRUE,2,68600,0,99,0,,1,0,Wicksteed,Sienna,ICE Gymsports North Canterbury,01/01/0001,,2,35800,10,0,0,E4,100,,,,,,,,,,,,
35,8050cb81-30bf-47a6-4b0f-a892199e19c8,TCI #1 2023 AGE Interclub Trampoline Championships,,TRA,9-10 Years Female,Qualification,1,,2,TRUE,2,68600,0,99,0,,1,0,Wicksteed,Sienna,ICE Gymsports North Canterbury,01/01/0001,,2,35800,10,0,0,E5,100,,,,,,,,,,,,
36,8050cb81-30bf-47a6-4b0f-a892199e19c8,TCI #1 2023 AGE Interclub Trampoline Championships,,TRA,9-10 Years Female,Qualification,1,,2,TRUE,2,68600,0,99,0,,1,0,Wicksteed,Sienna,ICE Gymsports North Canterbury,01/01/0001,,2,35800,10,0,0,E8,100,,,,,,,,,,,,
37,8050cb81-30bf-47a6-4b0f-a892199e19c8,TCI #1 2023 AGE Interclub Trampoline Championships,,TRA,9-10 Years Female,Qualification,1,,2,TRUE,2,68600,0,99,0,,1,0,Wicksteed,Sienna,ICE Gymsports North Canterbury,01/01/0001,,2,35800,10,0,0,E∑,22900,4,3,5,5,6,5,3,3,4,5,0,0
38,8050cb81-30bf-47a6-4b0f-a892199e19c8,TCI #1 2023 AGE Interclub Trampoline Championships,,TRA,9-10 Years Female,Qualification,1,,2,TRUE,2,68600,0,99,0,,1,0,Wicksteed,Sienna,ICE Gymsports North Canterbury,01/01/0001,,2,35800,10,0,0,T,0,,,,,,,,,,,,
39,8050cb81-30bf-47a6-4b0f-a892199e19c8,TCI #1 2023 AGE Interclub Trampoline Championships,,TRA,9-10 Years Female,Qualification,1,,2,TRUE,2,68600,0,99,0,,1,0,Wicksteed,Sienna,ICE Gymsports North Canterbury,01/01/0001,,2,35800,10,0,0,D,32,0,,,,,,,,,,,
40,8050cb81-30bf-47a6-4b0f-a892199e19c8,TCI #1 2023 AGE Interclub Trampoline Championships,,TRA,9-10 Years Female,Qualification,1,,2,TRUE,2,68600,0,99,0,,1,0,Wicksteed,Sienna,ICE Gymsports North Canterbury,01/01/0001,,2,35800,10,0,0,H,970,970,0,,,,,,,,,,
41,8050cb81-30bf-47a6-4b0f-a892199e19c8,TCI #1 2023 AGE Interclub Trampoline Championships,,TRA,9-10 Years Female,Qualification,1,,3,TRUE,5,61700,0,99,0,,1,0,Hedges,Rebecca,ICE Gymsports North Canterbury,01/01/0001,,1,30700,10,0,0,E1,69,2,2,3,2,3,4,3,4,3,3,2,0
42,8050cb81-30bf-47a6-4b0f-a892199e19c8,TCI #1 2023 AGE Interclub Trampoline Championships,,TRA,9-10 Years Female,Qualification,1,,3,TRUE,5,61700,0,99,0,,1,0,Hedges,Rebecca,ICE Gymsports North Canterbury,01/01/0001,,1,30700,10,0,0,E2,72,2,3,3,2,2,3,3,3,4,3,0,0
43,8050cb81-30bf-47a6-4b0f-a892199e19c8,TCI #1 2023 AGE Interclub Trampoline Championships,,TRA,9-10 Years Female,Qualification,1,,3,TRUE,5,61700,0,99,0,,1,0,Hedges,Rebecca,ICE Gymsports North Canterbury,01/01/0001,,1,30700,10,0,0,E3,69,3,3,3,2,3,3,4,3,4,3,0,0
44,8050cb81-30bf-47a6-4b0f-a892199e19c8,TCI #1 2023 AGE Interclub Trampoline Championships,,TRA,9-10 Years Female,Qualification,1,,3,TRUE,5,61700,0,99,0,,1,0,Hedges,Rebecca,ICE Gymsports North Canterbury,01/01/0001,,1,30700,10,0,0,E4,100,,,,,,,,,,,,
45,8050cb81-30bf-47a6-4b0f-a892199e19c8,TCI #1 2023 AGE Interclub Trampoline Championships,,TRA,9-10 Years Female,Qualification,1,,3,TRUE,5,61700,0,99,0,,1,0,Hedges,Rebecca,ICE Gymsports North Canterbury,01/01/0001,,1,30700,10,0,0,E5,100,,,,,,,,,,,,
46,8050cb81-30bf-47a6-4b0f-a892199e19c8,TCI #1 2023 AGE Interclub Trampoline Championships,,TRA,9-10 Years Female,Qualification,1,,3,TRUE,5,61700,0,99,0,,1,0,Hedges,Rebecca,ICE Gymsports North Canterbury,01/01/0001,,1,30700,10,0,0,E8,100,,,,,,,,,,,,
47,8050cb81-30bf-47a6-4b0f-a892199e19c8,TCI #1 2023 AGE Interclub Trampoline Championships,,TRA,9-10 Years Female,Qualification,1,,3,TRUE,5,61700,0,99,0,,1,0,Hedges,Rebecca,ICE Gymsports North Canterbury,01/01/0001,,1,30700,10,0,0,E∑,21000,4,5,6,4,5,6,6,6,7,6,0,0
48,8050cb81-30bf-47a6-4b0f-a892199e19c8,TCI #1 2023 AGE Interclub Trampoline Championships,,TRA,9-10 Years Female,Qualification,1,,3,TRUE,5,61700,0,99,0,,1,0,Hedges,Rebecca,ICE Gymsports North Canterbury,01/01/0001,,1,30700,10,0,0,T,0,,,,,,,,,,,,
49,8050cb81-30bf-47a6-4b0f-a892199e19c8,TCI #1 2023 AGE Interclub Trampoline Championships,,TRA,9-10 Years Female,Qualification,1,,3,TRUE,5,61700,0,99,0,,1,0,Hedges,Rebecca,ICE Gymsports North Canterbury,01/01/0001,,1,30700,10,0,0,D,0,0,,,,,,,,,,,
50,8050cb81-30bf-47a6-4b0f-a892199e19c8,TCI #1 2023 AGE Interclub Trampoline Championships,,TRA,9-10 Years Female,Qualification,1,,3,TRUE,5,61700,0,99,0,,1,0,Hedges,Rebecca,ICE Gymsports North Canterbury,01/01/0001,,1,30700,10,0,0,H,970,970,0,,,,,,,,,,
51,8050cb81-30bf-47a6-4b0f-a892199e19c8,TCI #1 2023 AGE Interclub Trampoline Championships,,TRA,9-10 Years Female,Qualification,1,,3,TRUE,5,61700,0,99,0,,1,0,Hedges,Rebecca,ICE Gymsports North Canterbury,01/01/0001,,2,31000,10,0,0,E1,68,3,4,3,3,2,2,4,3,3,3,2,0
52,8050cb81-30bf-47a6-4b0f-a892199e19c8,TCI #1 2023 AGE Interclub Trampoline Championships,,TRA,9-10 Years Female,Qualification,1,,3,TRUE,5,61700,0,99,0,,1,0,Hedges,Rebecca,ICE Gymsports North Canterbury,01/01/0001,,2,31000,10,0,0,E2,64,3,3,4,3,3,3,3,4,4,3,3,0
53,8050cb81-30bf-47a6-4b0f-a892199e19c8,TCI #1 2023 AGE Interclub Trampoline Championships,,TRA,9-10 Years Female,Qualification,1,,3,TRUE,5,61700,0,99,0,,1,0,Hedges,Rebecca,ICE Gymsports North Canterbury,01/01/0001,,2,31000,10,0,0,E3,68,3,3,4,3,2,2,3,3,3,3,3,0
54,8050cb81-30bf-47a6-4b0f-a892199e19c8,TCI #1 2023 AGE Interclub Trampoline Championships,,TRA,9-10 Years Female,Qualification,1,,3,TRUE,5,61700,0,99,0,,1,0,Hedges,Rebecca,ICE Gymsports North Canterbury,01/01/0001,,2,31000,10,0,0,E4,100,,,,,,,,,,,,
55,8050cb81-30bf-47a6-4b0f-a892199e19c8,TCI #1 2023 AGE Interclub Trampoline Championships,,TRA,9-10 Years Female,Qualification,1,,3,TRUE,5,61700,0,99,0,,1,0,Hedges,Rebecca,ICE Gymsports North Canterbury,01/01/0001,,2,31000,10,0,0,E5,100,,,,,,,,,,,,
56,8050cb81-30bf-47a6-4b0f-a892199e19c8,TCI #1 2023 AGE Interclub Trampoline Championships,,TRA,9-10 Years Female,Qualification,1,,3,TRUE,5,61700,0,99,0,,1,0,Hedges,Rebecca,ICE Gymsports North Canterbury,01/01/0001,,2,31000,10,0,0,E8,100,,,,,,,,,,,,
57,8050cb81-30bf-47a6-4b0f-a892199e19c8,TCI #1 2023 AGE Interclub Trampoline Championships,,TRA,9-10 Years Female,Qualification,1,,3,TRUE,5,61700,0,99,0,,1,0,Hedges,Rebecca,ICE Gymsports North Canterbury,01/01/0001,,2,31000,10,0,0,E∑,20000,6,6,7,6,4,4,6,6,6,6,5,0
58,8050cb81-30bf-47a6-4b0f-a892199e19c8,TCI #1 2023 AGE Interclub Trampoline Championships,,TRA,9-10 Years Female,Qualification,1,,3,TRUE,5,61700,0,99,0,,1,0,Hedges,Rebecca,ICE Gymsports North Canterbury,01/01/0001,,2,31000,10,0,0,T,0,,,,,,,,,,,,
59,8050cb81-30bf-47a6-4b0f-a892199e19c8,TCI #1 2023 AGE Interclub Trampoline Championships,,TRA,9-10 Years Female,Qualification,1,,3,TRUE,5,61700,0,99,0,,1,0,Hedges,Rebecca,ICE Gymsports North Canterbury,01/01/0001,,2,31000,10,0,0,D,12,0,,,,,,,,,,,
60,8050cb81-30bf-47a6-4b0f-a892199e19c8,TCI #1 2023 AGE Interclub Trampoline Championships,,TRA,9-10 Years Female,Qualification,1,,3,TRUE,5,61700,0,99,0,,1,0,Hedges,Rebecca,ICE Gymsports North Canterbury,01/01/0001,,2,31000,10,0,0,H,980,980,0,,,,,,,,,,
61,8050cb81-30bf-47a6-4b0f-a892199e19c8,TCI #1 2023 AGE Interclub Trampoline Championships,,TRA,9-10 Years Female,Qualification,1,,4,TRUE,4,62100,0,99,0,,1,0,Murphy,Eden,ICE Gymsports North Canterbury,01/01/0001,,1,29900,10,0,0,E1,65,4,3,2,4,3,4,3,3,4,4,1,0
62,8050cb81-30bf-47a6-4b0f-a892199e19c8,TCI #1 2023 AGE Interclub Trampoline Championships,,TRA,9-10 Years Female,Qualification,1,,4,TRUE,4,62100,0,99,0,,1,0,Murphy,Eden,ICE Gymsports North Canterbury,01/01/0001,,1,29900,10,0,0,E2,70,3,3,3,3,2,3,3,3,4,3,0,0
63,8050cb81-30bf-47a6-4b0f-a892199e19c8,TCI #1 2023 AGE Interclub Trampoline Championships,,TRA,9-10 Years Female,Qualification,1,,4,TRUE,4,62100,0,99,0,,1,0,Murphy,Eden,ICE Gymsports North Canterbury,01/01/0001,,1,29900,10,0,0,E3,69,4,3,3,3,2,3,3,3,4,3,0,0
64,8050cb81-30bf-47a6-4b0f-a892199e19c8,TCI #1 2023 AGE Interclub Trampoline Championships,,TRA,9-10 Years Female,Qualification,1,,4,TRUE,4,62100,0,99,0,,1,0,Murphy,Eden,ICE Gymsports North Canterbury,01/01/0001,,1,29900,10,0,0,E4,100,,,,,,,,,,,,
65,8050cb81-30bf-47a6-4b0f-a892199e19c8,TCI #1 2023 AGE Interclub Trampoline Championships,,TRA,9-10 Years Female,Qualification,1,,4,TRUE,4,62100,0,99,0,,1,0,Murphy,Eden,ICE Gymsports North Canterbury,01/01/0001,,1,29900,10,0,0,E5,100,,,,,,,,,,,,
66,8050cb81-30bf-47a6-4b0f-a892199e19c8,TCI #1 2023 AGE Interclub Trampoline Championships,,TRA,9-10 Years Female,Qualification,1,,4,TRUE,4,62100,0,99,0,,1,0,Murphy,Eden,ICE Gymsports North Canterbury,01/01/0001,,1,29900,10,0,0,E8,100,,,,,,,,,,,,
67,8050cb81-30bf-47a6-4b0f-a892199e19c8,TCI #1 2023 AGE Interclub Trampoline Championships,,TRA,9-10 Years Female,Qualification,1,,4,TRUE,4,62100,0,99,0,,1,0,Murphy,Eden,ICE Gymsports North Canterbury,01/01/0001,,1,29900,10,0,0,E∑,20400,7,6,5,6,4,6,6,6,8,6,0,0
68,8050cb81-30bf-47a6-4b0f-a892199e19c8,TCI #1 2023 AGE Interclub Trampoline Championships,,TRA,9-10 Years Female,Qualification,1,,4,TRUE,4,62100,0,99,0,,1,0,Murphy,Eden,ICE Gymsports North Canterbury,01/01/0001,,1,29900,10,0,0,T,0,,,,,,,,,,,,
69,8050cb81-30bf-47a6-4b0f-a892199e19c8,TCI #1 2023 AGE Interclub Trampoline Championships,,TRA,9-10 Years Female,Qualification,1,,4,TRUE,4,62100,0,99,0,,1,0,Murphy,Eden,ICE Gymsports North Canterbury,01/01/0001,,1,29900,10,0,0,D,0,0,,,,,,,,,,,
70,8050cb81-30bf-47a6-4b0f-a892199e19c8,TCI #1 2023 AGE Interclub Trampoline Championships,,TRA,9-10 Years Female,Qualification,1,,4,TRUE,4,62100,0,99,0,,1,0,Murphy,Eden,ICE Gymsports North Canterbury,01/01/0001,,1,29900,10,0,0,H,950,950,0,,,,,,,,,,
71,8050cb81-30bf-47a6-4b0f-a892199e19c8,TCI #1 2023 AGE Interclub Trampoline Championships,,TRA,9-10 Years Female,Qualification,1,,4,TRUE,4,62100,0,99,0,,1,0,Murphy,Eden,ICE Gymsports North Canterbury,01/01/0001,,2,32200,10,0,0,E1,67,4,3,3,3,3,4,3,3,3,3,1,0
72,8050cb81-30bf-47a6-4b0f-a892199e19c8,TCI #1 2023 AGE Interclub Trampoline Championships,,TRA,9-10 Years Female,Qualification,1,,4,TRUE,4,62100,0,99,0,,1,0,Murphy,Eden,ICE Gymsports North Canterbury,01/01/0001,,2,32200,10,0,0,E2,71,3,2,3,3,3,3,3,3,3,3,0,0
73,8050cb81-30bf-47a6-4b0f-a892199e19c8,TCI #1 2023 AGE Interclub Trampoline Championships,,TRA,9-10 Years Female,Qualification,1,,4,TRUE,4,62100,0,99,0,,1,0,Murphy,Eden,ICE Gymsports North Canterbury,01/01/0001,,2,32200,10,0,0,E3,68,3,4,3,3,2,3,4,3,3,3,1,0
74,8050cb81-30bf-47a6-4b0f-a892199e19c8,TCI #1 2023 AGE Interclub Trampoline Championships,,TRA,9-10 Years Female,Qualification,1,,4,TRUE,4,62100,0,99,0,,1,0,Murphy,Eden,ICE Gymsports North Canterbury,01/01/0001,,2,32200,10,0,0,E4,100,,,,,,,,,,,,
75,8050cb81-30bf-47a6-4b0f-a892199e19c8,TCI #1 2023 AGE Interclub Trampoline Championships,,TRA,9-10 Years Female,Qualification,1,,4,TRUE,4,62100,0,99,0,,1,0,Murphy,Eden,ICE Gymsports North Canterbury,01/01/0001,,2,32200,10,0,0,E5,100,,,,,,,,,,,,
76,8050cb81-30bf-47a6-4b0f-a892199e19c8,TCI #1 2023 AGE Interclub Trampoline Championships,,TRA,9-10 Years Female,Qualification,1,,4,TRUE,4,62100,0,99,0,,1,0,Murphy,Eden,ICE Gymsports North Canterbury,01/01/0001,,2,32200,10,0,0,E8,100,,,,,,,,,,,,
77,8050cb81-30bf-47a6-4b0f-a892199e19c8,TCI #1 2023 AGE Interclub Trampoline Championships,,TRA,9-10 Years Female,Qualification,1,,4,TRUE,4,62100,0,99,0,,1,0,Murphy,Eden,ICE Gymsports North Canterbury,01/01/0001,,2,32200,10,0,0,E∑,20600,6,5,6,6,5,6,6,6,6,6,1,0
78,8050cb81-30bf-47a6-4b0f-a892199e19c8,TCI #1 2023 AGE Interclub Trampoline Championships,,TRA,9-10 Years Female,Qualification,1,,4,TRUE,4,62100,0,99,0,,1,0,Murphy,Eden,ICE Gymsports North Canterbury,01/01/0001,,2,32200,10,0,0,T,0,,,,,,,,,,,,
79,8050cb81-30bf-47a6-4b0f-a892199e19c8,TCI #1 2023 AGE Interclub Trampoline Championships,,TRA,9-10 Years Female,Qualification,1,,4,TRUE,4,62100,0,99,0,,1,0,Murphy,Eden,ICE Gymsports North Canterbury,01/01/0001,,2,32200,10,0,0,D,17,0,,,,,,,,,,,
80,8050cb81-30bf-47a6-4b0f-a892199e19c8,TCI #1 2023 AGE Interclub Trampoline Championships,,TRA,9-10 Years Female,Qualification,1,,4,TRUE,4,62100,0,99,0,,1,0,Murphy,Eden,ICE Gymsports North Canterbury,01/01/0001,,2,32200,10,0,0,H,990,990,0,,,,,,,,,,
81,8050cb81-30bf-47a6-4b0f-a892199e19c8,TCI #1 2023 AGE Interclub Trampoline Championships,,TRA,9-10 Years Female,Qualification,1,,5,TRUE,7,44400,0,99,0,,1,0,Grayling,Evette,ICE Gymsports North Canterbury,01/01/0001,,1,22000,10,0,0,E1,70,4,3,1,2,2,2,3,4,3,5,1,0
82,8050cb81-30bf-47a6-4b0f-a892199e19c8,TCI #1 2023 AGE Interclub Trampoline Championships,,TRA,9-10 Years Female,Qualification,1,,5,TRUE,7,44400,0,99,0,,1,0,Grayling,Evette,ICE Gymsports North Canterbury,01/01/0001,,1,22000,10,0,0,E2,77,3,2,1,1,2,3,3,2,3,3,0,0
83,8050cb81-30bf-47a6-4b0f-a892199e19c8,TCI #1 2023 AGE Interclub Trampoline Championships,,TRA,9-10 Years Female,Qualification,1,,5,TRUE,7,44400,0,99,0,,1,0,Grayling,Evette,ICE Gymsports North Canterbury,01/01/0001,,1,22000,10,0,0,E3,73,2,3,2,2,2,2,3,3,2,5,1,0
84,8050cb81-30bf-47a6-4b0f-a892199e19c8,TCI #1 2023 AGE Interclub Trampoline Championships,,TRA,9-10 Years Female,Qualification,1,,5,TRUE,7,44400,0,99,0,,1,0,Grayling,Evette,ICE Gymsports North Canterbury,01/01/0001,,1,22000,10,0,0,E4,100,,,,,,,,,,,,
85,8050cb81-30bf-47a6-4b0f-a892199e19c8,TCI #1 2023 AGE Interclub Trampoline Championships,,TRA,9-10 Years Female,Qualification,1,,5,TRUE,7,44400,0,99,0,,1,0,Grayling,Evette,ICE Gymsports North Canterbury,01/01/0001,,1,22000,10,0,0,E5,100,,,,,,,,,,,,
86,8050cb81-30bf-47a6-4b0f-a892199e19c8,TCI #1 2023 AGE Interclub Trampoline Championships,,TRA,9-10 Years Female,Qualification,1,,5,TRUE,7,44400,0,99,0,,1,0,Grayling,Evette,ICE Gymsports North Canterbury,01/01/0001,,1,22000,10,0,0,E8,100,,,,,,,,,,,,
87,8050cb81-30bf-47a6-4b0f-a892199e19c8,TCI #1 2023 AGE Interclub Trampoline Championships,,TRA,9-10 Years Female,Qualification,1,,5,TRUE,7,44400,0,99,0,,1,0,Grayling,Evette,ICE Gymsports North Canterbury,01/01/0001,,1,22000,10,0,0,E∑,22000,5,5,2,3,4,4,6,5,5,8,1,0
88,8050cb81-30bf-47a6-4b0f-a892199e19c8,TCI #1 2023 AGE Interclub Trampoline Championships,,TRA,9-10 Years Female,Qualification,1,,5,TRUE,7,44400,0,99,0,,1,0,Grayling,Evette,ICE Gymsports North Canterbury,01/01/0001,,1,22000,10,0,0,T,0,,,,,,,,,,,,
89,8050cb81-30bf-47a6-4b0f-a892199e19c8,TCI #1 2023 AGE Interclub Trampoline Championships,,TRA,9-10 Years Female,Qualification,1,,5,TRUE,7,44400,0,99,0,,1,0,Grayling,Evette,ICE Gymsports North Canterbury,01/01/0001,,1,22000,10,0,0,D,0,0,,,,,,,,,,,
90,8050cb81-30bf-47a6-4b0f-a892199e19c8,TCI #1 2023 AGE Interclub Trampoline Championships,,TRA,9-10 Years Female,Qualification,1,,5,TRUE,7,44400,0,99,0,,1,0,Grayling,Evette,ICE Gymsports North Canterbury,01/01/0001,,1,22000,10,0,0,H,0,0,0,,,,,,,,,,
91,8050cb81-30bf-47a6-4b0f-a892199e19c8,TCI #1 2023 AGE Interclub Trampoline Championships,,TRA,9-10 Years Female,Qualification,1,,5,TRUE,7,44400,0,99,0,,1,0,Grayling,Evette,ICE Gymsports North Canterbury,01/01/0001,,2,22400,10,0,0,E1,69,3,3,2,2,2,2,4,4,3,4,2,0
92,8050cb81-30bf-47a6-4b0f-a892199e19c8,TCI #1 2023 AGE Interclub Trampoline Championships,,TRA,9-10 Years Female,Qualification,1,,5,TRUE,7,44400,0,99,0,,1,0,Grayling,Evette,ICE Gymsports North Canterbury,01/01/0001,,2,22400,10,0,0,E2,74,3,1,2,2,3,3,3,3,3,3,0,0
93,8050cb81-30bf-47a6-4b0f-a892199e19c8,TCI #1 2023 AGE Interclub Trampoline Championships,,TRA,9-10 Years Female,Qualification,1,,5,TRUE,7,44400,0,99,0,,1,0,Grayling,Evette,ICE Gymsports North Canterbury,01/01/0001,,2,22400,10,0,0,E3,69,3,3,2,2,2,2,4,3,4,4,2,0
94,8050cb81-30bf-47a6-4b0f-a892199e19c8,TCI #1 2023 AGE Interclub Trampoline Championships,,TRA,9-10 Years Female,Qualification,1,,5,TRUE,7,44400,0,99,0,,1,0,Grayling,Evette,ICE Gymsports North Canterbury,01/01/0001,,2,22400,10,0,0,E4,100,,,,,,,,,,,,
95,8050cb81-30bf-47a6-4b0f-a892199e19c8,TCI #1 2023 AGE Interclub Trampoline Championships,,TRA,9-10 Years Female,Qualification,1,,5,TRUE,7,44400,0,99,0,,1,0,Grayling,Evette,ICE Gymsports North Canterbury,01/01/0001,,2,22400,10,0,0,E5,100,,,,,,,,,,,,
96,8050cb81-30bf-47a6-4b0f-a892199e19c8,TCI #1 2023 AGE Interclub Trampoline Championships,,TRA,9-10 Years Female,Qualification,1,,5,TRUE,7,44400,0,99,0,,1,0,Grayling,Evette,ICE Gymsports North Canterbury,01/01/0001,,2,22400,10,0,0,E8,100,,,,,,,,,,,,
97,8050cb81-30bf-47a6-4b0f-a892199e19c8,TCI #1 2023 AGE Interclub Trampoline Championships,,TRA,9-10 Years Female,Qualification,1,,5,TRUE,7,44400,0,99,0,,1,0,Grayling,Evette,ICE Gymsports North Canterbury,01/01/0001,,2,22400,10,0,0,E∑,21200,6,4,4,4,4,4,7,6,6,7,2,0
98,8050cb81-30bf-47a6-4b0f-a892199e19c8,TCI #1 2023 AGE Interclub Trampoline Championships,,TRA,9-10 Years Female,Qualification,1,,5,TRUE,7,44400,0,99,0,,1,0,Grayling,Evette,ICE Gymsports North Canterbury,01/01/0001,,2,22400,10,0,0,T,0,,,,,,,,,,,,
99,8050cb81-30bf-47a6-4b0f-a892199e19c8,TCI #1 2023 AGE Interclub Trampoline Championships,,TRA,9-10 Years Female,Qualification,1,,5,TRUE,7,44400,0,99,0,,1,0,Grayling,Evette,ICE Gymsports North Canterbury,01/01/0001,,2,22400,10,0,0,D,12,0,,,,,,,,,,,
100,8050cb81-30bf-47a6-4b0f-a892199e19c8,TCI #1 2023 AGE Interclub Trampoline Championships,,TRA,9-10 Years Female,Qualification,1,,5,TRUE,7,44400,0,99,0,,1,0,Grayling,Evette,ICE Gymsports North Canterbury,01/01/0001,,2,22400,10,0,0,H,0,0,0,,,,,,,,,,
101,8050cb81-30bf-47a6-4b0f-a892199e19c8,TCI #1 2023 AGE Interclub Trampoline Championships,,TRA,9-10 Years Female,Qualification,1,,6,TRUE,8,42000,0,99,0,,1,0,Brake,Eden,Dynamic Gymnastics Sports,01/01/0001,,1,21600,7,0,0,E1,46,4,2,3,4,3,4,4,,,,,0
102,8050cb81-30bf-47a6-4b0f-a892199e19c8,TCI #1 2023 AGE Interclub Trampoline Championships,,TRA,9-10 Years Female,Qualification,1,,6,TRUE,8,42000,0,99,0,,1,0,Brake,Eden,Dynamic Gymnastics Sports,01/01/0001,,1,21600,7,0,0,E2,55,3,1,1,2,2,3,3,,,,,0
103,8050cb81-30bf-47a6-4b0f-a892199e19c8,TCI #1 2023 AGE Interclub Trampoline Championships,,TRA,9-10 Years Female,Qualification,1,,6,TRUE,8,42000,0,99,0,,1,0,Brake,Eden,Dynamic Gymnastics Sports,01/01/0001,,1,21600,7,0,0,E3,47,4,2,2,4,3,4,4,,,,,0
104,8050cb81-30bf-47a6-4b0f-a892199e19c8,TCI #1 2023 AGE Interclub Trampoline Championships,,TRA,9-10 Years Female,Qualification,1,,6,TRUE,8,42000,0,99,0,,1,0,Brake,Eden,Dynamic Gymnastics Sports,01/01/0001,,1,21600,7,0,0,E4,70,,,,,,,,,,,,
105,8050cb81-30bf-47a6-4b0f-a892199e19c8,TCI #1 2023 AGE Interclub Trampoline Championships,,TRA,9-10 Years Female,Qualification,1,,6,TRUE,8,42000,0,99,0,,1,0,Brake,Eden,Dynamic Gymnastics Sports,01/01/0001,,1,21600,7,0,0,E5,70,,,,,,,,,,,,
106,8050cb81-30bf-47a6-4b0f-a892199e19c8,TCI #1 2023 AGE Interclub Trampoline Championships,,TRA,9-10 Years Female,Qualification,1,,6,TRUE,8,42000,0,99,0,,1,0,Brake,Eden,Dynamic Gymnastics Sports,01/01/0001,,1,21600,7,0,0,E8,70,,,,,,,,,,,,
107,8050cb81-30bf-47a6-4b0f-a892199e19c8,TCI #1 2023 AGE Interclub Trampoline Championships,,TRA,9-10 Years Female,Qualification,1,,6,TRUE,8,42000,0,99,0,,1,0,Brake,Eden,Dynamic Gymnastics Sports,01/01/0001,,1,21600,7,0,0,E∑,14800,7,3,3,6,5,7,7,0,0,0,0,0
108,8050cb81-30bf-47a6-4b0f-a892199e19c8,TCI #1 2023 AGE Interclub Trampoline Championships,,TRA,9-10 Years Female,Qualification,1,,6,TRUE,8,42000,0,99,0,,1,0,Brake,Eden,Dynamic Gymnastics Sports,01/01/0001,,1,21600,7,0,0,T,0,,,,,,,,,,,,
109,8050cb81-30bf-47a6-4b0f-a892199e19c8,TCI #1 2023 AGE Interclub Trampoline Championships,,TRA,9-10 Years Female,Qualification,1,,6,TRUE,8,42000,0,99,0,,1,0,Brake,Eden,Dynamic Gymnastics Sports,01/01/0001,,1,21600,7,0,0,D,0,0,,,,,,,,,,,
110,8050cb81-30bf-47a6-4b0f-a892199e19c8,TCI #1 2023 AGE Interclub Trampoline Championships,,TRA,9-10 Years Female,Qualification,1,,6,TRUE,8,42000,0,99,0,,1,0,Brake,Eden,Dynamic Gymnastics Sports,01/01/0001,,1,21600,7,0,0,H,680,680,0,,,,,,,,,,
111,8050cb81-30bf-47a6-4b0f-a892199e19c8,TCI #1 2023 AGE Interclub Trampoline Championships,,TRA,9-10 Years Female,Qualification,1,,6,TRUE,8,42000,0,99,0,,1,0,Brake,Eden,Dynamic Gymnastics Sports,01/01/0001,,2,20400,6,0,0,E1,44,3,1,2,3,3,4,,,,,,0
112,8050cb81-30bf-47a6-4b0f-a892199e19c8,TCI #1 2023 AGE Interclub Trampoline Championships,,TRA,9-10 Years Female,Qualification,1,,6,TRUE,8,42000,0,99,0,,1,0,Brake,Eden,Dynamic Gymnastics Sports,01/01/0001,,2,20400,6,0,0,E2,45,3,1,2,3,3,3,,,,,,0
113,8050cb81-30bf-47a6-4b0f-a892199e19c8,TCI #1 2023 AGE Interclub Trampoline Championships,,TRA,9-10 Years Female,Qualification,1,,6,TRUE,8,42000,0,99,0,,1,0,Brake,Eden,Dynamic Gymnastics Sports,01/01/0001,,2,20400,6,0,0,E3,46,3,2,1,3,2,3,,,,,,0
114,8050cb81-30bf-47a6-4b0f-a892199e19c8,TCI #1 2023 AGE Interclub Trampoline Championships,,TRA,9-10 Years Female,Qualification,1,,6,TRUE,8,42000,0,99,0,,1,0,Brake,Eden,Dynamic Gymnastics Sports,01/01/0001,,2,20400,6,0,0,E4,60,,,,,,,,,,,,
115,8050cb81-30bf-47a6-4b0f-a892199e19c8,TCI #1 2023 AGE Interclub Trampoline Championships,,TRA,9-10 Years Female,Qualification,1,,6,TRUE,8,42000,0,99,0,,1,0,Brake,Eden,Dynamic Gymnastics Sports,01/01/0001,,2,20400,6,0,0,E5,60,,,,,,,,,,,,
116,8050cb81-30bf-47a6-4b0f-a892199e19c8,TCI #1 2023 AGE Interclub Trampoline Championships,,TRA,9-10 Years Female,Qualification,1,,6,TRUE,8,42000,0,99,0,,1,0,Brake,Eden,Dynamic Gymnastics Sports,01/01/0001,,2,20400,6,0,0,E8,60,,,,,,,,,,,,
117,8050cb81-30bf-47a6-4b0f-a892199e19c8,TCI #1 2023 AGE Interclub Trampoline Championships,,TRA,9-10 Years Female,Qualification,1,,6,TRUE,8,42000,0,99,0,,1,0,Brake,Eden,Dynamic Gymnastics Sports,01/01/0001,,2,20400,6,0,0,E∑,13500,6,2,3,6,5,6,0,0,0,0,0,0
118,8050cb81-30bf-47a6-4b0f-a892199e19c8,TCI #1 2023 AGE Interclub Trampoline Championships,,TRA,9-10 Years Female,Qualification,1,,6,TRUE,8,42000,0,99,0,,1,0,Brake,Eden,Dynamic Gymnastics Sports,01/01/0001,,2,20400,6,0,0,T,0,,,,,,,,,,,,
119,8050cb81-30bf-47a6-4b0f-a892199e19c8,TCI #1 2023 AGE Interclub Trampoline Championships,,TRA,9-10 Years Female,Qualification,1,,6,TRUE,8,42000,0,99,0,,1,0,Brake,Eden,Dynamic Gymnastics Sports,01/01/0001,,2,20400,6,0,0,D,13,0,,,,,,,,,,,
120,8050cb81-30bf-47a6-4b0f-a892199e19c8,TCI #1 2023 AGE Interclub Trampoline Championships,,TRA,9-10 Years Female,Qualification,1,,6,TRUE,8,42000,0,99,0,,1,0,Brake,Eden,Dynamic Gymnastics Sports,01/01/0001,,2,20400,6,0,0,H,560,560,0,,,,,,,,,,
121,8050cb81-30bf-47a6-4b0f-a892199e19c8,TCI #1 2023 AGE Interclub Trampoline Championships,,TRA,9-10 Years Female,Qualification,1,,7,TRUE,6,61100,0,99,0,,1,0,Macgregor,Natalie,Dynamic Gymnastics Sports,01/01/0001,,1,28300,10,0,0,E1,61,3,2,3,3,3,3,3,3,3,3,0,10
122,8050cb81-30bf-47a6-4b0f-a892199e19c8,TCI #1 2023 AGE Interclub Trampoline Championships,,TRA,9-10 Years Female,Qualification,1,,7,TRUE,6,61100,0,99,0,,1,0,Macgregor,Natalie,Dynamic Gymnastics Sports,01/01/0001,,1,28300,10,0,0,E2,65,3,1,2,2,2,3,3,3,3,3,0,10
123,8050cb81-30bf-47a6-4b0f-a892199e19c8,TCI #1 2023 AGE Interclub Trampoline Championships,,TRA,9-10 Years Female,Qualification,1,,7,TRUE,6,61100,0,99,0,,1,0,Macgregor,Natalie,Dynamic Gymnastics Sports,01/01/0001,,1,28300,10,0,0,E3,60,3,2,3,3,3,3,4,3,3,3,0,10
124,8050cb81-30bf-47a6-4b0f-a892199e19c8,TCI #1 2023 AGE Interclub Trampoline Championships,,TRA,9-10 Years Female,Qualification,1,,7,TRUE,6,61100,0,99,0,,1,0,Macgregor,Natalie,Dynamic Gymnastics Sports,01/01/0001,,1,28300,10,0,0,E4,100,,,,,,,,,,,,
125,8050cb81-30bf-47a6-4b0f-a892199e19c8,TCI #1 2023 AGE Interclub Trampoline Championships,,TRA,9-10 Years Female,Qualification,1,,7,TRUE,6,61100,0,99,0,,1,0,Macgregor,Natalie,Dynamic Gymnastics Sports,01/01/0001,,1,28300,10,0,0,E5,100,,,,,,,,,,,,
126,8050cb81-30bf-47a6-4b0f-a892199e19c8,TCI #1 2023 AGE Interclub Trampoline Championships,,TRA,9-10 Years Female,Qualification,1,,7,TRUE,6,61100,0,99,0,,1,0,Macgregor,Natalie,Dynamic Gymnastics Sports,01/01/0001,,1,28300,10,0,0,E8,100,,,,,,,,,,,,
127,8050cb81-30bf-47a6-4b0f-a892199e19c8,TCI #1 2023 AGE Interclub Trampoline Championships,,TRA,9-10 Years Female,Qualification,1,,7,TRUE,6,61100,0,99,0,,1,0,Macgregor,Natalie,Dynamic Gymnastics Sports,01/01/0001,,1,28300,10,0,0,E∑,18600,6,3,5,5,5,6,6,6,6,6,0,20
128,8050cb81-30bf-47a6-4b0f-a892199e19c8,TCI #1 2023 AGE Interclub Trampoline Championships,,TRA,9-10 Years Female,Qualification,1,,7,TRUE,6,61100,0,99,0,,1,0,Macgregor,Natalie,Dynamic Gymnastics Sports,01/01/0001,,1,28300,10,0,0,T,0,,,,,,,,,,,,
129,8050cb81-30bf-47a6-4b0f-a892199e19c8,TCI #1 2023 AGE Interclub Trampoline Championships,,TRA,9-10 Years Female,Qualification,1,,7,TRUE,6,61100,0,99,0,,1,0,Macgregor,Natalie,Dynamic Gymnastics Sports,01/01/0001,,1,28300,10,0,0,D,0,0,,,,,,,,,,,
130,8050cb81-30bf-47a6-4b0f-a892199e19c8,TCI #1 2023 AGE Interclub Trampoline Championships,,TRA,9-10 Years Female,Qualification,1,,7,TRUE,6,61100,0,99,0,,1,0,Macgregor,Natalie,Dynamic Gymnastics Sports,01/01/0001,,1,28300,10,0,0,H,970,970,0,,,,,,,,,,
131,8050cb81-30bf-47a6-4b0f-a892199e19c8,TCI #1 2023 AGE Interclub Trampoline Championships,,TRA,9-10 Years Female,Qualification,1,,7,TRUE,6,61100,0,99,0,,1,0,Macgregor,Natalie,Dynamic Gymnastics Sports,01/01/0001,,2,32800,10,0,0,E1,71,3,2,3,3,3,3,3,3,3,3,0,0
132,8050cb81-30bf-47a6-4b0f-a892199e19c8,TCI #1 2023 AGE Interclub Trampoline Championships,,TRA,9-10 Years Female,Qualification,1,,7,TRUE,6,61100,0,99,0,,1,0,Macgregor,Natalie,Dynamic Gymnastics Sports,01/01/0001,,2,32800,10,0,0,E2,73,3,1,4,3,2,2,3,3,3,3,0,0
133,8050cb81-30bf-47a6-4b0f-a892199e19c8,TCI #1 2023 AGE Interclub Trampoline Championships,,TRA,9-10 Years Female,Qualification,1,,7,TRUE,6,61100,0,99,0,,1,0,Macgregor,Natalie,Dynamic Gymnastics Sports,01/01/0001,,2,32800,10,0,0,E3,71,3,3,2,2,3,3,3,3,3,3,1,0
134,8050cb81-30bf-47a6-4b0f-a892199e19c8,TCI #1 2023 AGE Interclub Trampoline Championships,,TRA,9-10 Years Female,Qualification,1,,7,TRUE,6,61100,0,99,0,,1,0,Macgregor,Natalie,Dynamic Gymnastics Sports,01/01/0001,,2,32800,10,0,0,E4,100,,,,,,,,,,,,
135,8050cb81-30bf-47a6-4b0f-a892199e19c8,TCI #1 2023 AGE Interclub Trampoline Championships,,TRA,9-10 Years Female,Qualification,1,,7,TRUE,6,61100,0,99,0,,1,0,Macgregor,Natalie,Dynamic Gymnastics Sports,01/01/0001,,2,32800,10,0,0,E5,100,,,,,,,,,,,,
136,8050cb81-30bf-47a6-4b0f-a892199e19c8,TCI #1 2023 AGE Interclub Trampoline Championships,,TRA,9-10 Years Female,Qualification,1,,7,TRUE,6,61100,0,99,0,,1,0,Macgregor,Natalie,Dynamic Gymnastics Sports,01/01/0001,,2,32800,10,0,0,E8,100,,,,,,,,,,,,
137,8050cb81-30bf-47a6-4b0f-a892199e19c8,TCI #1 2023 AGE Interclub Trampoline Championships,,TRA,9-10 Years Female,Qualification,1,,7,TRUE,6,61100,0,99,0,,1,0,Macgregor,Natalie,Dynamic Gymnastics Sports,01/01/0001,,2,32800,10,0,0,E∑,21500,6,3,5,5,5,5,6,6,6,6,0,0
138,8050cb81-30bf-47a6-4b0f-a892199e19c8,TCI #1 2023 AGE Interclub Trampoline Championships,,TRA,9-10 Years Female,Qualification,1,,7,TRUE,6,61100,0,99,0,,1,0,Macgregor,Natalie,Dynamic Gymnastics Sports,01/01/0001,,2,32800,10,0,0,T,0,,,,,,,,,,,,
139,8050cb81-30bf-47a6-4b0f-a892199e19c8,TCI #1 2023 AGE Interclub Trampoline Championships,,TRA,9-10 Years Female,Qualification,1,,7,TRUE,6,61100,0,99,0,,1,0,Macgregor,Natalie,Dynamic Gymnastics Sports,01/01/0001,,2,32800,10,0,0,D,16,0,,,,,,,,,,,
140,8050cb81-30bf-47a6-4b0f-a892199e19c8,TCI #1 2023 AGE Interclub Trampoline Championships,,TRA,9-10 Years Female,Qualification,1,,7,TRUE,6,61100,0,99,0,,1,0,Macgregor,Natalie,Dynamic Gymnastics Sports,01/01/0001,,2,32800,10,0,0,H,970,970,0,,,,,,,,,,
141,8050cb81-30bf-47a6-4b0f-a892199e19c8,TCI #1 2023 AGE Interclub Trampoline Championships,,TRA,9-10 Years Female,Qualification,1,,8,TRUE,1,68700,0,99,0,,1,0,Milnthorp,Kiera,Christchurch School of Gymnastics,01/01/0001,,1,32300,10,0,0,E1,74,3,0,4,3,2,4,3,2,2,3,0,0
142,8050cb81-30bf-47a6-4b0f-a892199e19c8,TCI #1 2023 AGE Interclub Trampoline Championships,,TRA,9-10 Years Female,Qualification,1,,8,TRUE,1,68700,0,99,0,,1,0,Milnthorp,Kiera,Christchurch School of Gymnastics,01/01/0001,,1,32300,10,0,0,E2,80,2,1,2,2,1,3,2,2,3,2,0,0
143,8050cb81-30bf-47a6-4b0f-a892199e19c8,TCI #1 2023 AGE Interclub Trampoline Championships,,TRA,9-10 Years Female,Qualification,1,,8,TRUE,1,68700,0,99,0,,1,0,Milnthorp,Kiera,Christchurch School of Gymnastics,01/01/0001,,1,32300,10,0,0,E3,75,2,0,4,3,2,3,3,2,3,3,0,0
144,8050cb81-30bf-47a6-4b0f-a892199e19c8,TCI #1 2023 AGE Interclub Trampoline Championships,,TRA,9-10 Years Female,Qualification,1,,8,TRUE,1,68700,0,99,0,,1,0,Milnthorp,Kiera,Christchurch School of Gymnastics,01/01/0001,,1,32300,10,0,0,E4,100,,,,,,,,,,,,
145,8050cb81-30bf-47a6-4b0f-a892199e19c8,TCI #1 2023 AGE Interclub Trampoline Championships,,TRA,9-10 Years Female,Qualification,1,,8,TRUE,1,68700,0,99,0,,1,0,Milnthorp,Kiera,Christchurch School of Gymnastics,01/01/0001,,1,32300,10,0,0,E5,100,,,,,,,,,,,,
146,8050cb81-30bf-47a6-4b0f-a892199e19c8,TCI #1 2023 AGE Interclub Trampoline Championships,,TRA,9-10 Years Female,Qualification,1,,8,TRUE,1,68700,0,99,0,,1,0,Milnthorp,Kiera,Christchurch School of Gymnastics,01/01/0001,,1,32300,10,0,0,E8,100,,,,,,,,,,,,
147,8050cb81-30bf-47a6-4b0f-a892199e19c8,TCI #1 2023 AGE Interclub Trampoline Championships,,TRA,9-10 Years Female,Qualification,1,,8,TRUE,1,68700,0,99,0,,1,0,Milnthorp,Kiera,Christchurch School of Gymnastics,01/01/0001,,1,32300,10,0,0,E∑,22900,4,0,6,5,3,6,5,4,5,5,0,0
148,8050cb81-30bf-47a6-4b0f-a892199e19c8,TCI #1 2023 AGE Interclub Trampoline Championships,,TRA,9-10 Years Female,Qualification,1,,8,TRUE,1,68700,0,99,0,,1,0,Milnthorp,Kiera,Christchurch School of Gymnastics,01/01/0001,,1,32300,10,0,0,T,0,,,,,,,,,,,,
149,8050cb81-30bf-47a6-4b0f-a892199e19c8,TCI #1 2023 AGE Interclub Trampoline Championships,,TRA,9-10 Years Female,Qualification,1,,8,TRUE,1,68700,0,99,0,,1,0,Milnthorp,Kiera,Christchurch School of Gymnastics,01/01/0001,,1,32300,10,0,0,D,0,0,,,,,,,,,,,
150,8050cb81-30bf-47a6-4b0f-a892199e19c8,TCI #1 2023 AGE Interclub Trampoline Championships,,TRA,9-10 Years Female,Qualification,1,,8,TRUE,1,68700,0,99,0,,1,0,Milnthorp,Kiera,Christchurch School of Gymnastics,01/01/0001,,1,32300,10,0,0,H,940,940,0,,,,,,,,,,
151,8050cb81-30bf-47a6-4b0f-a892199e19c8,TCI #1 2023 AGE Interclub Trampoline Championships,,TRA,9-10 Years Female,Qualification,1,,8,TRUE,1,68700,0,99,0,,1,0,Milnthorp,Kiera,Christchurch School of Gymnastics,01/01/0001,,2,36400,10,0,0,E1,75,3,3,1,3,4,1,3,3,1,2,1,0
152,8050cb81-30bf-47a6-4b0f-a892199e19c8,TCI #1 2023 AGE Interclub Trampoline Championships,,TRA,9-10 Years Female,Qualification,1,,8,TRUE,1,68700,0,99,0,,1,0,Milnthorp,Kiera,Christchurch School of Gymnastics,01/01/0001,,2,36400,10,0,0,E2,79,2,2,1,3,3,1,3,3,1,1,1,0
153,8050cb81-30bf-47a6-4b0f-a892199e19c8,TCI #1 2023 AGE Interclub Trampoline Championships,,TRA,9-10 Years Female,Qualification,1,,8,TRUE,1,68700,0,99,0,,1,0,Milnthorp,Kiera,Christchurch School of Gymnastics,01/01/0001,,2,36400,10,0,0,E3,76,3,3,1,2,3,1,2,3,3,2,1,0
154,8050cb81-30bf-47a6-4b0f-a892199e19c8,TCI #1 2023 AGE Interclub Trampoline Championships,,TRA,9-10 Years Female,Qualification,1,,8,TRUE,1,68700,0,99,0,,1,0,Milnthorp,Kiera,Christchurch School of Gymnastics,01/01/0001,,2,36400,10,0,0,E4,100,,,,,,,,,,,,
155,8050cb81-30bf-47a6-4b0f-a892199e19c8,TCI #1 2023 AGE Interclub Trampoline Championships,,TRA,9-10 Years Female,Qualification,1,,8,TRUE,1,68700,0,99,0,,1,0,Milnthorp,Kiera,Christchurch School of Gymnastics,01/01/0001,,2,36400,10,0,0,E5,100,,,,,,,,,,,,
156,8050cb81-30bf-47a6-4b0f-a892199e19c8,TCI #1 2023 AGE Interclub Trampoline Championships,,TRA,9-10 Years Female,Qualification,1,,8,TRUE,1,68700,0,99,0,,1,0,Milnthorp,Kiera,Christchurch School of Gymnastics,01/01/0001,,2,36400,10,0,0,E8,100,,,,,,,,,,,,
157,8050cb81-30bf-47a6-4b0f-a892199e19c8,TCI #1 2023 AGE Interclub Trampoline Championships,,TRA,9-10 Years Female,Qualification,1,,8,TRUE,1,68700,0,99,0,,1,0,Milnthorp,Kiera,Christchurch School of Gymnastics,01/01/0001,,2,36400,10,0,0,E∑,23000,5,5,2,5,6,2,5,6,2,3,2,0
158,8050cb81-30bf-47a6-4b0f-a892199e19c8,TCI #1 2023 AGE Interclub Trampoline Championships,,TRA,9-10 Years Female,Qualification,1,,8,TRUE,1,68700,0,99,0,,1,0,Milnthorp,Kiera,Christchurch School of Gymnastics,01/01/0001,,2,36400,10,0,0,T,0,,,,,,,,,,,,
159,8050cb81-30bf-47a6-4b0f-a892199e19c8,TCI #1 2023 AGE Interclub Trampoline Championships,,TRA,9-10 Years Female,Qualification,1,,8,TRUE,1,68700,0,99,0,,1,0,Milnthorp,Kiera,Christchurch School of Gymnastics,01/01/0001,,2,36400,10,0,0,D,41,0,,,,,,,,,,,
160,8050cb81-30bf-47a6-4b0f-a892199e19c8,TCI #1 2023 AGE Interclub Trampoline Championships,,TRA,9-10 Years Female,Qualification,1,,8,TRUE,1,68700,0,99,0,,1,0,Milnthorp,Kiera,Christchurch School of Gymnastics,01/01/0001,,2,36400,10,0,0,H,930,930,0,,,,,,,,,,
161,8050cb81-30bf-47a6-4b0f-a892199e19c8,TCI #1 2023 AGE Interclub Trampoline Championships,,TRA,17 Years and Over Male,Qualification,1,,1,TRUE,1,72600,0,99,0,,1,0,Freeman,Bradon,Christchurch School of Gymnastics,01/01/0001,,1,33800,10,0,0,E1,82,2,1,2,2,1,2,1,1,2,3,1,0
162,8050cb81-30bf-47a6-4b0f-a892199e19c8,TCI #1 2023 AGE Interclub Trampoline Championships,,TRA,17 Years and Over Male,Qualification,1,,1,TRUE,1,72600,0,99,0,,1,0,Freeman,Bradon,Christchurch School of Gymnastics,01/01/0001,,1,33800,10,0,0,E2,79,2,2,2,1,2,2,2,2,2,2,2,0
163,8050cb81-30bf-47a6-4b0f-a892199e19c8,TCI #1 2023 AGE Interclub Trampoline Championships,,TRA,17 Years and Over Male,Qualification,1,,1,TRUE,1,72600,0,99,0,,1,0,Freeman,Bradon,Christchurch School of Gymnastics,01/01/0001,,1,33800,10,0,0,E3,82,2,2,2,1,1,1,2,2,3,2,0,0
164,8050cb81-30bf-47a6-4b0f-a892199e19c8,TCI #1 2023 AGE Interclub Trampoline Championships,,TRA,17 Years and Over Male,Qualification,1,,1,TRUE,1,72600,0,99,0,,1,0,Freeman,Bradon,Christchurch School of Gymnastics,01/01/0001,,1,33800,10,0,0,E4,100,,,,,,,,,,,,
165,8050cb81-30bf-47a6-4b0f-a892199e19c8,TCI #1 2023 AGE Interclub Trampoline Championships,,TRA,17 Years and Over Male,Qualification,1,,1,TRUE,1,72600,0,99,0,,1,0,Freeman,Bradon,Christchurch School of Gymnastics,01/01/0001,,1,33800,10,0,0,E5,100,,,,,,,,,,,,
166,8050cb81-30bf-47a6-4b0f-a892199e19c8,TCI #1 2023 AGE Interclub Trampoline Championships,,TRA,17 Years and Over Male,Qualification,1,,1,TRUE,1,72600,0,99,0,,1,0,Freeman,Bradon,Christchurch School of Gymnastics,01/01/0001,,1,33800,10,0,0,E8,100,,,,,,,,,,,,
167,8050cb81-30bf-47a6-4b0f-a892199e19c8,TCI #1 2023 AGE Interclub Trampoline Championships,,TRA,17 Years and Over Male,Qualification,1,,1,TRUE,1,72600,0,99,0,,1,0,Freeman,Bradon,Christchurch School of Gymnastics,01/01/0001,,1,33800,10,0,0,E∑,24300,4,3,4,2,2,3,3,3,4,4,1,0
168,8050cb81-30bf-47a6-4b0f-a892199e19c8,TCI #1 2023 AGE Interclub Trampoline Championships,,TRA,17 Years and Over Male,Qualification,1,,1,TRUE,1,72600,0,99,0,,1,0,Freeman,Bradon,Christchurch School of Gymnastics,01/01/0001,,1,33800,10,0,0,T,0,,,,,,,,,,,,
169,8050cb81-30bf-47a6-4b0f-a892199e19c8,TCI #1 2023 AGE Interclub Trampoline Championships,,TRA,17 Years and Over Male,Qualification,1,,1,TRUE,1,72600,0,99,0,,1,0,Freeman,Bradon,Christchurch School of Gymnastics,01/01/0001,,1,33800,10,0,0,D,0,0,,,,,,,,,,,
170,8050cb81-30bf-47a6-4b0f-a892199e19c8,TCI #1 2023 AGE Interclub Trampoline Championships,,TRA,17 Years and Over Male,Qualification,1,,1,TRUE,1,72600,0,99,0,,1,0,Freeman,Bradon,Christchurch School of Gymnastics,01/01/0001,,1,33800,10,0,0,H,950,950,0,,,,,,,,,,
171,8050cb81-30bf-47a6-4b0f-a892199e19c8,TCI #1 2023 AGE Interclub Trampoline Championships,,TRA,17 Years and Over Male,Qualification,1,,1,TRUE,1,72600,0,99,0,,1,0,Freeman,Bradon,Christchurch School of Gymnastics,01/01/0001,,2,38800,10,0,0,E1,82,1,1,2,2,2,1,1,2,2,2,2,0
172,8050cb81-30bf-47a6-4b0f-a892199e19c8,TCI #1 2023 AGE Interclub Trampoline Championships,,TRA,17 Years and Over Male,Qualification,1,,1,TRUE,1,72600,0,99,0,,1,0,Freeman,Bradon,Christchurch School of Gymnastics,01/01/0001,,2,38800,10,0,0,E2,82,1,2,2,2,1,2,2,0,2,2,2,0
173,8050cb81-30bf-47a6-4b0f-a892199e19c8,TCI #1 2023 AGE Interclub Trampoline Championships,,TRA,17 Years and Over Male,Qualification,1,,1,TRUE,1,72600,0,99,0,,1,0,Freeman,Bradon,Christchurch School of Gymnastics,01/01/0001,,2,38800,10,0,0,E3,84,1,1,1,1,1,1,2,2,2,2,2,0
174,8050cb81-30bf-47a6-4b0f-a892199e19c8,TCI #1 2023 AGE Interclub Trampoline Championships,,TRA,17 Years and Over Male,Qualification,1,,1,TRUE,1,72600,0,99,0,,1,0,Freeman,Bradon,Christchurch School of Gymnastics,01/01/0001,,2,38800,10,0,0,E4,100,,,,,,,,,,,,
175,8050cb81-30bf-47a6-4b0f-a892199e19c8,TCI #1 2023 AGE Interclub Trampoline Championships,,TRA,17 Years and Over Male,Qualification,1,,1,TRUE,1,72600,0,99,0,,1,0,Freeman,Bradon,Christchurch School of Gymnastics,01/01/0001,,2,38800,10,0,0,E5,100,,,,,,,,,,,,
176,8050cb81-30bf-47a6-4b0f-a892199e19c8,TCI #1 2023 AGE Interclub Trampoline Championships,,TRA,17 Years and Over Male,Qualification,1,,1,TRUE,1,72600,0,99,0,,1,0,Freeman,Bradon,Christchurch School of Gymnastics,01/01/0001,,2,38800,10,0,0,E8,100,,,,,,,,,,,,
177,8050cb81-30bf-47a6-4b0f-a892199e19c8,TCI #1 2023 AGE Interclub Trampoline Championships,,TRA,17 Years and Over Male,Qualification,1,,1,TRUE,1,72600,0,99,0,,1,0,Freeman,Bradon,Christchurch School of Gymnastics,01/01/0001,,2,38800,10,0,0,E∑,24800,2,2,3,3,2,2,3,2,4,4,4,0
178,8050cb81-30bf-47a6-4b0f-a892199e19c8,TCI #1 2023 AGE Interclub Trampoline Championships,,TRA,17 Years and Over Male,Qualification,1,,1,TRUE,1,72600,0,99,0,,1,0,Freeman,Bradon,Christchurch School of Gymnastics,01/01/0001,,2,38800,10,0,0,T,0,,,,,,,,,,,,
179,8050cb81-30bf-47a6-4b0f-a892199e19c8,TCI #1 2023 AGE Interclub Trampoline Championships,,TRA,17 Years and Over Male,Qualification,1,,1,TRUE,1,72600,0,99,0,,1,0,Freeman,Bradon,Christchurch School of Gymnastics,01/01/0001,,2,38800,10,0,0,D,44,0,,,,,,,,,,,
180,8050cb81-30bf-47a6-4b0f-a892199e19c8,TCI #1 2023 AGE Interclub Trampoline Championships,,TRA,17 Years and Over Male,Qualification,1,,1,TRUE,1,72600,0,99,0,,1,0,Freeman,Bradon,Christchurch School of Gymnastics,01/01/0001,,2,38800,10,0,0,H,960,960,0,,,,,,,,,,
181,8050cb81-30bf-47a6-4b0f-a892199e19c8,TCI #1 2023 AGE Interclub Trampoline Championships,,TRA,17 Years and Over Male,Qualification,1,,2,TRUE,2,52900,0,99,0,,1,0,BUWALDA,Basil,ICE Gymsports North Canterbury,01/01/0001,,1,31600,10,0,0,E1,74,2,3,2,3,2,3,2,3,3,3,0,0
182,8050cb81-30bf-47a6-4b0f-a892199e19c8,TCI #1 2023 AGE Interclub Trampoline Championships,,TRA,17 Years and Over Male,Qualification,1,,2,TRUE,2,52900,0,99,0,,1,0,BUWALDA,Basil,ICE Gymsports North Canterbury,01/01/0001,,1,31600,10,0,0,E2,75,2,3,2,2,2,3,2,3,3,3,0,0
183,8050cb81-30bf-47a6-4b0f-a892199e19c8,TCI #1 2023 AGE Interclub Trampoline Championships,,TRA,17 Years and Over Male,Qualification,1,,2,TRUE,2,52900,0,99,0,,1,0,BUWALDA,Basil,ICE Gymsports North Canterbury,01/01/0001,,1,31600,10,0,0,E3,74,2,3,3,3,2,3,2,2,3,3,0,0
184,8050cb81-30bf-47a6-4b0f-a892199e19c8,TCI #1 2023 AGE Interclub Trampoline Championships,,TRA,17 Years and Over Male,Qualification,1,,2,TRUE,2,52900,0,99,0,,1,0,BUWALDA,Basil,ICE Gymsports North Canterbury,01/01/0001,,1,31600,10,0,0,E4,100,,,,,,,,,,,,
185,8050cb81-30bf-47a6-4b0f-a892199e19c8,TCI #1 2023 AGE Interclub Trampoline Championships,,TRA,17 Years and Over Male,Qualification,1,,2,TRUE,2,52900,0,99,0,,1,0,BUWALDA,Basil,ICE Gymsports North Canterbury,01/01/0001,,1,31600,10,0,0,E5,100,,,,,,,,,,,,
186,8050cb81-30bf-47a6-4b0f-a892199e19c8,TCI #1 2023 AGE Interclub Trampoline Championships,,TRA,17 Years and Over Male,Qualification,1,,2,TRUE,2,52900,0,99,0,,1,0,BUWALDA,Basil,ICE Gymsports North Canterbury,01/01/0001,,1,31600,10,0,0,E8,100,,,,,,,,,,,,
187,8050cb81-30bf-47a6-4b0f-a892199e19c8,TCI #1 2023 AGE Interclub Trampoline Championships,,TRA,17 Years and Over Male,Qualification,1,,2,TRUE,2,52900,0,99,0,,1,0,BUWALDA,Basil,ICE Gymsports North Canterbury,01/01/0001,,1,31600,10,0,0,E∑,22300,4,6,4,5,4,6,4,5,6,6,0,0
188,8050cb81-30bf-47a6-4b0f-a892199e19c8,TCI #1 2023 AGE Interclub Trampoline Championships,,TRA,17 Years and Over Male,Qualification,1,,2,TRUE,2,52900,0,99,0,,1,0,BUWALDA,Basil,ICE Gymsports North Canterbury,01/01/0001,,1,31600,10,0,0,T,0,,,,,,,,,,,,
189,8050cb81-30bf-47a6-4b0f-a892199e19c8,TCI #1 2023 AGE Interclub Trampoline Championships,,TRA,17 Years and Over Male,Qualification,1,,2,TRUE,2,52900,0,99,0,,1,0,BUWALDA,Basil,ICE Gymsports North Canterbury,01/01/0001,,1,31600,10,0,0,D,0,0,,,,,,,,,,,
190,8050cb81-30bf-47a6-4b0f-a892199e19c8,TCI #1 2023 AGE Interclub Trampoline Championships,,TRA,17 Years and Over Male,Qualification,1,,2,TRUE,2,52900,0,99,0,,1,0,BUWALDA,Basil,ICE Gymsports North Canterbury,01/01/0001,,1,31600,10,0,0,H,930,930,0,,,,,,,,,,
191,8050cb81-30bf-47a6-4b0f-a892199e19c8,TCI #1 2023 AGE Interclub Trampoline Championships,,TRA,17 Years and Over Male,Qualification,1,,2,TRUE,2,52900,0,99,0,,1,0,BUWALDA,Basil,ICE Gymsports North Canterbury,01/01/0001,,2,21300,6,0,0,E1,43,2,3,3,3,3,3,,,,,,0
192,8050cb81-30bf-47a6-4b0f-a892199e19c8,TCI #1 2023 AGE Interclub Trampoline Championships,,TRA,17 Years and Over Male,Qualification,1,,2,TRUE,2,52900,0,99,0,,1,0,BUWALDA,Basil,ICE Gymsports North Canterbury,01/01/0001,,2,21300,6,0,0,E2,47,2,2,2,2,2,3,,,,,,0
193,8050cb81-30bf-47a6-4b0f-a892199e19c8,TCI #1 2023 AGE Interclub Trampoline Championships,,TRA,17 Years and Over Male,Qualification,1,,2,TRUE,2,52900,0,99,0,,1,0,BUWALDA,Basil,ICE Gymsports North Canterbury,01/01/0001,,2,21300,6,0,0,E3,44,3,3,2,2,3,3,,,,,,0
194,8050cb81-30bf-47a6-4b0f-a892199e19c8,TCI #1 2023 AGE Interclub Trampoline Championships,,TRA,17 Years and Over Male,Qualification,1,,2,TRUE,2,52900,0,99,0,,1,0,BUWALDA,Basil,ICE Gymsports North Canterbury,01/01/0001,,2,21300,6,0,0,E4,60,,,,,,,,,,,,
195,8050cb81-30bf-47a6-4b0f-a892199e19c8,TCI #1 2023 AGE Interclub Trampoline Championships,,TRA,17 Years and Over Male,Qualification,1,,2,TRUE,2,52900,0,99,0,,1,0,BUWALDA,Basil,ICE Gymsports North Canterbury,01/01/0001,,2,21300,6,0,0,E5,60,,,,,,,,,,,,
196,8050cb81-30bf-47a6-4b0f-a892199e19c8,TCI #1 2023 AGE Interclub Trampoline Championships,,TRA,17 Years and Over Male,Qualification,1,,2,TRUE,2,52900,0,99,0,,1,0,BUWALDA,Basil,ICE Gymsports North Canterbury,01/01/0001,,2,21300,6,0,0,E8,60,,,,,,,,,,,,
197,8050cb81-30bf-47a6-4b0f-a892199e19c8,TCI #1 2023 AGE Interclub Trampoline Championships,,TRA,17 Years and Over Male,Qualification,1,,2,TRUE,2,52900,0,99,0,,1,0,BUWALDA,Basil,ICE Gymsports North Canterbury,01/01/0001,,2,21300,6,0,0,E∑,13400,4,5,4,4,5,6,0,0,0,0,0,0
198,8050cb81-30bf-47a6-4b0f-a892199e19c8,TCI #1 2023 AGE Interclub Trampoline Championships,,TRA,17 Years and Over Male,Qualification,1,,2,TRUE,2,52900,0,99,0,,1,0,BUWALDA,Basil,ICE Gymsports North Canterbury,01/01/0001,,2,21300,6,0,0,T,0,,,,,,,,,,,,
199,8050cb81-30bf-47a6-4b0f-a892199e19c8,TCI #1 2023 AGE Interclub Trampoline Championships,,TRA,17 Years and Over Male,Qualification,1,,2,TRUE,2,52900,0,99,0,,1,0,BUWALDA,Basil,ICE Gymsports North Canterbury,01/01/0001,,2,21300,6,0,0,D,23,0,,,,,,,,,,,
200,8050cb81-30bf-47a6-4b0f-a892199e19c8,TCI #1 2023 AGE Interclub Trampoline Championships,,TRA,17 Years and Over Male,Qualification,1,,2,TRUE,2,52900,0,99,0,,1,0,BUWALDA,Basil,ICE Gymsports North Canterbury,01/01/0001,,2,21300,6,0,0,H,560,560,0,,,,,,,,,,
201,8050cb81-30bf-47a6-4b0f-a892199e19c8,TCI #1 2023 AGE Interclub Trampoline Championships,,TRA,11-12 Years Female,Qualification,1,,1,TRUE,3,69200,0,99,0,,1,0,Wright,Pippa,Olympia Gymnastic Sports,01/01/0001,,1,33400,10,0,0,E1,84,1,1,1,1,0,2,2,2,2,3,1,0
202,8050cb81-30bf-47a6-4b0f-a892199e19c8,TCI #1 2023 AGE Interclub Trampoline Championships,,TRA,11-12 Years Female,Qualification,1,,1,TRUE,3,69200,0,99,0,,1,0,Wright,Pippa,Olympia Gymnastic Sports,01/01/0001,,1,33400,10,0,0,E2,82,2,2,2,1,2,2,1,1,3,2,0,0
203,8050cb81-30bf-47a6-4b0f-a892199e19c8,TCI #1 2023 AGE Interclub Trampoline Championships,,TRA,11-12 Years Female,Qualification,1,,1,TRUE,3,69200,0,99,0,,1,0,Wright,Pippa,Olympia Gymnastic Sports,01/01/0001,,1,33400,10,0,0,E3,78,2,2,2,0,2,3,3,3,3,2,0,0
204,8050cb81-30bf-47a6-4b0f-a892199e19c8,TCI #1 2023 AGE Interclub Trampoline Championships,,TRA,11-12 Years Female,Qualification,1,,1,TRUE,3,69200,0,99,0,,1,0,Wright,Pippa,Olympia Gymnastic Sports,01/01/0001,,1,33400,10,0,0,E4,100,,,,,,,,,,,,
205,8050cb81-30bf-47a6-4b0f-a892199e19c8,TCI #1 2023 AGE Interclub Trampoline Championships,,TRA,11-12 Years Female,Qualification,1,,1,TRUE,3,69200,0,99,0,,1,0,Wright,Pippa,Olympia Gymnastic Sports,01/01/0001,,1,33400,10,0,0,E5,100,,,,,,,,,,,,
206,8050cb81-30bf-47a6-4b0f-a892199e19c8,TCI #1 2023 AGE Interclub Trampoline Championships,,TRA,11-12 Years Female,Qualification,1,,1,TRUE,3,69200,0,99,0,,1,0,Wright,Pippa,Olympia Gymnastic Sports,01/01/0001,,1,33400,10,0,0,E8,100,,,,,,,,,,,,
207,8050cb81-30bf-47a6-4b0f-a892199e19c8,TCI #1 2023 AGE Interclub Trampoline Championships,,TRA,11-12 Years Female,Qualification,1,,1,TRUE,3,69200,0,99,0,,1,0,Wright,Pippa,Olympia Gymnastic Sports,01/01/0001,,1,33400,10,0,0,E∑,24400,3,3,3,1,2,4,3,3,5,4,0,0
208,8050cb81-30bf-47a6-4b0f-a892199e19c8,TCI #1 2023 AGE Interclub Trampoline Championships,,TRA,11-12 Years Female,Qualification,1,,1,TRUE,3,69200,0,99,0,,1,0,Wright,Pippa,Olympia Gymnastic Sports,01/01/0001,,1,33400,10,0,0,T,0,,,,,,,,,,,,
209,8050cb81-30bf-47a6-4b0f-a892199e19c8,TCI #1 2023 AGE Interclub Trampoline Championships,,TRA,11-12 Years Female,Qualification,1,,1,TRUE,3,69200,0,99,0,,1,0,Wright,Pippa,Olympia Gymnastic Sports,01/01/0001,,1,33400,10,0,0,D,0,0,,,,,,,,,,,
210,8050cb81-30bf-47a6-4b0f-a892199e19c8,TCI #1 2023 AGE Interclub Trampoline Championships,,TRA,11-12 Years Female,Qualification,1,,1,TRUE,3,69200,0,99,0,,1,0,Wright,Pippa,Olympia Gymnastic Sports,01/01/0001,,1,33400,10,0,0,H,900,900,0,,,,,,,,,,
211,8050cb81-30bf-47a6-4b0f-a892199e19c8,TCI #1 2023 AGE Interclub Trampoline Championships,,TRA,11-12 Years Female,Qualification,1,,1,TRUE,3,69200,0,99,0,,1,0,Wright,Pippa,Olympia Gymnastic Sports,01/01/0001,,2,35800,10,0,0,E1,76,2,3,3,2,2,1,3,3,2,2,1,0
212,8050cb81-30bf-47a6-4b0f-a892199e19c8,TCI #1 2023 AGE Interclub Trampoline Championships,,TRA,11-12 Years Female,Qualification,1,,1,TRUE,3,69200,0,99,0,,1,0,Wright,Pippa,Olympia Gymnastic Sports,01/01/0001,,2,35800,10,0,0,E2,76,3,3,2,2,2,2,2,2,3,2,1,0
213,8050cb81-30bf-47a6-4b0f-a892199e19c8,TCI #1 2023 AGE Interclub Trampoline Championships,,TRA,11-12 Years Female,Qualification,1,,1,TRUE,3,69200,0,99,0,,1,0,Wright,Pippa,Olympia Gymnastic Sports,01/01/0001,,2,35800,10,0,0,E3,70,3,3,3,3,3,3,3,3,3,3,0,0
214,8050cb81-30bf-47a6-4b0f-a892199e19c8,TCI #1 2023 AGE Interclub Trampoline Championships,,TRA,11-12 Years Female,Qualification,1,,1,TRUE,3,69200,0,99,0,,1,0,Wright,Pippa,Olympia Gymnastic Sports,01/01/0001,,2,35800,10,0,0,E4,100,,,,,,,,,,,,
215,8050cb81-30bf-47a6-4b0f-a892199e19c8,TCI #1 2023 AGE Interclub Trampoline Championships,,TRA,11-12 Years Female,Qualification,1,,1,TRUE,3,69200,0,99,0,,1,0,Wright,Pippa,Olympia Gymnastic Sports,01/01/0001,,2,35800,10,0,0,E5,100,,,,,,,,,,,,
216,8050cb81-30bf-47a6-4b0f-a892199e19c8,TCI #1 2023 AGE Interclub Trampoline Championships,,TRA,11-12 Years Female,Qualification,1,,1,TRUE,3,69200,0,99,0,,1,0,Wright,Pippa,Olympia Gymnastic Sports,01/01/0001,,2,35800,10,0,0,E8,100,,,,,,,,,,,,
217,8050cb81-30bf-47a6-4b0f-a892199e19c8,TCI #1 2023 AGE Interclub Trampoline Championships,,TRA,11-12 Years Female,Qualification,1,,1,TRUE,3,69200,0,99,0,,1,0,Wright,Pippa,Olympia Gymnastic Sports,01/01/0001,,2,35800,10,0,0,E∑,22200,5,6,5,4,4,3,5,5,5,4,1,0
218,8050cb81-30bf-47a6-4b0f-a892199e19c8,TCI #1 2023 AGE Interclub Trampoline Championships,,TRA,11-12 Years Female,Qualification,1,,1,TRUE,3,69200,0,99,0,,1,0,Wright,Pippa,Olympia Gymnastic Sports,01/01/0001,,2,35800,10,0,0,T,0,,,,,,,,,,,,
219,8050cb81-30bf-47a6-4b0f-a892199e19c8,TCI #1 2023 AGE Interclub Trampoline Championships,,TRA,11-12 Years Female,Qualification,1,,1,TRUE,3,69200,0,99,0,,1,0,Wright,Pippa,Olympia Gymnastic Sports,01/01/0001,,2,35800,10,0,0,D,41,0,,,,,,,,,,,
220,8050cb81-30bf-47a6-4b0f-a892199e19c8,TCI #1 2023 AGE Interclub Trampoline Championships,,TRA,11-12 Years Female,Qualification,1,,1,TRUE,3,69200,0,99,0,,1,0,Wright,Pippa,Olympia Gymnastic Sports,01/01/0001,,2,35800,10,0,0,H,950,950,0,,,,,,,,,,
221,8050cb81-30bf-47a6-4b0f-a892199e19c8,TCI #1 2023 AGE Interclub Trampoline Championships,,TRA,11-12 Years Female,Qualification,1,,2,TRUE,6,67700,0,99,0,,1,0,Clarke,Jemma,ICE Gymsports North Canterbury,01/01/0001,,1,33200,10,0,0,E1,80,2,2,1,1,3,1,1,3,2,2,2,0
222,8050cb81-30bf-47a6-4b0f-a892199e19c8,TCI #1 2023 AGE Interclub Trampoline Championships,,TRA,11-12 Years Female,Qualification,1,,2,TRUE,6,67700,0,99,0,,1,0,Clarke,Jemma,ICE Gymsports North Canterbury,01/01/0001,,1,33200,10,0,0,E2,78,2,2,2,2,3,2,2,2,2,3,0,0
223,8050cb81-30bf-47a6-4b0f-a892199e19c8,TCI #1 2023 AGE Interclub Trampoline Championships,,TRA,11-12 Years Female,Qualification,1,,2,TRUE,6,67700,0,99,0,,1,0,Clarke,Jemma,ICE Gymsports North Canterbury,01/01/0001,,1,33200,10,0,0,E3,74,2,2,2,2,3,3,3,3,3,3,0,0
224,8050cb81-30bf-47a6-4b0f-a892199e19c8,TCI #1 2023 AGE Interclub Trampoline Championships,,TRA,11-12 Years Female,Qualification,1,,2,TRUE,6,67700,0,99,0,,1,0,Clarke,Jemma,ICE Gymsports North Canterbury,01/01/0001,,1,33200,10,0,0,E4,100,,,,,,,,,,,,
225,8050cb81-30bf-47a6-4b0f-a892199e19c8,TCI #1 2023 AGE Interclub Trampoline Championships,,TRA,11-12 Years Female,Qualification,1,,2,TRUE,6,67700,0,99,0,,1,0,Clarke,Jemma,ICE Gymsports North Canterbury,01/01/0001,,1,33200,10,0,0,E5,100,,,,,,,,,,,,
226,8050cb81-30bf-47a6-4b0f-a892199e19c8,TCI #1 2023 AGE Interclub Trampoline Championships,,TRA,11-12 Years Female,Qualification,1,,2,TRUE,6,67700,0,99,0,,1,0,Clarke,Jemma,ICE Gymsports North Canterbury,01/01/0001,,1,33200,10,0,0,E8,100,,,,,,,,,,,,
227,8050cb81-30bf-47a6-4b0f-a892199e19c8,TCI #1 2023 AGE Interclub Trampoline Championships,,TRA,11-12 Years Female,Qualification,1,,2,TRUE,6,67700,0,99,0,,1,0,Clarke,Jemma,ICE Gymsports North Canterbury,01/01/0001,,1,33200,10,0,0,E∑,23200,4,4,3,3,6,3,3,5,4,5,0,0
228,8050cb81-30bf-47a6-4b0f-a892199e19c8,TCI #1 2023 AGE Interclub Trampoline Championships,,TRA,11-12 Years Female,Qualification,1,,2,TRUE,6,67700,0,99,0,,1,0,Clarke,Jemma,ICE Gymsports North Canterbury,01/01/0001,,1,33200,10,0,0,T,0,,,,,,,,,,,,
229,8050cb81-30bf-47a6-4b0f-a892199e19c8,TCI #1 2023 AGE Interclub Trampoline Championships,,TRA,11-12 Years Female,Qualification,1,,2,TRUE,6,67700,0,99,0,,1,0,Clarke,Jemma,ICE Gymsports North Canterbury,01/01/0001,,1,33200,10,0,0,D,0,0,,,,,,,,,,,
230,8050cb81-30bf-47a6-4b0f-a892199e19c8,TCI #1 2023 AGE Interclub Trampoline Championships,,TRA,11-12 Years Female,Qualification,1,,2,TRUE,6,67700,0,99,0,,1,0,Clarke,Jemma,ICE Gymsports North Canterbury,01/01/0001,,1,33200,10,0,0,H,1000,1000,0,,,,,,,,,,
231,8050cb81-30bf-47a6-4b0f-a892199e19c8,TCI #1 2023 AGE Interclub Trampoline Championships,,TRA,11-12 Years Female,Qualification,1,,2,TRUE,6,67700,0,99,0,,1,0,Clarke,Jemma,ICE Gymsports North Canterbury,01/01/0001,,2,34500,10,0,0,E1,72,2,3,3,2,3,2,2,3,3,3,2,0
232,8050cb81-30bf-47a6-4b0f-a892199e19c8,TCI #1 2023 AGE Interclub Trampoline Championships,,TRA,11-12 Years Female,Qualification,1,,2,TRUE,6,67700,0,99,0,,1,0,Clarke,Jemma,ICE Gymsports North Canterbury,01/01/0001,,2,34500,10,0,0,E2,71,3,2,3,3,2,3,3,2,3,3,2,0
233,8050cb81-30bf-47a6-4b0f-a892199e19c8,TCI #1 2023 AGE Interclub Trampoline Championships,,TRA,11-12 Years Female,Qualification,1,,2,TRUE,6,67700,0,99,0,,1,0,Clarke,Jemma,ICE Gymsports North Canterbury,01/01/0001,,2,34500,10,0,0,E3,69,2,3,3,3,3,3,3,3,3,3,2,0
234,8050cb81-30bf-47a6-4b0f-a892199e19c8,TCI #1 2023 AGE Interclub Trampoline Championships,,TRA,11-12 Years Female,Qualification,1,,2,TRUE,6,67700,0,99,0,,1,0,Clarke,Jemma,ICE Gymsports North Canterbury,01/01/0001,,2,34500,10,0,0,E4,100,,,,,,,,,,,,
235,8050cb81-30bf-47a6-4b0f-a892199e19c8,TCI #1 2023 AGE Interclub Trampoline Championships,,TRA,11-12 Years Female,Qualification,1,,2,TRUE,6,67700,0,99,0,,1,0,Clarke,Jemma,ICE Gymsports North Canterbury,01/01/0001,,2,34500,10,0,0,E5,100,,,,,,,,,,,,
236,8050cb81-30bf-47a6-4b0f-a892199e19c8,TCI #1 2023 AGE Interclub Trampoline Championships,,TRA,11-12 Years Female,Qualification,1,,2,TRUE,6,67700,0,99,0,,1,0,Clarke,Jemma,ICE Gymsports North Canterbury,01/01/0001,,2,34500,10,0,0,E8,100,,,,,,,,,,,,
237,8050cb81-30bf-47a6-4b0f-a892199e19c8,TCI #1 2023 AGE Interclub Trampoline Championships,,TRA,11-12 Years Female,Qualification,1,,2,TRUE,6,67700,0,99,0,,1,0,Clarke,Jemma,ICE Gymsports North Canterbury,01/01/0001,,2,34500,10,0,0,E∑,21200,4,5,6,5,5,5,5,5,6,6,4,0
238,8050cb81-30bf-47a6-4b0f-a892199e19c8,TCI #1 2023 AGE Interclub Trampoline Championships,,TRA,11-12 Years Female,Qualification,1,,2,TRUE,6,67700,0,99,0,,1,0,Clarke,Jemma,ICE Gymsports North Canterbury,01/01/0001,,2,34500,10,0,0,T,0,,,,,,,,,,,,
239,8050cb81-30bf-47a6-4b0f-a892199e19c8,TCI #1 2023 AGE Interclub Trampoline Championships,,TRA,11-12 Years Female,Qualification,1,,2,TRUE,6,67700,0,99,0,,1,0,Clarke,Jemma,ICE Gymsports North Canterbury,01/01/0001,,2,34500,10,0,0,D,39,0,,,,,,,,,,,
240,8050cb81-30bf-47a6-4b0f-a892199e19c8,TCI #1 2023 AGE Interclub Trampoline Championships,,TRA,11-12 Years Female,Qualification,1,,2,TRUE,6,67700,0,99,0,,1,0,Clarke,Jemma,ICE Gymsports North Canterbury,01/01/0001,,2,34500,10,0,0,H,940,940,0,,,,,,,,,,
241,8050cb81-30bf-47a6-4b0f-a892199e19c8,TCI #1 2023 AGE Interclub Trampoline Championships,,TRA,11-12 Years Female,Qualification,1,,3,TRUE,1,70700,0,99,0,,1,0,Wood,Samantha,Dynamic Gymnastics Sports,01/01/0001,,1,34200,10,0,0,E1,80,2,2,1,1,1,2,1,3,3,2,2,0
242,8050cb81-30bf-47a6-4b0f-a892199e19c8,TCI #1 2023 AGE Interclub Trampoline Championships,,TRA,11-12 Years Female,Qualification,1,,3,TRUE,1,70700,0,99,0,,1,0,Wood,Samantha,Dynamic Gymnastics Sports,01/01/0001,,1,34200,10,0,0,E2,81,2,2,2,2,0,2,2,2,2,2,1,0
243,8050cb81-30bf-47a6-4b0f-a892199e19c8,TCI #1 2023 AGE Interclub Trampoline Championships,,TRA,11-12 Years Female,Qualification,1,,3,TRUE,1,70700,0,99,0,,1,0,Wood,Samantha,Dynamic Gymnastics Sports,01/01/0001,,1,34200,10,0,0,E3,82,1,2,2,2,0,2,2,2,2,2,1,0
244,8050cb81-30bf-47a6-4b0f-a892199e19c8,TCI #1 2023 AGE Interclub Trampoline Championships,,TRA,11-12 Years Female,Qualification,1,,3,TRUE,1,70700,0,99,0,,1,0,Wood,Samantha,Dynamic Gymnastics Sports,01/01/0001,,1,34200,10,0,0,E4,100,,,,,,,,,,,,
245,8050cb81-30bf-47a6-4b0f-a892199e19c8,TCI #1 2023 AGE Interclub Trampoline Championships,,TRA,11-12 Years Female,Qualification,1,,3,TRUE,1,70700,0,99,0,,1,0,Wood,Samantha,Dynamic Gymnastics Sports,01/01/0001,,1,34200,10,0,0,E5,100,,,,,,,,,,,,
246,8050cb81-30bf-47a6-4b0f-a892199e19c8,TCI #1 2023 AGE Interclub Trampoline Championships,,TRA,11-12 Years Female,Qualification,1,,3,TRUE,1,70700,0,99,0,,1,0,Wood,Samantha,Dynamic Gymnastics Sports,01/01/0001,,1,34200,10,0,0,E8,100,,,,,,,,,,,,
247,8050cb81-30bf-47a6-4b0f-a892199e19c8,TCI #1 2023 AGE Interclub Trampoline Championships,,TRA,11-12 Years Female,Qualification,1,,3,TRUE,1,70700,0,99,0,,1,0,Wood,Samantha,Dynamic Gymnastics Sports,01/01/0001,,1,34200,10,0,0,E∑,24300,3,4,3,3,0,4,3,4,4,4,2,0
248,8050cb81-30bf-47a6-4b0f-a892199e19c8,TCI #1 2023 AGE Interclub Trampoline Championships,,TRA,11-12 Years Female,Qualification,1,,3,TRUE,1,70700,0,99,0,,1,0,Wood,Samantha,Dynamic Gymnastics Sports,01/01/0001,,1,34200,10,0,0,T,0,,,,,,,,,,,,
249,8050cb81-30bf-47a6-4b0f-a892199e19c8,TCI #1 2023 AGE Interclub Trampoline Championships,,TRA,11-12 Years Female,Qualification,1,,3,TRUE,1,70700,0,99,0,,1,0,Wood,Samantha,Dynamic Gymnastics Sports,01/01/0001,,1,34200,10,0,0,D,0,0,,,,,,,,,,,
250,8050cb81-30bf-47a6-4b0f-a892199e19c8,TCI #1 2023 AGE Interclub Trampoline Championships,,TRA,11-12 Years Female,Qualification,1,,3,TRUE,1,70700,0,99,0,,1,0,Wood,Samantha,Dynamic Gymnastics Sports,01/01/0001,,1,34200,10,0,0,H,990,990,0,,,,,,,,,,
251,8050cb81-30bf-47a6-4b0f-a892199e19c8,TCI #1 2023 AGE Interclub Trampoline Championships,,TRA,11-12 Years Female,Qualification,1,,3,TRUE,1,70700,0,99,0,,1,0,Wood,Samantha,Dynamic Gymnastics Sports,01/01/0001,,2,36500,10,0,0,E1,75,2,2,1,2,2,3,3,4,3,3,0,0
252,8050cb81-30bf-47a6-4b0f-a892199e19c8,TCI #1 2023 AGE Interclub Trampoline Championships,,TRA,11-12 Years Female,Qualification,1,,3,TRUE,1,70700,0,99,0,,1,0,Wood,Samantha,Dynamic Gymnastics Sports,01/01/0001,,2,36500,10,0,0,E2,74,3,2,2,2,2,2,3,4,2,3,1,0
253,8050cb81-30bf-47a6-4b0f-a892199e19c8,TCI #1 2023 AGE Interclub Trampoline Championships,,TRA,11-12 Years Female,Qualification,1,,3,TRUE,1,70700,0,99,0,,1,0,Wood,Samantha,Dynamic Gymnastics Sports,01/01/0001,,2,36500,10,0,0,E3,70,2,2,3,3,3,3,4,4,3,3,0,0
254,8050cb81-30bf-47a6-4b0f-a892199e19c8,TCI #1 2023 AGE Interclub Trampoline Championships,,TRA,11-12 Years Female,Qualification,1,,3,TRUE,1,70700,0,99,0,,1,0,Wood,Samantha,Dynamic Gymnastics Sports,01/01/0001,,2,36500,10,0,0,E4,100,,,,,,,,,,,,
255,8050cb81-30bf-47a6-4b0f-a892199e19c8,TCI #1 2023 AGE Interclub Trampoline Championships,,TRA,11-12 Years Female,Qualification,1,,3,TRUE,1,70700,0,99,0,,1,0,Wood,Samantha,Dynamic Gymnastics Sports,01/01/0001,,2,36500,10,0,0,E5,100,,,,,,,,,,,,
256,8050cb81-30bf-47a6-4b0f-a892199e19c8,TCI #1 2023 AGE Interclub Trampoline Championships,,TRA,11-12 Years Female,Qualification,1,,3,TRUE,1,70700,0,99,0,,1,0,Wood,Samantha,Dynamic Gymnastics Sports,01/01/0001,,2,36500,10,0,0,E8,100,,,,,,,,,,,,
257,8050cb81-30bf-47a6-4b0f-a892199e19c8,TCI #1 2023 AGE Interclub Trampoline Championships,,TRA,11-12 Years Female,Qualification,1,,3,TRUE,1,70700,0,99,0,,1,0,Wood,Samantha,Dynamic Gymnastics Sports,01/01/0001,,2,36500,10,0,0,E∑,21900,4,4,3,4,4,5,6,8,5,6,0,0
258,8050cb81-30bf-47a6-4b0f-a892199e19c8,TCI #1 2023 AGE Interclub Trampoline Championships,,TRA,11-12 Years Female,Qualification,1,,3,TRUE,1,70700,0,99,0,,1,0,Wood,Samantha,Dynamic Gymnastics Sports,01/01/0001,,2,36500,10,0,0,T,0,,,,,,,,,,,,
259,8050cb81-30bf-47a6-4b0f-a892199e19c8,TCI #1 2023 AGE Interclub Trampoline Championships,,TRA,11-12 Years Female,Qualification,1,,3,TRUE,1,70700,0,99,0,,1,0,Wood,Samantha,Dynamic Gymnastics Sports,01/01/0001,,2,36500,10,0,0,D,53,0,,,,,,,,,,,
260,8050cb81-30bf-47a6-4b0f-a892199e19c8,TCI #1 2023 AGE Interclub Trampoline Championships,,TRA,11-12 Years Female,Qualification,1,,3,TRUE,1,70700,0,99,0,,1,0,Wood,Samantha,Dynamic Gymnastics Sports,01/01/0001,,2,36500,10,0,0,H,930,930,0,,,,,,,,,,
261,8050cb81-30bf-47a6-4b0f-a892199e19c8,TCI #1 2023 AGE Interclub Trampoline Championships,,TRA,11-12 Years Female,Qualification,1,,4,TRUE,2,69700,0,99,0,,1,0,Milnthorp,Naya,Christchurch School of Gymnastics,01/01/0001,,1,34000,10,0,0,E1,81,1,1,2,1,1,2,2,2,3,3,1,0
262,8050cb81-30bf-47a6-4b0f-a892199e19c8,TCI #1 2023 AGE Interclub Trampoline Championships,,TRA,11-12 Years Female,Qualification,1,,4,TRUE,2,69700,0,99,0,,1,0,Milnthorp,Naya,Christchurch School of Gymnastics,01/01/0001,,1,34000,10,0,0,E2,84,2,1,1,1,0,2,2,2,2,2,1,0
263,8050cb81-30bf-47a6-4b0f-a892199e19c8,TCI #1 2023 AGE Interclub Trampoline Championships,,TRA,11-12 Years Female,Qualification,1,,4,TRUE,2,69700,0,99,0,,1,0,Milnthorp,Naya,Christchurch School of Gymnastics,01/01/0001,,1,34000,10,0,0,E3,77,1,2,2,1,2,2,3,3,3,3,1,0
264,8050cb81-30bf-47a6-4b0f-a892199e19c8,TCI #1 2023 AGE Interclub Trampoline Championships,,TRA,11-12 Years Female,Qualification,1,,4,TRUE,2,69700,0,99,0,,1,0,Milnthorp,Naya,Christchurch School of Gymnastics,01/01/0001,,1,34000,10,0,0,E4,100,,,,,,,,,,,,
265,8050cb81-30bf-47a6-4b0f-a892199e19c8,TCI #1 2023 AGE Interclub Trampoline Championships,,TRA,11-12 Years Female,Qualification,1,,4,TRUE,2,69700,0,99,0,,1,0,Milnthorp,Naya,Christchurch School of Gymnastics,01/01/0001,,1,34000,10,0,0,E5,100,,,,,,,,,,,,
266,8050cb81-30bf-47a6-4b0f-a892199e19c8,TCI #1 2023 AGE Interclub Trampoline Championships,,TRA,11-12 Years Female,Qualification,1,,4,TRUE,2,69700,0,99,0,,1,0,Milnthorp,Naya,Christchurch School of Gymnastics,01/01/0001,,1,34000,10,0,0,E8,100,,,,,,,,,,,,
267,8050cb81-30bf-47a6-4b0f-a892199e19c8,TCI #1 2023 AGE Interclub Trampoline Championships,,TRA,11-12 Years Female,Qualification,1,,4,TRUE,2,69700,0,99,0,,1,0,Milnthorp,Naya,Christchurch School of Gymnastics,01/01/0001,,1,34000,10,0,0,E∑,24200,2,2,3,2,1,4,4,4,5,5,2,0
268,8050cb81-30bf-47a6-4b0f-a892199e19c8,TCI #1 2023 AGE Interclub Trampoline Championships,,TRA,11-12 Years Female,Qualification,1,,4,TRUE,2,69700,0,99,0,,1,0,Milnthorp,Naya,Christchurch School of Gymnastics,01/01/0001,,1,34000,10,0,0,T,0,,,,,,,,,,,,
269,8050cb81-30bf-47a6-4b0f-a892199e19c8,TCI #1 2023 AGE Interclub Trampoline Championships,,TRA,11-12 Years Female,Qualification,1,,4,TRUE,2,69700,0,99,0,,1,0,Milnthorp,Naya,Christchurch School of Gymnastics,01/01/0001,,1,34000,10,0,0,D,0,0,,,,,,,,,,,
270,8050cb81-30bf-47a6-4b0f-a892199e19c8,TCI #1 2023 AGE Interclub Trampoline Championships,,TRA,11-12 Years Female,Qualification,1,,4,TRUE,2,69700,0,99,0,,1,0,Milnthorp,Naya,Christchurch School of Gymnastics,01/01/0001,,1,34000,10,0,0,H,980,980,0,,,,,,,,,,
271,8050cb81-30bf-47a6-4b0f-a892199e19c8,TCI #1 2023 AGE Interclub Trampoline Championships,,TRA,11-12 Years Female,Qualification,1,,4,TRUE,2,69700,0,99,0,,1,0,Milnthorp,Naya,Christchurch School of Gymnastics,01/01/0001,,2,35700,10,0,0,E1,75,2,3,1,2,2,3,2,3,3,3,1,0
272,8050cb81-30bf-47a6-4b0f-a892199e19c8,TCI #1 2023 AGE Interclub Trampoline Championships,,TRA,11-12 Years Female,Qualification,1,,4,TRUE,2,69700,0,99,0,,1,0,Milnthorp,Naya,Christchurch School of Gymnastics,01/01/0001,,2,35700,10,0,0,E2,77,2,3,2,3,3,1,2,2,1,2,2,0
273,8050cb81-30bf-47a6-4b0f-a892199e19c8,TCI #1 2023 AGE Interclub Trampoline Championships,,TRA,11-12 Years Female,Qualification,1,,4,TRUE,2,69700,0,99,0,,1,0,Milnthorp,Naya,Christchurch School of Gymnastics,01/01/0001,,2,35700,10,0,0,E3,73,2,3,3,3,3,3,3,3,2,2,0,0
274,8050cb81-30bf-47a6-4b0f-a892199e19c8,TCI #1 2023 AGE Interclub Trampoline Championships,,TRA,11-12 Years Female,Qualification,1,,4,TRUE,2,69700,0,99,0,,1,0,Milnthorp,Naya,Christchurch School of Gymnastics,01/01/0001,,2,35700,10,0,0,E4,100,,,,,,,,,,,,
275,8050cb81-30bf-47a6-4b0f-a892199e19c8,TCI #1 2023 AGE Interclub Trampoline Championships,,TRA,11-12 Years Female,Qualification,1,,4,TRUE,2,69700,0,99,0,,1,0,Milnthorp,Naya,Christchurch School of Gymnastics,01/01/0001,,2,35700,10,0,0,E5,100,,,,,,,,,,,,
276,8050cb81-30bf-47a6-4b0f-a892199e19c8,TCI #1 2023 AGE Interclub Trampoline Championships,,TRA,11-12 Years Female,Qualification,1,,4,TRUE,2,69700,0,99,0,,1,0,Milnthorp,Naya,Christchurch School of Gymnastics,01/01/0001,,2,35700,10,0,0,E8,100,,,,,,,,,,,,
277,8050cb81-30bf-47a6-4b0f-a892199e19c8,TCI #1 2023 AGE Interclub Trampoline Championships,,TRA,11-12 Years Female,Qualification,1,,4,TRUE,2,69700,0,99,0,,1,0,Milnthorp,Naya,Christchurch School of Gymnastics,01/01/0001,,2,35700,10,0,0,E∑,22500,4,6,3,5,5,4,4,5,3,4,1,0
278,8050cb81-30bf-47a6-4b0f-a892199e19c8,TCI #1 2023 AGE Interclub Trampoline Championships,,TRA,11-12 Years Female,Qualification,1,,4,TRUE,2,69700,0,99,0,,1,0,Milnthorp,Naya,Christchurch School of Gymnastics,01/01/0001,,2,35700,10,0,0,T,0,,,,,,,,,,,,
279,8050cb81-30bf-47a6-4b0f-a892199e19c8,TCI #1 2023 AGE Interclub Trampoline Championships,,TRA,11-12 Years Female,Qualification,1,,4,TRUE,2,69700,0,99,0,,1,0,Milnthorp,Naya,Christchurch School of Gymnastics,01/01/0001,,2,35700,10,0,0,D,35,0,,,,,,,,,,,
280,8050cb81-30bf-47a6-4b0f-a892199e19c8,TCI #1 2023 AGE Interclub Trampoline Championships,,TRA,11-12 Years Female,Qualification,1,,4,TRUE,2,69700,0,99,0,,1,0,Milnthorp,Naya,Christchurch School of Gymnastics,01/01/0001,,2,35700,10,0,0,H,970,970,0,,,,,,,,,,
281,8050cb81-30bf-47a6-4b0f-a892199e19c8,TCI #1 2023 AGE Interclub Trampoline Championships,,TRA,11-12 Years Female,Qualification,1,,5,TRUE,9,36600,0,99,0,,1,0,Byrne,Grace,Christchurch School of Gymnastics,01/01/0001,,1,3100,1,0,0,E1,7,3,,,,,,,,,,,0
282,8050cb81-30bf-47a6-4b0f-a892199e19c8,TCI #1 2023 AGE Interclub Trampoline Championships,,TRA,11-12 Years Female,Qualification,1,,5,TRUE,9,36600,0,99,0,,1,0,Byrne,Grace,Christchurch School of Gymnastics,01/01/0001,,1,3100,1,0,0,E2,7,3,3,,,,,,,,,,0
283,8050cb81-30bf-47a6-4b0f-a892199e19c8,TCI #1 2023 AGE Interclub Trampoline Championships,,TRA,11-12 Years Female,Qualification,1,,5,TRUE,9,36600,0,99,0,,1,0,Byrne,Grace,Christchurch School of Gymnastics,01/01/0001,,1,3100,1,0,0,E3,7,3,,,,,,,,,,,0
284,8050cb81-30bf-47a6-4b0f-a892199e19c8,TCI #1 2023 AGE Interclub Trampoline Championships,,TRA,11-12 Years Female,Qualification,1,,5,TRUE,9,36600,0,99,0,,1,0,Byrne,Grace,Christchurch School of Gymnastics,01/01/0001,,1,3100,1,0,0,E4,10,,,,,,,,,,,,
285,8050cb81-30bf-47a6-4b0f-a892199e19c8,TCI #1 2023 AGE Interclub Trampoline Championships,,TRA,11-12 Years Female,Qualification,1,,5,TRUE,9,36600,0,99,0,,1,0,Byrne,Grace,Christchurch School of Gymnastics,01/01/0001,,1,3100,1,0,0,E5,10,,,,,,,,,,,,
286,8050cb81-30bf-47a6-4b0f-a892199e19c8,TCI #1 2023 AGE Interclub Trampoline Championships,,TRA,11-12 Years Female,Qualification,1,,5,TRUE,9,36600,0,99,0,,1,0,Byrne,Grace,Christchurch School of Gymnastics,01/01/0001,,1,3100,1,0,0,E8,10,,,,,,,,,,,,
287,8050cb81-30bf-47a6-4b0f-a892199e19c8,TCI #1 2023 AGE Interclub Trampoline Championships,,TRA,11-12 Years Female,Qualification,1,,5,TRUE,9,36600,0,99,0,,1,0,Byrne,Grace,Christchurch School of Gymnastics,01/01/0001,,1,3100,1,0,0,E∑,2100,6,0,0,0,0,0,0,0,0,0,0,0
288,8050cb81-30bf-47a6-4b0f-a892199e19c8,TCI #1 2023 AGE Interclub Trampoline Championships,,TRA,11-12 Years Female,Qualification,1,,5,TRUE,9,36600,0,99,0,,1,0,Byrne,Grace,Christchurch School of Gymnastics,01/01/0001,,1,3100,1,0,0,T,0,,,,,,,,,,,,
289,8050cb81-30bf-47a6-4b0f-a892199e19c8,TCI #1 2023 AGE Interclub Trampoline Championships,,TRA,11-12 Years Female,Qualification,1,,5,TRUE,9,36600,0,99,0,,1,0,Byrne,Grace,Christchurch School of Gymnastics,01/01/0001,,1,3100,1,0,0,D,0,0,,,,,,,,,,,
290,8050cb81-30bf-47a6-4b0f-a892199e19c8,TCI #1 2023 AGE Interclub Trampoline Championships,,TRA,11-12 Years Female,Qualification,1,,5,TRUE,9,36600,0,99,0,,1,0,Byrne,Grace,Christchurch School of Gymnastics,01/01/0001,,1,3100,1,0,0,H,100,100,0,,,,,,,,,,
291,8050cb81-30bf-47a6-4b0f-a892199e19c8,TCI #1 2023 AGE Interclub Trampoline Championships,,TRA,11-12 Years Female,Qualification,1,,5,TRUE,9,36600,0,99,0,,1,0,Byrne,Grace,Christchurch School of Gymnastics,01/01/0001,,2,33500,10,0,0,E1,68,2,3,3,3,4,4,3,3,3,3,1,0
292,8050cb81-30bf-47a6-4b0f-a892199e19c8,TCI #1 2023 AGE Interclub Trampoline Championships,,TRA,11-12 Years Female,Qualification,1,,5,TRUE,9,36600,0,99,0,,1,0,Byrne,Grace,Christchurch School of Gymnastics,01/01/0001,,2,33500,10,0,0,E2,68,4,3,3,3,3,3,3,3,3,3,1,0
293,8050cb81-30bf-47a6-4b0f-a892199e19c8,TCI #1 2023 AGE Interclub Trampoline Championships,,TRA,11-12 Years Female,Qualification,1,,5,TRUE,9,36600,0,99,0,,1,0,Byrne,Grace,Christchurch School of Gymnastics,01/01/0001,,2,33500,10,0,0,E3,66,4,3,3,3,4,4,3,3,3,3,1,0
294,8050cb81-30bf-47a6-4b0f-a892199e19c8,TCI #1 2023 AGE Interclub Trampoline Championships,,TRA,11-12 Years Female,Qualification,1,,5,TRUE,9,36600,0,99,0,,1,0,Byrne,Grace,Christchurch School of Gymnastics,01/01/0001,,2,33500,10,0,0,E4,100,,,,,,,,,,,,
295,8050cb81-30bf-47a6-4b0f-a892199e19c8,TCI #1 2023 AGE Interclub Trampoline Championships,,TRA,11-12 Years Female,Qualification,1,,5,TRUE,9,36600,0,99,0,,1,0,Byrne,Grace,Christchurch School of Gymnastics,01/01/0001,,2,33500,10,0,0,E5,100,,,,,,,,,,,,
296,8050cb81-30bf-47a6-4b0f-a892199e19c8,TCI #1 2023 AGE Interclub Trampoline Championships,,TRA,11-12 Years Female,Qualification,1,,5,TRUE,9,36600,0,99,0,,1,0,Byrne,Grace,Christchurch School of Gymnastics,01/01/0001,,2,33500,10,0,0,E8,100,,,,,,,,,,,,
297,8050cb81-30bf-47a6-4b0f-a892199e19c8,TCI #1 2023 AGE Interclub Trampoline Championships,,TRA,11-12 Years Female,Qualification,1,,5,TRUE,9,36600,0,99,0,,1,0,Byrne,Grace,Christchurch School of Gymnastics,01/01/0001,,2,33500,10,0,0,E∑,20200,6,6,6,6,7,7,6,6,6,6,2,0
298,8050cb81-30bf-47a6-4b0f-a892199e19c8,TCI #1 2023 AGE Interclub Trampoline Championships,,TRA,11-12 Years Female,Qualification,1,,5,TRUE,9,36600,0,99,0,,1,0,Byrne,Grace,Christchurch School of Gymnastics,01/01/0001,,2,33500,10,0,0,T,0,,,,,,,,,,,,
299,8050cb81-30bf-47a6-4b0f-a892199e19c8,TCI #1 2023 AGE Interclub Trampoline Championships,,TRA,11-12 Years Female,Qualification,1,,5,TRUE,9,36600,0,99,0,,1,0,Byrne,Grace,Christchurch School of Gymnastics,01/01/0001,,2,33500,10,0,0,D,41,0,,,,,,,,,,,
300,8050cb81-30bf-47a6-4b0f-a892199e19c8,TCI #1 2023 AGE Interclub Trampoline Championships,,TRA,11-12 Years Female,Qualification,1,,5,TRUE,9,36600,0,99,0,,1,0,Byrne,Grace,Christchurch School of Gymnastics,01/01/0001,,2,33500,10,0,0,H,920,920,0,,,,,,,,,,
301,8050cb81-30bf-47a6-4b0f-a892199e19c8,TCI #1 2023 AGE Interclub Trampoline Championships,,TRA,11-12 Years Female,Qualification,1,,6,TRUE,4,68100,0,99,0,,1,0,Galbraith,Kirah,Christchurch School of Gymnastics,01/01/0001,,1,32700,10,0,0,E1,81,2,2,1,1,2,2,1,2,3,2,1,0
302,8050cb81-30bf-47a6-4b0f-a892199e19c8,TCI #1 2023 AGE Interclub Trampoline Championships,,TRA,11-12 Years Female,Qualification,1,,6,TRUE,4,68100,0,99,0,,1,0,Galbraith,Kirah,Christchurch School of Gymnastics,01/01/0001,,1,32700,10,0,0,E2,81,3,2,1,1,2,1,2,2,2,2,1,0
303,8050cb81-30bf-47a6-4b0f-a892199e19c8,TCI #1 2023 AGE Interclub Trampoline Championships,,TRA,11-12 Years Female,Qualification,1,,6,TRUE,4,68100,0,99,0,,1,0,Galbraith,Kirah,Christchurch School of Gymnastics,01/01/0001,,1,32700,10,0,0,E3,75,3,2,2,1,2,3,3,3,3,2,1,0
304,8050cb81-30bf-47a6-4b0f-a892199e19c8,TCI #1 2023 AGE Interclub Trampoline Championships,,TRA,11-12 Years Female,Qualification,1,,6,TRUE,4,68100,0,99,0,,1,0,Galbraith,Kirah,Christchurch School of Gymnastics,01/01/0001,,1,32700,10,0,0,E4,100,,,,,,,,,,,,
305,8050cb81-30bf-47a6-4b0f-a892199e19c8,TCI #1 2023 AGE Interclub Trampoline Championships,,TRA,11-12 Years Female,Qualification,1,,6,TRUE,4,68100,0,99,0,,1,0,Galbraith,Kirah,Christchurch School of Gymnastics,01/01/0001,,1,32700,10,0,0,E5,100,,,,,,,,,,,,
306,8050cb81-30bf-47a6-4b0f-a892199e19c8,TCI #1 2023 AGE Interclub Trampoline Championships,,TRA,11-12 Years Female,Qualification,1,,6,TRUE,4,68100,0,99,0,,1,0,Galbraith,Kirah,Christchurch School of Gymnastics,01/01/0001,,1,32700,10,0,0,E8,100,,,,,,,,,,,,
307,8050cb81-30bf-47a6-4b0f-a892199e19c8,TCI #1 2023 AGE Interclub Trampoline Championships,,TRA,11-12 Years Female,Qualification,1,,6,TRUE,4,68100,0,99,0,,1,0,Galbraith,Kirah,Christchurch School of Gymnastics,01/01/0001,,1,32700,10,0,0,E∑,23700,5,4,2,2,4,3,3,4,5,4,2,0
308,8050cb81-30bf-47a6-4b0f-a892199e19c8,TCI #1 2023 AGE Interclub Trampoline Championships,,TRA,11-12 Years Female,Qualification,1,,6,TRUE,4,68100,0,99,0,,1,0,Galbraith,Kirah,Christchurch School of Gymnastics,01/01/0001,,1,32700,10,0,0,T,0,,,,,,,,,,,,
309,8050cb81-30bf-47a6-4b0f-a892199e19c8,TCI #1 2023 AGE Interclub Trampoline Championships,,TRA,11-12 Years Female,Qualification,1,,6,TRUE,4,68100,0,99,0,,1,0,Galbraith,Kirah,Christchurch School of Gymnastics,01/01/0001,,1,32700,10,0,0,D,0,0,,,,,,,,,,,
310,8050cb81-30bf-47a6-4b0f-a892199e19c8,TCI #1 2023 AGE Interclub Trampoline Championships,,TRA,11-12 Years Female,Qualification,1,,6,TRUE,4,68100,0,99,0,,1,0,Galbraith,Kirah,Christchurch School of Gymnastics,01/01/0001,,1,32700,10,0,0,H,900,900,0,,,,,,,,,,
311,8050cb81-30bf-47a6-4b0f-a892199e19c8,TCI #1 2023 AGE Interclub Trampoline Championships,,TRA,11-12 Years Female,Qualification,1,,6,TRUE,4,68100,0,99,0,,1,0,Galbraith,Kirah,Christchurch School of Gymnastics,01/01/0001,,2,35400,10,0,0,E1,70,2,3,2,3,3,4,4,3,3,3,0,0
312,8050cb81-30bf-47a6-4b0f-a892199e19c8,TCI #1 2023 AGE Interclub Trampoline Championships,,TRA,11-12 Years Female,Qualification,1,,6,TRUE,4,68100,0,99,0,,1,0,Galbraith,Kirah,Christchurch School of Gymnastics,01/01/0001,,2,35400,10,0,0,E2,74,3,3,2,2,2,2,3,3,3,3,0,0
313,8050cb81-30bf-47a6-4b0f-a892199e19c8,TCI #1 2023 AGE Interclub Trampoline Championships,,TRA,11-12 Years Female,Qualification,1,,6,TRUE,4,68100,0,99,0,,1,0,Galbraith,Kirah,Christchurch School of Gymnastics,01/01/0001,,2,35400,10,0,0,E3,71,3,3,2,3,3,3,3,3,3,3,0,0
314,8050cb81-30bf-47a6-4b0f-a892199e19c8,TCI #1 2023 AGE Interclub Trampoline Championships,,TRA,11-12 Years Female,Qualification,1,,6,TRUE,4,68100,0,99,0,,1,0,Galbraith,Kirah,Christchurch School of Gymnastics,01/01/0001,,2,35400,10,0,0,E4,100,,,,,,,,,,,,
315,8050cb81-30bf-47a6-4b0f-a892199e19c8,TCI #1 2023 AGE Interclub Trampoline Championships,,TRA,11-12 Years Female,Qualification,1,,6,TRUE,4,68100,0,99,0,,1,0,Galbraith,Kirah,Christchurch School of Gymnastics,01/01/0001,,2,35400,10,0,0,E5,100,,,,,,,,,,,,
316,8050cb81-30bf-47a6-4b0f-a892199e19c8,TCI #1 2023 AGE Interclub Trampoline Championships,,TRA,11-12 Years Female,Qualification,1,,6,TRUE,4,68100,0,99,0,,1,0,Galbraith,Kirah,Christchurch School of Gymnastics,01/01/0001,,2,35400,10,0,0,E8,100,,,,,,,,,,,,
317,8050cb81-30bf-47a6-4b0f-a892199e19c8,TCI #1 2023 AGE Interclub Trampoline Championships,,TRA,11-12 Years Female,Qualification,1,,6,TRUE,4,68100,0,99,0,,1,0,Galbraith,Kirah,Christchurch School of Gymnastics,01/01/0001,,2,35400,10,0,0,E∑,21500,5,6,4,5,5,5,6,6,6,6,0,0
318,8050cb81-30bf-47a6-4b0f-a892199e19c8,TCI #1 2023 AGE Interclub Trampoline Championships,,TRA,11-12 Years Female,Qualification,1,,6,TRUE,4,68100,0,99,0,,1,0,Galbraith,Kirah,Christchurch School of Gymnastics,01/01/0001,,2,35400,10,0,0,T,0,,,,,,,,,,,,
319,8050cb81-30bf-47a6-4b0f-a892199e19c8,TCI #1 2023 AGE Interclub Trampoline Championships,,TRA,11-12 Years Female,Qualification,1,,6,TRUE,4,68100,0,99,0,,1,0,Galbraith,Kirah,Christchurch School of Gymnastics,01/01/0001,,2,35400,10,0,0,D,41,0,,,,,,,,,,,
320,8050cb81-30bf-47a6-4b0f-a892199e19c8,TCI #1 2023 AGE Interclub Trampoline Championships,,TRA,11-12 Years Female,Qualification,1,,6,TRUE,4,68100,0,99,0,,1,0,Galbraith,Kirah,Christchurch School of Gymnastics,01/01/0001,,2,35400,10,0,0,H,980,980,0,,,,,,,,,,
321,8050cb81-30bf-47a6-4b0f-a892199e19c8,TCI #1 2023 AGE Interclub Trampoline Championships,,TRA,11-12 Years Female,Qualification,1,,7,TRUE,5,68000,0,99,0,,1,0,Stead,Gemma,Christchurch School of Gymnastics,01/01/0001,,1,33100,10,0,0,E1,80,2,1,1,1,3,2,2,2,3,3,0,0
322,8050cb81-30bf-47a6-4b0f-a892199e19c8,TCI #1 2023 AGE Interclub Trampoline Championships,,TRA,11-12 Years Female,Qualification,1,,7,TRUE,5,68000,0,99,0,,1,0,Stead,Gemma,Christchurch School of Gymnastics,01/01/0001,,1,33100,10,0,0,E2,83,1,1,2,2,2,1,2,2,3,1,0,0
323,8050cb81-30bf-47a6-4b0f-a892199e19c8,TCI #1 2023 AGE Interclub Trampoline Championships,,TRA,11-12 Years Female,Qualification,1,,7,TRUE,5,68000,0,99,0,,1,0,Stead,Gemma,Christchurch School of Gymnastics,01/01/0001,,1,33100,10,0,0,E3,75,2,2,2,2,2,3,3,3,3,3,0,0
324,8050cb81-30bf-47a6-4b0f-a892199e19c8,TCI #1 2023 AGE Interclub Trampoline Championships,,TRA,11-12 Years Female,Qualification,1,,7,TRUE,5,68000,0,99,0,,1,0,Stead,Gemma,Christchurch School of Gymnastics,01/01/0001,,1,33100,10,0,0,E4,100,,,,,,,,,,,,
325,8050cb81-30bf-47a6-4b0f-a892199e19c8,TCI #1 2023 AGE Interclub Trampoline Championships,,TRA,11-12 Years Female,Qualification,1,,7,TRUE,5,68000,0,99,0,,1,0,Stead,Gemma,Christchurch School of Gymnastics,01/01/0001,,1,33100,10,0,0,E5,100,,,,,,,,,,,,
326,8050cb81-30bf-47a6-4b0f-a892199e19c8,TCI #1 2023 AGE Interclub Trampoline Championships,,TRA,11-12 Years Female,Qualification,1,,7,TRUE,5,68000,0,99,0,,1,0,Stead,Gemma,Christchurch School of Gymnastics,01/01/0001,,1,33100,10,0,0,E8,100,,,,,,,,,,,,
327,8050cb81-30bf-47a6-4b0f-a892199e19c8,TCI #1 2023 AGE Interclub Trampoline Championships,,TRA,11-12 Years Female,Qualification,1,,7,TRUE,5,68000,0,99,0,,1,0,Stead,Gemma,Christchurch School of Gymnastics,01/01/0001,,1,33100,10,0,0,E∑,23800,3,2,3,3,4,3,4,4,6,4,0,0
328,8050cb81-30bf-47a6-4b0f-a892199e19c8,TCI #1 2023 AGE Interclub Trampoline Championships,,TRA,11-12 Years Female,Qualification,1,,7,TRUE,5,68000,0,99,0,,1,0,Stead,Gemma,Christchurch School of Gymnastics,01/01/0001,,1,33100,10,0,0,T,0,,,,,,,,,,,,
329,8050cb81-30bf-47a6-4b0f-a892199e19c8,TCI #1 2023 AGE Interclub Trampoline Championships,,TRA,11-12 Years Female,Qualification,1,,7,TRUE,5,68000,0,99,0,,1,0,Stead,Gemma,Christchurch School of Gymnastics,01/01/0001,,1,33100,10,0,0,D,0,0,,,,,,,,,,,
330,8050cb81-30bf-47a6-4b0f-a892199e19c8,TCI #1 2023 AGE Interclub Trampoline Championships,,TRA,11-12 Years Female,Qualification,1,,7,TRUE,5,68000,0,99,0,,1,0,Stead,Gemma,Christchurch School of Gymnastics,01/01/0001,,1,33100,10,0,0,H,930,930,0,,,,,,,,,,
331,8050cb81-30bf-47a6-4b0f-a892199e19c8,TCI #1 2023 AGE Interclub Trampoline Championships,,TRA,11-12 Years Female,Qualification,1,,7,TRUE,5,68000,0,99,0,,1,0,Stead,Gemma,Christchurch School of Gymnastics,01/01/0001,,2,34900,10,0,0,E1,69,2,2,4,4,4,3,3,3,3,3,0,0
332,8050cb81-30bf-47a6-4b0f-a892199e19c8,TCI #1 2023 AGE Interclub Trampoline Championships,,TRA,11-12 Years Female,Qualification,1,,7,TRUE,5,68000,0,99,0,,1,0,Stead,Gemma,Christchurch School of Gymnastics,01/01/0001,,2,34900,10,0,0,E2,74,1,2,3,3,3,3,2,3,3,3,0,0
333,8050cb81-30bf-47a6-4b0f-a892199e19c8,TCI #1 2023 AGE Interclub Trampoline Championships,,TRA,11-12 Years Female,Qualification,1,,7,TRUE,5,68000,0,99,0,,1,0,Stead,Gemma,Christchurch School of Gymnastics,01/01/0001,,2,34900,10,0,0,E3,68,3,3,4,4,3,3,3,3,3,3,0,0
334,8050cb81-30bf-47a6-4b0f-a892199e19c8,TCI #1 2023 AGE Interclub Trampoline Championships,,TRA,11-12 Years Female,Qualification,1,,7,TRUE,5,68000,0,99,0,,1,0,Stead,Gemma,Christchurch School of Gymnastics,01/01/0001,,2,34900,10,0,0,E4,100,,,,,,,,,,,,
335,8050cb81-30bf-47a6-4b0f-a892199e19c8,TCI #1 2023 AGE Interclub Trampoline Championships,,TRA,11-12 Years Female,Qualification,1,,7,TRUE,5,68000,0,99,0,,1,0,Stead,Gemma,Christchurch School of Gymnastics,01/01/0001,,2,34900,10,0,0,E5,100,,,,,,,,,,,,
336,8050cb81-30bf-47a6-4b0f-a892199e19c8,TCI #1 2023 AGE Interclub Trampoline Championships,,TRA,11-12 Years Female,Qualification,1,,7,TRUE,5,68000,0,99,0,,1,0,Stead,Gemma,Christchurch School of Gymnastics,01/01/0001,,2,34900,10,0,0,E8,100,,,,,,,,,,,,
337,8050cb81-30bf-47a6-4b0f-a892199e19c8,TCI #1 2023 AGE Interclub Trampoline Championships,,TRA,11-12 Years Female,Qualification,1,,7,TRUE,5,68000,0,99,0,,1,0,Stead,Gemma,Christchurch School of Gymnastics,01/01/0001,,2,34900,10,0,0,E∑,21100,3,4,7,7,6,6,5,6,6,6,0,0
338,8050cb81-30bf-47a6-4b0f-a892199e19c8,TCI #1 2023 AGE Interclub Trampoline Championships,,TRA,11-12 Years Female,Qualification,1,,7,TRUE,5,68000,0,99,0,,1,0,Stead,Gemma,Christchurch School of Gymnastics,01/01/0001,,2,34900,10,0,0,T,0,,,,,,,,,,,,
339,8050cb81-30bf-47a6-4b0f-a892199e19c8,TCI #1 2023 AGE Interclub Trampoline Championships,,TRA,11-12 Years Female,Qualification,1,,7,TRUE,5,68000,0,99,0,,1,0,Stead,Gemma,Christchurch School of Gymnastics,01/01/0001,,2,34900,10,0,0,D,41,0,,,,,,,,,,,
340,8050cb81-30bf-47a6-4b0f-a892199e19c8,TCI #1 2023 AGE Interclub Trampoline Championships,,TRA,11-12 Years Female,Qualification,1,,7,TRUE,5,68000,0,99,0,,1,0,Stead,Gemma,Christchurch School of Gymnastics,01/01/0001,,2,34900,10,0,0,H,970,970,0,,,,,,,,,,
341,8050cb81-30bf-47a6-4b0f-a892199e19c8,TCI #1 2023 AGE Interclub Trampoline Championships,,TRA,11-12 Years Female,Qualification,1,,8,TRUE,7,63700,0,99,0,,1,0,Macphail,Tyler,Christchurch School of Gymnastics,01/01/0001,,1,33700,10,0,0,E1,80,2,2,1,1,1,2,2,2,3,2,2,0
342,8050cb81-30bf-47a6-4b0f-a892199e19c8,TCI #1 2023 AGE Interclub Trampoline Championships,,TRA,11-12 Years Female,Qualification,1,,8,TRUE,7,63700,0,99,0,,1,0,Macphail,Tyler,Christchurch School of Gymnastics,01/01/0001,,1,33700,10,0,0,E2,81,2,2,2,2,2,1,1,2,2,2,1,0
343,8050cb81-30bf-47a6-4b0f-a892199e19c8,TCI #1 2023 AGE Interclub Trampoline Championships,,TRA,11-12 Years Female,Qualification,1,,8,TRUE,7,63700,0,99,0,,1,0,Macphail,Tyler,Christchurch School of Gymnastics,01/01/0001,,1,33700,10,0,0,E3,77,2,2,2,2,1,2,2,3,3,3,1,0
344,8050cb81-30bf-47a6-4b0f-a892199e19c8,TCI #1 2023 AGE Interclub Trampoline Championships,,TRA,11-12 Years Female,Qualification,1,,8,TRUE,7,63700,0,99,0,,1,0,Macphail,Tyler,Christchurch School of Gymnastics,01/01/0001,,1,33700,10,0,0,E4,100,,,,,,,,,,,,
345,8050cb81-30bf-47a6-4b0f-a892199e19c8,TCI #1 2023 AGE Interclub Trampoline Championships,,TRA,11-12 Years Female,Qualification,1,,8,TRUE,7,63700,0,99,0,,1,0,Macphail,Tyler,Christchurch School of Gymnastics,01/01/0001,,1,33700,10,0,0,E5,100,,,,,,,,,,,,
346,8050cb81-30bf-47a6-4b0f-a892199e19c8,TCI #1 2023 AGE Interclub Trampoline Championships,,TRA,11-12 Years Female,Qualification,1,,8,TRUE,7,63700,0,99,0,,1,0,Macphail,Tyler,Christchurch School of Gymnastics,01/01/0001,,1,33700,10,0,0,E8,100,,,,,,,,,,,,
347,8050cb81-30bf-47a6-4b0f-a892199e19c8,TCI #1 2023 AGE Interclub Trampoline Championships,,TRA,11-12 Years Female,Qualification,1,,8,TRUE,7,63700,0,99,0,,1,0,Macphail,Tyler,Christchurch School of Gymnastics,01/01/0001,,1,33700,10,0,0,E∑,23800,4,4,3,3,2,3,3,4,5,4,2,0
348,8050cb81-30bf-47a6-4b0f-a892199e19c8,TCI #1 2023 AGE Interclub Trampoline Championships,,TRA,11-12 Years Female,Qualification,1,,8,TRUE,7,63700,0,99,0,,1,0,Macphail,Tyler,Christchurch School of Gymnastics,01/01/0001,,1,33700,10,0,0,T,0,,,,,,,,,,,,
349,8050cb81-30bf-47a6-4b0f-a892199e19c8,TCI #1 2023 AGE Interclub Trampoline Championships,,TRA,11-12 Years Female,Qualification,1,,8,TRUE,7,63700,0,99,0,,1,0,Macphail,Tyler,Christchurch School of Gymnastics,01/01/0001,,1,33700,10,0,0,D,0,0,,,,,,,,,,,
350,8050cb81-30bf-47a6-4b0f-a892199e19c8,TCI #1 2023 AGE Interclub Trampoline Championships,,TRA,11-12 Years Female,Qualification,1,,8,TRUE,7,63700,0,99,0,,1,0,Macphail,Tyler,Christchurch School of Gymnastics,01/01/0001,,1,33700,10,0,0,H,990,990,0,,,,,,,,,,
351,8050cb81-30bf-47a6-4b0f-a892199e19c8,TCI #1 2023 AGE Interclub Trampoline Championships,,TRA,11-12 Years Female,Qualification,1,,8,TRUE,7,63700,0,99,0,,1,0,Macphail,Tyler,Christchurch School of Gymnastics,01/01/0001,,2,30000,10,0,0,E1,56,2,2,4,4,4,4,4,3,3,4,0,10
352,8050cb81-30bf-47a6-4b0f-a892199e19c8,TCI #1 2023 AGE Interclub Trampoline Championships,,TRA,11-12 Years Female,Qualification,1,,8,TRUE,7,63700,0,99,0,,1,0,Macphail,Tyler,Christchurch School of Gymnastics,01/01/0001,,2,30000,10,0,0,E2,56,2,3,3,4,4,3,3,4,4,4,0,10
353,8050cb81-30bf-47a6-4b0f-a892199e19c8,TCI #1 2023 AGE Interclub Trampoline Championships,,TRA,11-12 Years Female,Qualification,1,,8,TRUE,7,63700,0,99,0,,1,0,Macphail,Tyler,Christchurch School of Gymnastics,01/01/0001,,2,30000,10,0,0,E3,53,3,4,3,3,4,4,4,4,4,4,0,10
354,8050cb81-30bf-47a6-4b0f-a892199e19c8,TCI #1 2023 AGE Interclub Trampoline Championships,,TRA,11-12 Years Female,Qualification,1,,8,TRUE,7,63700,0,99,0,,1,0,Macphail,Tyler,Christchurch School of Gymnastics,01/01/0001,,2,30000,10,0,0,E4,100,,,,,,,,,,,,
355,8050cb81-30bf-47a6-4b0f-a892199e19c8,TCI #1 2023 AGE Interclub Trampoline Championships,,TRA,11-12 Years Female,Qualification,1,,8,TRUE,7,63700,0,99,0,,1,0,Macphail,Tyler,Christchurch School of Gymnastics,01/01/0001,,2,30000,10,0,0,E5,100,,,,,,,,,,,,
356,8050cb81-30bf-47a6-4b0f-a892199e19c8,TCI #1 2023 AGE Interclub Trampoline Championships,,TRA,11-12 Years Female,Qualification,1,,8,TRUE,7,63700,0,99,0,,1,0,Macphail,Tyler,Christchurch School of Gymnastics,01/01/0001,,2,30000,10,0,0,E8,100,,,,,,,,,,,,
357,8050cb81-30bf-47a6-4b0f-a892199e19c8,TCI #1 2023 AGE Interclub Trampoline Championships,,TRA,11-12 Years Female,Qualification,1,,8,TRUE,7,63700,0,99,0,,1,0,Macphail,Tyler,Christchurch School of Gymnastics,01/01/0001,,2,30000,10,0,0,E∑,16500,4,5,6,7,8,7,7,7,7,8,0,20
358,8050cb81-30bf-47a6-4b0f-a892199e19c8,TCI #1 2023 AGE Interclub Trampoline Championships,,TRA,11-12 Years Female,Qualification,1,,8,TRUE,7,63700,0,99,0,,1,0,Macphail,Tyler,Christchurch School of Gymnastics,01/01/0001,,2,30000,10,0,0,T,0,,,,,,,,,,,,
359,8050cb81-30bf-47a6-4b0f-a892199e19c8,TCI #1 2023 AGE Interclub Trampoline Championships,,TRA,11-12 Years Female,Qualification,1,,8,TRUE,7,63700,0,99,0,,1,0,Macphail,Tyler,Christchurch School of Gymnastics,01/01/0001,,2,30000,10,0,0,D,42,0,,,,,,,,,,,
360,8050cb81-30bf-47a6-4b0f-a892199e19c8,TCI #1 2023 AGE Interclub Trampoline Championships,,TRA,11-12 Years Female,Qualification,1,,8,TRUE,7,63700,0,99,0,,1,0,Macphail,Tyler,Christchurch School of Gymnastics,01/01/0001,,2,30000,10,0,0,H,930,930,0,,,,,,,,,,
361,8050cb81-30bf-47a6-4b0f-a892199e19c8,TCI #1 2023 AGE Interclub Trampoline Championships,,TRA,11-12 Years Female,Qualification,1,,9,TRUE,8,51000,0,99,0,,1,0,Newman,Arlette,ICE Gymsports North Canterbury,01/01/0001,,1,18100,6,0,0,E1,43,2,2,3,3,3,4,,,,,,0
362,8050cb81-30bf-47a6-4b0f-a892199e19c8,TCI #1 2023 AGE Interclub Trampoline Championships,,TRA,11-12 Years Female,Qualification,1,,9,TRUE,8,51000,0,99,0,,1,0,Newman,Arlette,ICE Gymsports North Canterbury,01/01/0001,,1,18100,6,0,0,E2,44,3,3,3,1,3,3,,,,,,0
363,8050cb81-30bf-47a6-4b0f-a892199e19c8,TCI #1 2023 AGE Interclub Trampoline Championships,,TRA,11-12 Years Female,Qualification,1,,9,TRUE,8,51000,0,99,0,,1,0,Newman,Arlette,ICE Gymsports North Canterbury,01/01/0001,,1,18100,6,0,0,E3,43,3,3,3,3,2,3,,,,,,0
364,8050cb81-30bf-47a6-4b0f-a892199e19c8,TCI #1 2023 AGE Interclub Trampoline Championships,,TRA,11-12 Years Female,Qualification,1,,9,TRUE,8,51000,0,99,0,,1,0,Newman,Arlette,ICE Gymsports North Canterbury,01/01/0001,,1,18100,6,0,0,E4,60,,,,,,,,,,,,
365,8050cb81-30bf-47a6-4b0f-a892199e19c8,TCI #1 2023 AGE Interclub Trampoline Championships,,TRA,11-12 Years Female,Qualification,1,,9,TRUE,8,51000,0,99,0,,1,0,Newman,Arlette,ICE Gymsports North Canterbury,01/01/0001,,1,18100,6,0,0,E5,60,,,,,,,,,,,,
366,8050cb81-30bf-47a6-4b0f-a892199e19c8,TCI #1 2023 AGE Interclub Trampoline Championships,,TRA,11-12 Years Female,Qualification,1,,9,TRUE,8,51000,0,99,0,,1,0,Newman,Arlette,ICE Gymsports North Canterbury,01/01/0001,,1,18100,6,0,0,E8,60,,,,,,,,,,,,
367,8050cb81-30bf-47a6-4b0f-a892199e19c8,TCI #1 2023 AGE Interclub Trampoline Championships,,TRA,11-12 Years Female,Qualification,1,,9,TRUE,8,51000,0,99,0,,1,0,Newman,Arlette,ICE Gymsports North Canterbury,01/01/0001,,1,18100,6,0,0,E∑,13000,5,5,6,4,5,6,0,0,0,0,0,0
368,8050cb81-30bf-47a6-4b0f-a892199e19c8,TCI #1 2023 AGE Interclub Trampoline Championships,,TRA,11-12 Years Female,Qualification,1,,9,TRUE,8,51000,0,99,0,,1,0,Newman,Arlette,ICE Gymsports North Canterbury,01/01/0001,,1,18100,6,0,0,T,0,,,,,,,,,,,,
369,8050cb81-30bf-47a6-4b0f-a892199e19c8,TCI #1 2023 AGE Interclub Trampoline Championships,,TRA,11-12 Years Female,Qualification,1,,9,TRUE,8,51000,0,99,0,,1,0,Newman,Arlette,ICE Gymsports North Canterbury,01/01/0001,,1,18100,6,0,0,D,0,0,,,,,,,,,,,
370,8050cb81-30bf-47a6-4b0f-a892199e19c8,TCI #1 2023 AGE Interclub Trampoline Championships,,TRA,11-12 Years Female,Qualification,1,,9,TRUE,8,51000,0,99,0,,1,0,Newman,Arlette,ICE Gymsports North Canterbury,01/01/0001,,1,18100,6,0,0,H,510,510,0,,,,,,,,,,
371,8050cb81-30bf-47a6-4b0f-a892199e19c8,TCI #1 2023 AGE Interclub Trampoline Championships,,TRA,11-12 Years Female,Qualification,1,,9,TRUE,8,51000,0,99,0,,1,0,Newman,Arlette,ICE Gymsports North Canterbury,01/01/0001,,2,32900,10,0,0,E1,66,3,2,3,3,3,4,3,3,3,4,3,0
372,8050cb81-30bf-47a6-4b0f-a892199e19c8,TCI #1 2023 AGE Interclub Trampoline Championships,,TRA,11-12 Years Female,Qualification,1,,9,TRUE,8,51000,0,99,0,,1,0,Newman,Arlette,ICE Gymsports North Canterbury,01/01/0001,,2,32900,10,0,0,E2,73,2,2,3,1,2,2,3,3,3,3,3,0
373,8050cb81-30bf-47a6-4b0f-a892199e19c8,TCI #1 2023 AGE Interclub Trampoline Championships,,TRA,11-12 Years Female,Qualification,1,,9,TRUE,8,51000,0,99,0,,1,0,Newman,Arlette,ICE Gymsports North Canterbury,01/01/0001,,2,32900,10,0,0,E3,72,3,3,3,3,1,3,3,3,3,3,0,0
374,8050cb81-30bf-47a6-4b0f-a892199e19c8,TCI #1 2023 AGE Interclub Trampoline Championships,,TRA,11-12 Years Female,Qualification,1,,9,TRUE,8,51000,0,99,0,,1,0,Newman,Arlette,ICE Gymsports North Canterbury,01/01/0001,,2,32900,10,0,0,E4,100,,,,,,,,,,,,
375,8050cb81-30bf-47a6-4b0f-a892199e19c8,TCI #1 2023 AGE Interclub Trampoline Championships,,TRA,11-12 Years Female,Qualification,1,,9,TRUE,8,51000,0,99,0,,1,0,Newman,Arlette,ICE Gymsports North Canterbury,01/01/0001,,2,32900,10,0,0,E5,100,,,,,,,,,,,,
376,8050cb81-30bf-47a6-4b0f-a892199e19c8,TCI #1 2023 AGE Interclub Trampoline Championships,,TRA,11-12 Years Female,Qualification,1,,9,TRUE,8,51000,0,99,0,,1,0,Newman,Arlette,ICE Gymsports North Canterbury,01/01/0001,,2,32900,10,0,0,E8,100,,,,,,,,,,,,
377,8050cb81-30bf-47a6-4b0f-a892199e19c8,TCI #1 2023 AGE Interclub Trampoline Championships,,TRA,11-12 Years Female,Qualification,1,,9,TRUE,8,51000,0,99,0,,1,0,Newman,Arlette,ICE Gymsports North Canterbury,01/01/0001,,2,32900,10,0,0,E∑,21100,5,4,6,4,3,5,6,6,6,6,3,0
378,8050cb81-30bf-47a6-4b0f-a892199e19c8,TCI #1 2023 AGE Interclub Trampoline Championships,,TRA,11-12 Years Female,Qualification,1,,9,TRUE,8,51000,0,99,0,,1,0,Newman,Arlette,ICE Gymsports North Canterbury,01/01/0001,,2,32900,10,0,0,T,0,,,,,,,,,,,,
379,8050cb81-30bf-47a6-4b0f-a892199e19c8,TCI #1 2023 AGE Interclub Trampoline Championships,,TRA,11-12 Years Female,Qualification,1,,9,TRUE,8,51000,0,99,0,,1,0,Newman,Arlette,ICE Gymsports North Canterbury,01/01/0001,,2,32900,10,0,0,D,21,0,,,,,,,,,,,
380,8050cb81-30bf-47a6-4b0f-a892199e19c8,TCI #1 2023 AGE Interclub Trampoline Championships,,TRA,11-12 Years Female,Qualification,1,,9,TRUE,8,51000,0,99,0,,1,0,Newman,Arlette,ICE Gymsports North Canterbury,01/01/0001,,2,32900,10,0,0,H,970,970,0,,,,,,,,,,
381,8050cb81-30bf-47a6-4b0f-a892199e19c8,TCI #1 2023 AGE Interclub Trampoline Championships,,TRA,13-14 Years Male,Qualification,1,,1,TRUE,1,72700,0,99,0,,1,0,Smith,Finley,Olympia Gymnastic Sports,01/01/0001,,1,33800,10,0,0,E1,83,1,2,1,1,2,1,2,2,1,3,1,0
382,8050cb81-30bf-47a6-4b0f-a892199e19c8,TCI #1 2023 AGE Interclub Trampoline Championships,,TRA,13-14 Years Male,Qualification,1,,1,TRUE,1,72700,0,99,0,,1,0,Smith,Finley,Olympia Gymnastic Sports,01/01/0001,,1,33800,10,0,0,E2,83,2,1,2,2,1,2,1,2,1,2,1,0
383,8050cb81-30bf-47a6-4b0f-a892199e19c8,TCI #1 2023 AGE Interclub Trampoline Championships,,TRA,13-14 Years Male,Qualification,1,,1,TRUE,1,72700,0,99,0,,1,0,Smith,Finley,Olympia Gymnastic Sports,01/01/0001,,1,33800,10,0,0,E3,78,2,2,1,2,2,3,2,2,3,3,0,0
384,8050cb81-30bf-47a6-4b0f-a892199e19c8,TCI #1 2023 AGE Interclub Trampoline Championships,,TRA,13-14 Years Male,Qualification,1,,1,TRUE,1,72700,0,99,0,,1,0,Smith,Finley,Olympia Gymnastic Sports,01/01/0001,,1,33800,10,0,0,E4,100,,,,,,,,,,,,
385,8050cb81-30bf-47a6-4b0f-a892199e19c8,TCI #1 2023 AGE Interclub Trampoline Championships,,TRA,13-14 Years Male,Qualification,1,,1,TRUE,1,72700,0,99,0,,1,0,Smith,Finley,Olympia Gymnastic Sports,01/01/0001,,1,33800,10,0,0,E5,100,,,,,,,,,,,,
386,8050cb81-30bf-47a6-4b0f-a892199e19c8,TCI #1 2023 AGE Interclub Trampoline Championships,,TRA,13-14 Years Male,Qualification,1,,1,TRUE,1,72700,0,99,0,,1,0,Smith,Finley,Olympia Gymnastic Sports,01/01/0001,,1,33800,10,0,0,E8,100,,,,,,,,,,,,
387,8050cb81-30bf-47a6-4b0f-a892199e19c8,TCI #1 2023 AGE Interclub Trampoline Championships,,TRA,13-14 Years Male,Qualification,1,,1,TRUE,1,72700,0,99,0,,1,0,Smith,Finley,Olympia Gymnastic Sports,01/01/0001,,1,33800,10,0,0,E∑,24400,3,3,2,3,3,3,3,4,2,5,1,0
388,8050cb81-30bf-47a6-4b0f-a892199e19c8,TCI #1 2023 AGE Interclub Trampoline Championships,,TRA,13-14 Years Male,Qualification,1,,1,TRUE,1,72700,0,99,0,,1,0,Smith,Finley,Olympia Gymnastic Sports,01/01/0001,,1,33800,10,0,0,T,0,,,,,,,,,,,,
389,8050cb81-30bf-47a6-4b0f-a892199e19c8,TCI #1 2023 AGE Interclub Trampoline Championships,,TRA,13-14 Years Male,Qualification,1,,1,TRUE,1,72700,0,99,0,,1,0,Smith,Finley,Olympia Gymnastic Sports,01/01/0001,,1,33800,10,0,0,D,0,0,,,,,,,,,,,
390,8050cb81-30bf-47a6-4b0f-a892199e19c8,TCI #1 2023 AGE Interclub Trampoline Championships,,TRA,13-14 Years Male,Qualification,1,,1,TRUE,1,72700,0,99,0,,1,0,Smith,Finley,Olympia Gymnastic Sports,01/01/0001,,1,33800,10,0,0,H,940,940,0,,,,,,,,,,
391,8050cb81-30bf-47a6-4b0f-a892199e19c8,TCI #1 2023 AGE Interclub Trampoline Championships,,TRA,13-14 Years Male,Qualification,1,,1,TRUE,1,72700,0,99,0,,1,0,Smith,Finley,Olympia Gymnastic Sports,01/01/0001,,2,38900,10,0,0,E1,80,1,2,1,2,3,2,2,2,2,3,0,0
392,8050cb81-30bf-47a6-4b0f-a892199e19c8,TCI #1 2023 AGE Interclub Trampoline Championships,,TRA,13-14 Years Male,Qualification,1,,1,TRUE,1,72700,0,99,0,,1,0,Smith,Finley,Olympia Gymnastic Sports,01/01/0001,,2,38900,10,0,0,E2,77,1,2,2,2,2,3,2,3,2,3,1,0
393,8050cb81-30bf-47a6-4b0f-a892199e19c8,TCI #1 2023 AGE Interclub Trampoline Championships,,TRA,13-14 Years Male,Qualification,1,,1,TRUE,1,72700,0,99,0,,1,0,Smith,Finley,Olympia Gymnastic Sports,01/01/0001,,2,38900,10,0,0,E3,80,1,2,1,2,2,2,1,2,3,3,1,0
394,8050cb81-30bf-47a6-4b0f-a892199e19c8,TCI #1 2023 AGE Interclub Trampoline Championships,,TRA,13-14 Years Male,Qualification,1,,1,TRUE,1,72700,0,99,0,,1,0,Smith,Finley,Olympia Gymnastic Sports,01/01/0001,,2,38900,10,0,0,E4,100,,,,,,,,,,,,
395,8050cb81-30bf-47a6-4b0f-a892199e19c8,TCI #1 2023 AGE Interclub Trampoline Championships,,TRA,13-14 Years Male,Qualification,1,,1,TRUE,1,72700,0,99,0,,1,0,Smith,Finley,Olympia Gymnastic Sports,01/01/0001,,2,38900,10,0,0,E5,100,,,,,,,,,,,,
396,8050cb81-30bf-47a6-4b0f-a892199e19c8,TCI #1 2023 AGE Interclub Trampoline Championships,,TRA,13-14 Years Male,Qualification,1,,1,TRUE,1,72700,0,99,0,,1,0,Smith,Finley,Olympia Gymnastic Sports,01/01/0001,,2,38900,10,0,0,E8,100,,,,,,,,,,,,
397,8050cb81-30bf-47a6-4b0f-a892199e19c8,TCI #1 2023 AGE Interclub Trampoline Championships,,TRA,13-14 Years Male,Qualification,1,,1,TRUE,1,72700,0,99,0,,1,0,Smith,Finley,Olympia Gymnastic Sports,01/01/0001,,2,38900,10,0,0,E∑,23700,2,4,2,4,4,4,3,4,4,6,1,0
398,8050cb81-30bf-47a6-4b0f-a892199e19c8,TCI #1 2023 AGE Interclub Trampoline Championships,,TRA,13-14 Years Male,Qualification,1,,1,TRUE,1,72700,0,99,0,,1,0,Smith,Finley,Olympia Gymnastic Sports,01/01/0001,,2,38900,10,0,0,T,0,,,,,,,,,,,,
399,8050cb81-30bf-47a6-4b0f-a892199e19c8,TCI #1 2023 AGE Interclub Trampoline Championships,,TRA,13-14 Years Male,Qualification,1,,1,TRUE,1,72700,0,99,0,,1,0,Smith,Finley,Olympia Gymnastic Sports,01/01/0001,,2,38900,10,0,0,D,58,0,,,,,,,,,,,
400,8050cb81-30bf-47a6-4b0f-a892199e19c8,TCI #1 2023 AGE Interclub Trampoline Championships,,TRA,13-14 Years Male,Qualification,1,,1,TRUE,1,72700,0,99,0,,1,0,Smith,Finley,Olympia Gymnastic Sports,01/01/0001,,2,38900,10,0,0,H,940,940,0,,,,,,,,,,
401,8050cb81-30bf-47a6-4b0f-a892199e19c8,TCI #1 2023 AGE Interclub Trampoline Championships,,TRA,13-14 Years Male,Qualification,1,,2,TRUE,2,68200,0,99,0,,1,0,Harris,Jarrod,Olympia Gymnastic Sports,01/01/0001,,1,32200,10,0,0,E1,75,2,3,2,2,2,3,3,2,3,2,1,0
402,8050cb81-30bf-47a6-4b0f-a892199e19c8,TCI #1 2023 AGE Interclub Trampoline Championships,,TRA,13-14 Years Male,Qualification,1,,2,TRUE,2,68200,0,99,0,,1,0,Harris,Jarrod,Olympia Gymnastic Sports,01/01/0001,,1,32200,10,0,0,E2,81,2,3,2,2,1,1,2,2,2,2,0,0
403,8050cb81-30bf-47a6-4b0f-a892199e19c8,TCI #1 2023 AGE Interclub Trampoline Championships,,TRA,13-14 Years Male,Qualification,1,,2,TRUE,2,68200,0,99,0,,1,0,Harris,Jarrod,Olympia Gymnastic Sports,01/01/0001,,1,32200,10,0,0,E3,74,3,3,3,3,3,2,3,2,2,2,0,0
404,8050cb81-30bf-47a6-4b0f-a892199e19c8,TCI #1 2023 AGE Interclub Trampoline Championships,,TRA,13-14 Years Male,Qualification,1,,2,TRUE,2,68200,0,99,0,,1,0,Harris,Jarrod,Olympia Gymnastic Sports,01/01/0001,,1,32200,10,0,0,E4,100,,,,,,,,,,,,
405,8050cb81-30bf-47a6-4b0f-a892199e19c8,TCI #1 2023 AGE Interclub Trampoline Championships,,TRA,13-14 Years Male,Qualification,1,,2,TRUE,2,68200,0,99,0,,1,0,Harris,Jarrod,Olympia Gymnastic Sports,01/01/0001,,1,32200,10,0,0,E5,100,,,,,,,,,,,,
406,8050cb81-30bf-47a6-4b0f-a892199e19c8,TCI #1 2023 AGE Interclub Trampoline Championships,,TRA,13-14 Years Male,Qualification,1,,2,TRUE,2,68200,0,99,0,,1,0,Harris,Jarrod,Olympia Gymnastic Sports,01/01/0001,,1,32200,10,0,0,E8,100,,,,,,,,,,,,
407,8050cb81-30bf-47a6-4b0f-a892199e19c8,TCI #1 2023 AGE Interclub Trampoline Championships,,TRA,13-14 Years Male,Qualification,1,,2,TRUE,2,68200,0,99,0,,1,0,Harris,Jarrod,Olympia Gymnastic Sports,01/01/0001,,1,32200,10,0,0,E∑,23000,4,6,4,4,3,3,5,4,4,4,0,0
408,8050cb81-30bf-47a6-4b0f-a892199e19c8,TCI #1 2023 AGE Interclub Trampoline Championships,,TRA,13-14 Years Male,Qualification,1,,2,TRUE,2,68200,0,99,0,,1,0,Harris,Jarrod,Olympia Gymnastic Sports,01/01/0001,,1,32200,10,0,0,T,0,,,,,,,,,,,,
409,8050cb81-30bf-47a6-4b0f-a892199e19c8,TCI #1 2023 AGE Interclub Trampoline Championships,,TRA,13-14 Years Male,Qualification,1,,2,TRUE,2,68200,0,99,0,,1,0,Harris,Jarrod,Olympia Gymnastic Sports,01/01/0001,,1,32200,10,0,0,D,0,0,,,,,,,,,,,
410,8050cb81-30bf-47a6-4b0f-a892199e19c8,TCI #1 2023 AGE Interclub Trampoline Championships,,TRA,13-14 Years Male,Qualification,1,,2,TRUE,2,68200,0,99,0,,1,0,Harris,Jarrod,Olympia Gymnastic Sports,01/01/0001,,1,32200,10,0,0,H,920,920,0,,,,,,,,,,
411,8050cb81-30bf-47a6-4b0f-a892199e19c8,TCI #1 2023 AGE Interclub Trampoline Championships,,TRA,13-14 Years Male,Qualification,1,,2,TRUE,2,68200,0,99,0,,1,0,Harris,Jarrod,Olympia Gymnastic Sports,01/01/0001,,2,36000,10,0,0,E1,72,2,3,3,3,3,2,2,3,3,3,1,0
412,8050cb81-30bf-47a6-4b0f-a892199e19c8,TCI #1 2023 AGE Interclub Trampoline Championships,,TRA,13-14 Years Male,Qualification,1,,2,TRUE,2,68200,0,99,0,,1,0,Harris,Jarrod,Olympia Gymnastic Sports,01/01/0001,,2,36000,10,0,0,E2,82,1,2,2,1,2,1,2,2,2,2,1,0
413,8050cb81-30bf-47a6-4b0f-a892199e19c8,TCI #1 2023 AGE Interclub Trampoline Championships,,TRA,13-14 Years Male,Qualification,1,,2,TRUE,2,68200,0,99,0,,1,0,Harris,Jarrod,Olympia Gymnastic Sports,01/01/0001,,2,36000,10,0,0,E3,76,2,2,2,2,3,3,2,2,3,2,1,0
414,8050cb81-30bf-47a6-4b0f-a892199e19c8,TCI #1 2023 AGE Interclub Trampoline Championships,,TRA,13-14 Years Male,Qualification,1,,2,TRUE,2,68200,0,99,0,,1,0,Harris,Jarrod,Olympia Gymnastic Sports,01/01/0001,,2,36000,10,0,0,E4,100,,,,,,,,,,,,
415,8050cb81-30bf-47a6-4b0f-a892199e19c8,TCI #1 2023 AGE Interclub Trampoline Championships,,TRA,13-14 Years Male,Qualification,1,,2,TRUE,2,68200,0,99,0,,1,0,Harris,Jarrod,Olympia Gymnastic Sports,01/01/0001,,2,36000,10,0,0,E5,100,,,,,,,,,,,,
416,8050cb81-30bf-47a6-4b0f-a892199e19c8,TCI #1 2023 AGE Interclub Trampoline Championships,,TRA,13-14 Years Male,Qualification,1,,2,TRUE,2,68200,0,99,0,,1,0,Harris,Jarrod,Olympia Gymnastic Sports,01/01/0001,,2,36000,10,0,0,E8,100,,,,,,,,,,,,
417,8050cb81-30bf-47a6-4b0f-a892199e19c8,TCI #1 2023 AGE Interclub Trampoline Championships,,TRA,13-14 Years Male,Qualification,1,,2,TRUE,2,68200,0,99,0,,1,0,Harris,Jarrod,Olympia Gymnastic Sports,01/01/0001,,2,36000,10,0,0,E∑,23000,3,4,4,3,5,3,4,4,5,4,2,0
418,8050cb81-30bf-47a6-4b0f-a892199e19c8,TCI #1 2023 AGE Interclub Trampoline Championships,,TRA,13-14 Years Male,Qualification,1,,2,TRUE,2,68200,0,99,0,,1,0,Harris,Jarrod,Olympia Gymnastic Sports,01/01/0001,,2,36000,10,0,0,T,0,,,,,,,,,,,,
419,8050cb81-30bf-47a6-4b0f-a892199e19c8,TCI #1 2023 AGE Interclub Trampoline Championships,,TRA,13-14 Years Male,Qualification,1,,2,TRUE,2,68200,0,99,0,,1,0,Harris,Jarrod,Olympia Gymnastic Sports,01/01/0001,,2,36000,10,0,0,D,41,0,,,,,,,,,,,
420,8050cb81-30bf-47a6-4b0f-a892199e19c8,TCI #1 2023 AGE Interclub Trampoline Championships,,TRA,13-14 Years Male,Qualification,1,,2,TRUE,2,68200,0,99,0,,1,0,Harris,Jarrod,Olympia Gymnastic Sports,01/01/0001,,2,36000,10,0,0,H,890,890,0,,,,,,,,,,
421,8050cb81-30bf-47a6-4b0f-a892199e19c8,TCI #1 2023 AGE Interclub Trampoline Championships,,TRA,13-14 Years Male,Qualification,1,,3,TRUE,4,41300,0,99,0,,1,0,Hedges,Kyle,ICE Gymsports North Canterbury,01/01/0001,,1,6400,2,0,0,E1,15,2,3,,,,,,,,,,0
422,8050cb81-30bf-47a6-4b0f-a892199e19c8,TCI #1 2023 AGE Interclub Trampoline Championships,,TRA,13-14 Years Male,Qualification,1,,3,TRUE,4,41300,0,99,0,,1,0,Hedges,Kyle,ICE Gymsports North Canterbury,01/01/0001,,1,6400,2,0,0,E2,15,2,3,,,,,,,,,,0
423,8050cb81-30bf-47a6-4b0f-a892199e19c8,TCI #1 2023 AGE Interclub Trampoline Championships,,TRA,13-14 Years Male,Qualification,1,,3,TRUE,4,41300,0,99,0,,1,0,Hedges,Kyle,ICE Gymsports North Canterbury,01/01/0001,,1,6400,2,0,0,E3,14,3,3,,,,,,,,,,0
424,8050cb81-30bf-47a6-4b0f-a892199e19c8,TCI #1 2023 AGE Interclub Trampoline Championships,,TRA,13-14 Years Male,Qualification,1,,3,TRUE,4,41300,0,99,0,,1,0,Hedges,Kyle,ICE Gymsports North Canterbury,01/01/0001,,1,6400,2,0,0,E4,20,,,,,,,,,,,,
425,8050cb81-30bf-47a6-4b0f-a892199e19c8,TCI #1 2023 AGE Interclub Trampoline Championships,,TRA,13-14 Years Male,Qualification,1,,3,TRUE,4,41300,0,99,0,,1,0,Hedges,Kyle,ICE Gymsports North Canterbury,01/01/0001,,1,6400,2,0,0,E5,20,,,,,,,,,,,,
426,8050cb81-30bf-47a6-4b0f-a892199e19c8,TCI #1 2023 AGE Interclub Trampoline Championships,,TRA,13-14 Years Male,Qualification,1,,3,TRUE,4,41300,0,99,0,,1,0,Hedges,Kyle,ICE Gymsports North Canterbury,01/01/0001,,1,6400,2,0,0,E8,20,,,,,,,,,,,,
427,8050cb81-30bf-47a6-4b0f-a892199e19c8,TCI #1 2023 AGE Interclub Trampoline Championships,,TRA,13-14 Years Male,Qualification,1,,3,TRUE,4,41300,0,99,0,,1,0,Hedges,Kyle,ICE Gymsports North Canterbury,01/01/0001,,1,6400,2,0,0,E∑,4400,4,6,0,0,0,0,0,0,0,0,0,0
428,8050cb81-30bf-47a6-4b0f-a892199e19c8,TCI #1 2023 AGE Interclub Trampoline Championships,,TRA,13-14 Years Male,Qualification,1,,3,TRUE,4,41300,0,99,0,,1,0,Hedges,Kyle,ICE Gymsports North Canterbury,01/01/0001,,1,6400,2,0,0,T,0,,,,,,,,,,,,
429,8050cb81-30bf-47a6-4b0f-a892199e19c8,TCI #1 2023 AGE Interclub Trampoline Championships,,TRA,13-14 Years Male,Qualification,1,,3,TRUE,4,41300,0,99,0,,1,0,Hedges,Kyle,ICE Gymsports North Canterbury,01/01/0001,,1,6400,2,0,0,D,0,0,,,,,,,,,,,
430,8050cb81-30bf-47a6-4b0f-a892199e19c8,TCI #1 2023 AGE Interclub Trampoline Championships,,TRA,13-14 Years Male,Qualification,1,,3,TRUE,4,41300,0,99,0,,1,0,Hedges,Kyle,ICE Gymsports North Canterbury,01/01/0001,,1,6400,2,0,0,H,200,200,0,,,,,,,,,,
431,8050cb81-30bf-47a6-4b0f-a892199e19c8,TCI #1 2023 AGE Interclub Trampoline Championships,,TRA,13-14 Years Male,Qualification,1,,3,TRUE,4,41300,0,99,0,,1,0,Hedges,Kyle,ICE Gymsports North Canterbury,01/01/0001,,2,34900,10,0,0,E1,69,3,3,3,3,3,3,3,3,3,3,1,0
432,8050cb81-30bf-47a6-4b0f-a892199e19c8,TCI #1 2023 AGE Interclub Trampoline Championships,,TRA,13-14 Years Male,Qualification,1,,3,TRUE,4,41300,0,99,0,,1,0,Hedges,Kyle,ICE Gymsports North Canterbury,01/01/0001,,2,34900,10,0,0,E2,69,3,3,3,3,3,3,3,3,3,3,1,0
433,8050cb81-30bf-47a6-4b0f-a892199e19c8,TCI #1 2023 AGE Interclub Trampoline Championships,,TRA,13-14 Years Male,Qualification,1,,3,TRUE,4,41300,0,99,0,,1,0,Hedges,Kyle,ICE Gymsports North Canterbury,01/01/0001,,2,34900,10,0,0,E3,69,3,3,3,3,3,4,3,3,3,3,0,0
434,8050cb81-30bf-47a6-4b0f-a892199e19c8,TCI #1 2023 AGE Interclub Trampoline Championships,,TRA,13-14 Years Male,Qualification,1,,3,TRUE,4,41300,0,99,0,,1,0,Hedges,Kyle,ICE Gymsports North Canterbury,01/01/0001,,2,34900,10,0,0,E4,100,,,,,,,,,,,,
435,8050cb81-30bf-47a6-4b0f-a892199e19c8,TCI #1 2023 AGE Interclub Trampoline Championships,,TRA,13-14 Years Male,Qualification,1,,3,TRUE,4,41300,0,99,0,,1,0,Hedges,Kyle,ICE Gymsports North Canterbury,01/01/0001,,2,34900,10,0,0,E5,100,,,,,,,,,,,,
436,8050cb81-30bf-47a6-4b0f-a892199e19c8,TCI #1 2023 AGE Interclub Trampoline Championships,,TRA,13-14 Years Male,Qualification,1,,3,TRUE,4,41300,0,99,0,,1,0,Hedges,Kyle,ICE Gymsports North Canterbury,01/01/0001,,2,34900,10,0,0,E8,100,,,,,,,,,,,,
437,8050cb81-30bf-47a6-4b0f-a892199e19c8,TCI #1 2023 AGE Interclub Trampoline Championships,,TRA,13-14 Years Male,Qualification,1,,3,TRUE,4,41300,0,99,0,,1,0,Hedges,Kyle,ICE Gymsports North Canterbury,01/01/0001,,2,34900,10,0,0,E∑,20700,6,6,6,6,6,6,6,6,6,6,1,0
438,8050cb81-30bf-47a6-4b0f-a892199e19c8,TCI #1 2023 AGE Interclub Trampoline Championships,,TRA,13-14 Years Male,Qualification,1,,3,TRUE,4,41300,0,99,0,,1,0,Hedges,Kyle,ICE Gymsports North Canterbury,01/01/0001,,2,34900,10,0,0,T,0,,,,,,,,,,,,
439,8050cb81-30bf-47a6-4b0f-a892199e19c8,TCI #1 2023 AGE Interclub Trampoline Championships,,TRA,13-14 Years Male,Qualification,1,,3,TRUE,4,41300,0,99,0,,1,0,Hedges,Kyle,ICE Gymsports North Canterbury,01/01/0001,,2,34900,10,0,0,D,50,0,,,,,,,,,,,
440,8050cb81-30bf-47a6-4b0f-a892199e19c8,TCI #1 2023 AGE Interclub Trampoline Championships,,TRA,13-14 Years Male,Qualification,1,,3,TRUE,4,41300,0,99,0,,1,0,Hedges,Kyle,ICE Gymsports North Canterbury,01/01/0001,,2,34900,10,0,0,H,920,920,0,,,,,,,,,,
441,8050cb81-30bf-47a6-4b0f-a892199e19c8,TCI #1 2023 AGE Interclub Trampoline Championships,,TRA,13-14 Years Male,Qualification,1,,4,TRUE,5,0,0,99,0,,1,0,Nowlan,Kielan,ICE Gymsports North Canterbury,01/01/0001,,1,0,0,0,0,E1,0,,,,,,,,,,,,
442,8050cb81-30bf-47a6-4b0f-a892199e19c8,TCI #1 2023 AGE Interclub Trampoline Championships,,TRA,13-14 Years Male,Qualification,1,,4,TRUE,5,0,0,99,0,,1,0,Nowlan,Kielan,ICE Gymsports North Canterbury,01/01/0001,,1,0,0,0,0,E2,0,,,,,,,,,,,,
443,8050cb81-30bf-47a6-4b0f-a892199e19c8,TCI #1 2023 AGE Interclub Trampoline Championships,,TRA,13-14 Years Male,Qualification,1,,4,TRUE,5,0,0,99,0,,1,0,Nowlan,Kielan,ICE Gymsports North Canterbury,01/01/0001,,1,0,0,0,0,E3,0,,,,,,,,,,,,
444,8050cb81-30bf-47a6-4b0f-a892199e19c8,TCI #1 2023 AGE Interclub Trampoline Championships,,TRA,13-14 Years Male,Qualification,1,,4,TRUE,5,0,0,99,0,,1,0,Nowlan,Kielan,ICE Gymsports North Canterbury,01/01/0001,,1,0,0,0,0,E4,0,,,,,,,,,,,,
445,8050cb81-30bf-47a6-4b0f-a892199e19c8,TCI #1 2023 AGE Interclub Trampoline Championships,,TRA,13-14 Years Male,Qualification,1,,4,TRUE,5,0,0,99,0,,1,0,Nowlan,Kielan,ICE Gymsports North Canterbury,01/01/0001,,1,0,0,0,0,E5,0,,,,,,,,,,,,
446,8050cb81-30bf-47a6-4b0f-a892199e19c8,TCI #1 2023 AGE Interclub Trampoline Championships,,TRA,13-14 Years Male,Qualification,1,,4,TRUE,5,0,0,99,0,,1,0,Nowlan,Kielan,ICE Gymsports North Canterbury,01/01/0001,,1,0,0,0,0,E8,0,,,,,,,,,,,,
447,8050cb81-30bf-47a6-4b0f-a892199e19c8,TCI #1 2023 AGE Interclub Trampoline Championships,,TRA,13-14 Years Male,Qualification,1,,4,TRUE,5,0,0,99,0,,1,0,Nowlan,Kielan,ICE Gymsports North Canterbury,01/01/0001,,1,0,0,0,0,E∑,-1,0,0,0,0,0,0,0,0,0,0,0,0
448,8050cb81-30bf-47a6-4b0f-a892199e19c8,TCI #1 2023 AGE Interclub Trampoline Championships,,TRA,13-14 Years Male,Qualification,1,,4,TRUE,5,0,0,99,0,,1,0,Nowlan,Kielan,ICE Gymsports North Canterbury,01/01/0001,,1,0,0,0,0,T,0,,,,,,,,,,,,
449,8050cb81-30bf-47a6-4b0f-a892199e19c8,TCI #1 2023 AGE Interclub Trampoline Championships,,TRA,13-14 Years Male,Qualification,1,,4,TRUE,5,0,0,99,0,,1,0,Nowlan,Kielan,ICE Gymsports North Canterbury,01/01/0001,,1,0,0,0,0,D,0,0,,,,,,,,,,,
450,8050cb81-30bf-47a6-4b0f-a892199e19c8,TCI #1 2023 AGE Interclub Trampoline Championships,,TRA,13-14 Years Male,Qualification,1,,4,TRUE,5,0,0,99,0,,1,0,Nowlan,Kielan,ICE Gymsports North Canterbury,01/01/0001,,1,0,0,0,0,H,0,0,0,,,,,,,,,,
451,8050cb81-30bf-47a6-4b0f-a892199e19c8,TCI #1 2023 AGE Interclub Trampoline Championships,,TRA,13-14 Years Male,Qualification,1,,4,TRUE,5,0,0,99,0,,1,0,Nowlan,Kielan,ICE Gymsports North Canterbury,01/01/0001,,2,0,0,0,0,E1,0,,,,,,,,,,,,
452,8050cb81-30bf-47a6-4b0f-a892199e19c8,TCI #1 2023 AGE Interclub Trampoline Championships,,TRA,13-14 Years Male,Qualification,1,,4,TRUE,5,0,0,99,0,,1,0,Nowlan,Kielan,ICE Gymsports North Canterbury,01/01/0001,,2,0,0,0,0,E2,0,,,,,,,,,,,,
453,8050cb81-30bf-47a6-4b0f-a892199e19c8,TCI #1 2023 AGE Interclub Trampoline Championships,,TRA,13-14 Years Male,Qualification,1,,4,TRUE,5,0,0,99,0,,1,0,Nowlan,Kielan,ICE Gymsports North Canterbury,01/01/0001,,2,0,0,0,0,E3,0,,,,,,,,,,,,
454,8050cb81-30bf-47a6-4b0f-a892199e19c8,TCI #1 2023 AGE Interclub Trampoline Championships,,TRA,13-14 Years Male,Qualification,1,,4,TRUE,5,0,0,99,0,,1,0,Nowlan,Kielan,ICE Gymsports North Canterbury,01/01/0001,,2,0,0,0,0,E4,0,,,,,,,,,,,,
455,8050cb81-30bf-47a6-4b0f-a892199e19c8,TCI #1 2023 AGE Interclub Trampoline Championships,,TRA,13-14 Years Male,Qualification,1,,4,TRUE,5,0,0,99,0,,1,0,Nowlan,Kielan,ICE Gymsports North Canterbury,01/01/0001,,2,0,0,0,0,E5,0,,,,,,,,,,,,
456,8050cb81-30bf-47a6-4b0f-a892199e19c8,TCI #1 2023 AGE Interclub Trampoline Championships,,TRA,13-14 Years Male,Qualification,1,,4,TRUE,5,0,0,99,0,,1,0,Nowlan,Kielan,ICE Gymsports North Canterbury,01/01/0001,,2,0,0,0,0,E8,0,,,,,,,,,,,,
457,8050cb81-30bf-47a6-4b0f-a892199e19c8,TCI #1 2023 AGE Interclub Trampoline Championships,,TRA,13-14 Years Male,Qualification,1,,4,TRUE,5,0,0,99,0,,1,0,Nowlan,Kielan,ICE Gymsports North Canterbury,01/01/0001,,2,0,0,0,0,E∑,-1,0,0,0,0,0,0,0,0,0,0,0,0
458,8050cb81-30bf-47a6-4b0f-a892199e19c8,TCI #1 2023 AGE Interclub Trampoline Championships,,TRA,13-14 Years Male,Qualification,1,,4,TRUE,5,0,0,99,0,,1,0,Nowlan,Kielan,ICE Gymsports North Canterbury,01/01/0001,,2,0,0,0,0,T,0,,,,,,,,,,,,
459,8050cb81-30bf-47a6-4b0f-a892199e19c8,TCI #1 2023 AGE Interclub Trampoline Championships,,TRA,13-14 Years Male,Qualification,1,,4,TRUE,5,0,0,99,0,,1,0,Nowlan,Kielan,ICE Gymsports North Canterbury,01/01/0001,,2,0,0,0,0,D,0,0,,,,,,,,,,,
460,8050cb81-30bf-47a6-4b0f-a892199e19c8,TCI #1 2023 AGE Interclub Trampoline Championships,,TRA,13-14 Years Male,Qualification,1,,4,TRUE,5,0,0,99,0,,1,0,Nowlan,Kielan,ICE Gymsports North Canterbury,01/01/0001,,2,0,0,0,0,H,0,0,0,,,,,,,,,,
461,8050cb81-30bf-47a6-4b0f-a892199e19c8,TCI #1 2023 AGE Interclub Trampoline Championships,,TRA,13-14 Years Male,Qualification,1,,5,TRUE,3,44200,0,99,0,,1,0,Wethy,Noah,ICE Gymsports North Canterbury,01/01/0001,,1,12300,4,0,0,E1,26,4,4,3,3,,,,,,,,0
462,8050cb81-30bf-47a6-4b0f-a892199e19c8,TCI #1 2023 AGE Interclub Trampoline Championships,,TRA,13-14 Years Male,Qualification,1,,5,TRUE,3,44200,0,99,0,,1,0,Wethy,Noah,ICE Gymsports North Canterbury,01/01/0001,,1,12300,4,0,0,E2,25,3,4,4,4,,,,,,,,0
463,8050cb81-30bf-47a6-4b0f-a892199e19c8,TCI #1 2023 AGE Interclub Trampoline Championships,,TRA,13-14 Years Male,Qualification,1,,5,TRUE,3,44200,0,99,0,,1,0,Wethy,Noah,ICE Gymsports North Canterbury,01/01/0001,,1,12300,4,0,0,E3,26,3,3,4,4,,,,,,,,0
464,8050cb81-30bf-47a6-4b0f-a892199e19c8,TCI #1 2023 AGE Interclub Trampoline Championships,,TRA,13-14 Years Male,Qualification,1,,5,TRUE,3,44200,0,99,0,,1,0,Wethy,Noah,ICE Gymsports North Canterbury,01/01/0001,,1,12300,4,0,0,E4,40,,,,,,,,,,,,
465,8050cb81-30bf-47a6-4b0f-a892199e19c8,TCI #1 2023 AGE Interclub Trampoline Championships,,TRA,13-14 Years Male,Qualification,1,,5,TRUE,3,44200,0,99,0,,1,0,Wethy,Noah,ICE Gymsports North Canterbury,01/01/0001,,1,12300,4,0,0,E5,40,,,,,,,,,,,,
466,8050cb81-30bf-47a6-4b0f-a892199e19c8,TCI #1 2023 AGE Interclub Trampoline Championships,,TRA,13-14 Years Male,Qualification,1,,5,TRUE,3,44200,0,99,0,,1,0,Wethy,Noah,ICE Gymsports North Canterbury,01/01/0001,,1,12300,4,0,0,E8,40,,,,,,,,,,,,
467,8050cb81-30bf-47a6-4b0f-a892199e19c8,TCI #1 2023 AGE Interclub Trampoline Championships,,TRA,13-14 Years Male,Qualification,1,,5,TRUE,3,44200,0,99,0,,1,0,Wethy,Noah,ICE Gymsports North Canterbury,01/01/0001,,1,12300,4,0,0,E∑,7700,6,7,7,7,0,0,0,0,0,0,0,0
468,8050cb81-30bf-47a6-4b0f-a892199e19c8,TCI #1 2023 AGE Interclub Trampoline Championships,,TRA,13-14 Years Male,Qualification,1,,5,TRUE,3,44200,0,99,0,,1,0,Wethy,Noah,ICE Gymsports North Canterbury,01/01/0001,,1,12300,4,0,0,T,0,,,,,,,,,,,,
469,8050cb81-30bf-47a6-4b0f-a892199e19c8,TCI #1 2023 AGE Interclub Trampoline Championships,,TRA,13-14 Years Male,Qualification,1,,5,TRUE,3,44200,0,99,0,,1,0,Wethy,Noah,ICE Gymsports North Canterbury,01/01/0001,,1,12300,4,0,0,D,0,0,,,,,,,,,,,
470,8050cb81-30bf-47a6-4b0f-a892199e19c8,TCI #1 2023 AGE Interclub Trampoline Championships,,TRA,13-14 Years Male,Qualification,1,,5,TRUE,3,44200,0,99,0,,1,0,Wethy,Noah,ICE Gymsports North Canterbury,01/01/0001,,1,12300,4,0,0,H,460,460,0,,,,,,,,,,
471,8050cb81-30bf-47a6-4b0f-a892199e19c8,TCI #1 2023 AGE Interclub Trampoline Championships,,TRA,13-14 Years Male,Qualification,1,,5,TRUE,3,44200,0,99,0,,1,0,Wethy,Noah,ICE Gymsports North Canterbury,01/01/0001,,2,31900,10,0,0,E1,65,4,4,3,3,3,4,4,4,3,3,0,0
472,8050cb81-30bf-47a6-4b0f-a892199e19c8,TCI #1 2023 AGE Interclub Trampoline Championships,,TRA,13-14 Years Male,Qualification,1,,5,TRUE,3,44200,0,99,0,,1,0,Wethy,Noah,ICE Gymsports North Canterbury,01/01/0001,,2,31900,10,0,0,E2,64,3,4,3,3,3,4,4,3,4,4,1,0
473,8050cb81-30bf-47a6-4b0f-a892199e19c8,TCI #1 2023 AGE Interclub Trampoline Championships,,TRA,13-14 Years Male,Qualification,1,,5,TRUE,3,44200,0,99,0,,1,0,Wethy,Noah,ICE Gymsports North Canterbury,01/01/0001,,2,31900,10,0,0,E3,65,4,4,3,3,3,3,4,4,4,3,0,0
474,8050cb81-30bf-47a6-4b0f-a892199e19c8,TCI #1 2023 AGE Interclub Trampoline Championships,,TRA,13-14 Years Male,Qualification,1,,5,TRUE,3,44200,0,99,0,,1,0,Wethy,Noah,ICE Gymsports North Canterbury,01/01/0001,,2,31900,10,0,0,E4,100,,,,,,,,,,,,
475,8050cb81-30bf-47a6-4b0f-a892199e19c8,TCI #1 2023 AGE Interclub Trampoline Championships,,TRA,13-14 Years Male,Qualification,1,,5,TRUE,3,44200,0,99,0,,1,0,Wethy,Noah,ICE Gymsports North Canterbury,01/01/0001,,2,31900,10,0,0,E5,100,,,,,,,,,,,,
476,8050cb81-30bf-47a6-4b0f-a892199e19c8,TCI #1 2023 AGE Interclub Trampoline Championships,,TRA,13-14 Years Male,Qualification,1,,5,TRUE,3,44200,0,99,0,,1,0,Wethy,Noah,ICE Gymsports North Canterbury,01/01/0001,,2,31900,10,0,0,E8,100,,,,,,,,,,,,
477,8050cb81-30bf-47a6-4b0f-a892199e19c8,TCI #1 2023 AGE Interclub Trampoline Championships,,TRA,13-14 Years Male,Qualification,1,,5,TRUE,3,44200,0,99,0,,1,0,Wethy,Noah,ICE Gymsports North Canterbury,01/01/0001,,2,31900,10,0,0,E∑,19400,7,8,6,6,6,7,8,7,7,6,0,0
478,8050cb81-30bf-47a6-4b0f-a892199e19c8,TCI #1 2023 AGE Interclub Trampoline Championships,,TRA,13-14 Years Male,Qualification,1,,5,TRUE,3,44200,0,99,0,,1,0,Wethy,Noah,ICE Gymsports North Canterbury,01/01/0001,,2,31900,10,0,0,T,0,,,,,,,,,,,,
479,8050cb81-30bf-47a6-4b0f-a892199e19c8,TCI #1 2023 AGE Interclub Trampoline Championships,,TRA,13-14 Years Male,Qualification,1,,5,TRUE,3,44200,0,99,0,,1,0,Wethy,Noah,ICE Gymsports North Canterbury,01/01/0001,,2,31900,10,0,0,D,27,0,,,,,,,,,,,
480,8050cb81-30bf-47a6-4b0f-a892199e19c8,TCI #1 2023 AGE Interclub Trampoline Championships,,TRA,13-14 Years Male,Qualification,1,,5,TRUE,3,44200,0,99,0,,1,0,Wethy,Noah,ICE Gymsports North Canterbury,01/01/0001,,2,31900,10,0,0,H,980,980,0,,,,,,,,,,
481,8050cb81-30bf-47a6-4b0f-a892199e19c8,TCI #1 2023 AGE Interclub Trampoline Championships,,TRA,13-14 Years Female,Qualification,1,,1,TRUE,2,72000,0,99,0,,1,0,Wright,Meg,Olympia Gymnastic Sports,01/01/0001,,1,33700,10,0,0,E1,82,2,2,1,1,1,2,3,3,1,2,0,0
482,8050cb81-30bf-47a6-4b0f-a892199e19c8,TCI #1 2023 AGE Interclub Trampoline Championships,,TRA,13-14 Years Female,Qualification,1,,1,TRUE,2,72000,0,99,0,,1,0,Wright,Meg,Olympia Gymnastic Sports,01/01/0001,,1,33700,10,0,0,E2,82,2,2,2,2,2,1,2,2,1,2,0,0
483,8050cb81-30bf-47a6-4b0f-a892199e19c8,TCI #1 2023 AGE Interclub Trampoline Championships,,TRA,13-14 Years Female,Qualification,1,,1,TRUE,2,72000,0,99,0,,1,0,Wright,Meg,Olympia Gymnastic Sports,01/01/0001,,1,33700,10,0,0,E3,76,2,3,2,2,2,3,3,2,2,3,0,0
484,8050cb81-30bf-47a6-4b0f-a892199e19c8,TCI #1 2023 AGE Interclub Trampoline Championships,,TRA,13-14 Years Female,Qualification,1,,1,TRUE,2,72000,0,99,0,,1,0,Wright,Meg,Olympia Gymnastic Sports,01/01/0001,,1,33700,10,0,0,E4,100,,,,,,,,,,,,
485,8050cb81-30bf-47a6-4b0f-a892199e19c8,TCI #1 2023 AGE Interclub Trampoline Championships,,TRA,13-14 Years Female,Qualification,1,,1,TRUE,2,72000,0,99,0,,1,0,Wright,Meg,Olympia Gymnastic Sports,01/01/0001,,1,33700,10,0,0,E5,100,,,,,,,,,,,,
486,8050cb81-30bf-47a6-4b0f-a892199e19c8,TCI #1 2023 AGE Interclub Trampoline Championships,,TRA,13-14 Years Female,Qualification,1,,1,TRUE,2,72000,0,99,0,,1,0,Wright,Meg,Olympia Gymnastic Sports,01/01/0001,,1,33700,10,0,0,E8,100,,,,,,,,,,,,
487,8050cb81-30bf-47a6-4b0f-a892199e19c8,TCI #1 2023 AGE Interclub Trampoline Championships,,TRA,13-14 Years Female,Qualification,1,,1,TRUE,2,72000,0,99,0,,1,0,Wright,Meg,Olympia Gymnastic Sports,01/01/0001,,1,33700,10,0,0,E∑,24000,4,4,3,3,3,3,5,4,2,4,0,0
488,8050cb81-30bf-47a6-4b0f-a892199e19c8,TCI #1 2023 AGE Interclub Trampoline Championships,,TRA,13-14 Years Female,Qualification,1,,1,TRUE,2,72000,0,99,0,,1,0,Wright,Meg,Olympia Gymnastic Sports,01/01/0001,,1,33700,10,0,0,T,0,,,,,,,,,,,,
489,8050cb81-30bf-47a6-4b0f-a892199e19c8,TCI #1 2023 AGE Interclub Trampoline Championships,,TRA,13-14 Years Female,Qualification,1,,1,TRUE,2,72000,0,99,0,,1,0,Wright,Meg,Olympia Gymnastic Sports,01/01/0001,,1,33700,10,0,0,D,0,0,,,,,,,,,,,
490,8050cb81-30bf-47a6-4b0f-a892199e19c8,TCI #1 2023 AGE Interclub Trampoline Championships,,TRA,13-14 Years Female,Qualification,1,,1,TRUE,2,72000,0,99,0,,1,0,Wright,Meg,Olympia Gymnastic Sports,01/01/0001,,1,33700,10,0,0,H,970,970,0,,,,,,,,,,
491,8050cb81-30bf-47a6-4b0f-a892199e19c8,TCI #1 2023 AGE Interclub Trampoline Championships,,TRA,13-14 Years Female,Qualification,1,,1,TRUE,2,72000,0,99,0,,1,0,Wright,Meg,Olympia Gymnastic Sports,01/01/0001,,2,38300,10,0,0,E1,80,3,1,1,2,2,3,2,1,2,3,0,0
492,8050cb81-30bf-47a6-4b0f-a892199e19c8,TCI #1 2023 AGE Interclub Trampoline Championships,,TRA,13-14 Years Female,Qualification,1,,1,TRUE,2,72000,0,99,0,,1,0,Wright,Meg,Olympia Gymnastic Sports,01/01/0001,,2,38300,10,0,0,E2,86,1,2,2,1,1,1,2,2,1,1,0,0
493,8050cb81-30bf-47a6-4b0f-a892199e19c8,TCI #1 2023 AGE Interclub Trampoline Championships,,TRA,13-14 Years Female,Qualification,1,,1,TRUE,2,72000,0,99,0,,1,0,Wright,Meg,Olympia Gymnastic Sports,01/01/0001,,2,38300,10,0,0,E3,77,2,2,2,2,3,3,2,2,2,2,1,0
494,8050cb81-30bf-47a6-4b0f-a892199e19c8,TCI #1 2023 AGE Interclub Trampoline Championships,,TRA,13-14 Years Female,Qualification,1,,1,TRUE,2,72000,0,99,0,,1,0,Wright,Meg,Olympia Gymnastic Sports,01/01/0001,,2,38300,10,0,0,E4,100,,,,,,,,,,,,
495,8050cb81-30bf-47a6-4b0f-a892199e19c8,TCI #1 2023 AGE Interclub Trampoline Championships,,TRA,13-14 Years Female,Qualification,1,,1,TRUE,2,72000,0,99,0,,1,0,Wright,Meg,Olympia Gymnastic Sports,01/01/0001,,2,38300,10,0,0,E5,100,,,,,,,,,,,,
496,8050cb81-30bf-47a6-4b0f-a892199e19c8,TCI #1 2023 AGE Interclub Trampoline Championships,,TRA,13-14 Years Female,Qualification,1,,1,TRUE,2,72000,0,99,0,,1,0,Wright,Meg,Olympia Gymnastic Sports,01/01/0001,,2,38300,10,0,0,E8,100,,,,,,,,,,,,
497,8050cb81-30bf-47a6-4b0f-a892199e19c8,TCI #1 2023 AGE Interclub Trampoline Championships,,TRA,13-14 Years Female,Qualification,1,,1,TRUE,2,72000,0,99,0,,1,0,Wright,Meg,Olympia Gymnastic Sports,01/01/0001,,2,38300,10,0,0,E∑,24300,3,3,3,3,3,4,4,3,3,3,0,0
498,8050cb81-30bf-47a6-4b0f-a892199e19c8,TCI #1 2023 AGE Interclub Trampoline Championships,,TRA,13-14 Years Female,Qualification,1,,1,TRUE,2,72000,0,99,0,,1,0,Wright,Meg,Olympia Gymnastic Sports,01/01/0001,,2,38300,10,0,0,T,0,,,,,,,,,,,,
499,8050cb81-30bf-47a6-4b0f-a892199e19c8,TCI #1 2023 AGE Interclub Trampoline Championships,,TRA,13-14 Years Female,Qualification,1,,1,TRUE,2,72000,0,99,0,,1,0,Wright,Meg,Olympia Gymnastic Sports,01/01/0001,,2,38300,10,0,0,D,45,0,,,,,,,,,,,
500,8050cb81-30bf-47a6-4b0f-a892199e19c8,TCI #1 2023 AGE Interclub Trampoline Championships,,TRA,13-14 Years Female,Qualification,1,,1,TRUE,2,72000,0,99,0,,1,0,Wright,Meg,Olympia Gymnastic Sports,01/01/0001,,2,38300,10,0,0,H,950,950,0,,,,,,,,,,
501,8050cb81-30bf-47a6-4b0f-a892199e19c8,TCI #1 2023 AGE Interclub Trampoline Championships,,TRA,13-14 Years Female,Qualification,1,,2,TRUE,6,65200,0,99,0,,1,0,Johnson,Phoenix,ICE Gymsports North Canterbury,01/01/0001,,1,32300,10,0,0,E1,78,2,2,2,1,2,3,3,2,3,2,0,0
502,8050cb81-30bf-47a6-4b0f-a892199e19c8,TCI #1 2023 AGE Interclub Trampoline Championships,,TRA,13-14 Years Female,Qualification,1,,2,TRUE,6,65200,0,99,0,,1,0,Johnson,Phoenix,ICE Gymsports North Canterbury,01/01/0001,,1,32300,10,0,0,E2,78,2,2,2,2,2,3,2,2,2,2,1,0
503,8050cb81-30bf-47a6-4b0f-a892199e19c8,TCI #1 2023 AGE Interclub Trampoline Championships,,TRA,13-14 Years Female,Qualification,1,,2,TRUE,6,65200,0,99,0,,1,0,Johnson,Phoenix,ICE Gymsports North Canterbury,01/01/0001,,1,32300,10,0,0,E3,70,3,3,3,3,3,3,3,3,3,3,0,0
504,8050cb81-30bf-47a6-4b0f-a892199e19c8,TCI #1 2023 AGE Interclub Trampoline Championships,,TRA,13-14 Years Female,Qualification,1,,2,TRUE,6,65200,0,99,0,,1,0,Johnson,Phoenix,ICE Gymsports North Canterbury,01/01/0001,,1,32300,10,0,0,E4,100,,,,,,,,,,,,
505,8050cb81-30bf-47a6-4b0f-a892199e19c8,TCI #1 2023 AGE Interclub Trampoline Championships,,TRA,13-14 Years Female,Qualification,1,,2,TRUE,6,65200,0,99,0,,1,0,Johnson,Phoenix,ICE Gymsports North Canterbury,01/01/0001,,1,32300,10,0,0,E5,100,,,,,,,,,,,,
506,8050cb81-30bf-47a6-4b0f-a892199e19c8,TCI #1 2023 AGE Interclub Trampoline Championships,,TRA,13-14 Years Female,Qualification,1,,2,TRUE,6,65200,0,99,0,,1,0,Johnson,Phoenix,ICE Gymsports North Canterbury,01/01/0001,,1,32300,10,0,0,E8,100,,,,,,,,,,,,
507,8050cb81-30bf-47a6-4b0f-a892199e19c8,TCI #1 2023 AGE Interclub Trampoline Championships,,TRA,13-14 Years Female,Qualification,1,,2,TRUE,6,65200,0,99,0,,1,0,Johnson,Phoenix,ICE Gymsports North Canterbury,01/01/0001,,1,32300,10,0,0,E∑,22600,4,4,4,3,4,6,5,4,5,4,0,0
508,8050cb81-30bf-47a6-4b0f-a892199e19c8,TCI #1 2023 AGE Interclub Trampoline Championships,,TRA,13-14 Years Female,Qualification,1,,2,TRUE,6,65200,0,99,0,,1,0,Johnson,Phoenix,ICE Gymsports North Canterbury,01/01/0001,,1,32300,10,0,0,T,0,,,,,,,,,,,,
509,8050cb81-30bf-47a6-4b0f-a892199e19c8,TCI #1 2023 AGE Interclub Trampoline Championships,,TRA,13-14 Years Female,Qualification,1,,2,TRUE,6,65200,0,99,0,,1,0,Johnson,Phoenix,ICE Gymsports North Canterbury,01/01/0001,,1,32300,10,0,0,D,0,0,,,,,,,,,,,
510,8050cb81-30bf-47a6-4b0f-a892199e19c8,TCI #1 2023 AGE Interclub Trampoline Championships,,TRA,13-14 Years Female,Qualification,1,,2,TRUE,6,65200,0,99,0,,1,0,Johnson,Phoenix,ICE Gymsports North Canterbury,01/01/0001,,1,32300,10,0,0,H,970,970,0,,,,,,,,,,
511,8050cb81-30bf-47a6-4b0f-a892199e19c8,TCI #1 2023 AGE Interclub Trampoline Championships,,TRA,13-14 Years Female,Qualification,1,,2,TRUE,6,65200,0,99,0,,1,0,Johnson,Phoenix,ICE Gymsports North Canterbury,01/01/0001,,2,32900,9,0,0,E1,70,1,2,3,2,2,2,2,3,3,,,0
512,8050cb81-30bf-47a6-4b0f-a892199e19c8,TCI #1 2023 AGE Interclub Trampoline Championships,,TRA,13-14 Years Female,Qualification,1,,2,TRUE,6,65200,0,99,0,,1,0,Johnson,Phoenix,ICE Gymsports North Canterbury,01/01/0001,,2,32900,9,0,0,E2,67,2,2,2,3,3,3,2,3,3,,,0
513,8050cb81-30bf-47a6-4b0f-a892199e19c8,TCI #1 2023 AGE Interclub Trampoline Championships,,TRA,13-14 Years Female,Qualification,1,,2,TRUE,6,65200,0,99,0,,1,0,Johnson,Phoenix,ICE Gymsports North Canterbury,01/01/0001,,2,32900,9,0,0,E3,66,1,2,3,3,3,3,3,3,3,,,0
514,8050cb81-30bf-47a6-4b0f-a892199e19c8,TCI #1 2023 AGE Interclub Trampoline Championships,,TRA,13-14 Years Female,Qualification,1,,2,TRUE,6,65200,0,99,0,,1,0,Johnson,Phoenix,ICE Gymsports North Canterbury,01/01/0001,,2,32900,9,0,0,E4,90,,,,,,,,,,,,
515,8050cb81-30bf-47a6-4b0f-a892199e19c8,TCI #1 2023 AGE Interclub Trampoline Championships,,TRA,13-14 Years Female,Qualification,1,,2,TRUE,6,65200,0,99,0,,1,0,Johnson,Phoenix,ICE Gymsports North Canterbury,01/01/0001,,2,32900,9,0,0,E5,90,,,,,,,,,,,,
516,8050cb81-30bf-47a6-4b0f-a892199e19c8,TCI #1 2023 AGE Interclub Trampoline Championships,,TRA,13-14 Years Female,Qualification,1,,2,TRUE,6,65200,0,99,0,,1,0,Johnson,Phoenix,ICE Gymsports North Canterbury,01/01/0001,,2,32900,9,0,0,E8,90,,,,,,,,,,,,
517,8050cb81-30bf-47a6-4b0f-a892199e19c8,TCI #1 2023 AGE Interclub Trampoline Championships,,TRA,13-14 Years Female,Qualification,1,,2,TRUE,6,65200,0,99,0,,1,0,Johnson,Phoenix,ICE Gymsports North Canterbury,01/01/0001,,2,32900,9,0,0,E∑,20300,2,4,5,5,5,5,4,6,6,0,0,0
518,8050cb81-30bf-47a6-4b0f-a892199e19c8,TCI #1 2023 AGE Interclub Trampoline Championships,,TRA,13-14 Years Female,Qualification,1,,2,TRUE,6,65200,0,99,0,,1,0,Johnson,Phoenix,ICE Gymsports North Canterbury,01/01/0001,,2,32900,9,0,0,T,0,,,,,,,,,,,,
519,8050cb81-30bf-47a6-4b0f-a892199e19c8,TCI #1 2023 AGE Interclub Trampoline Championships,,TRA,13-14 Years Female,Qualification,1,,2,TRUE,6,65200,0,99,0,,1,0,Johnson,Phoenix,ICE Gymsports North Canterbury,01/01/0001,,2,32900,9,0,0,D,39,0,,,,,,,,,,,
520,8050cb81-30bf-47a6-4b0f-a892199e19c8,TCI #1 2023 AGE Interclub Trampoline Championships,,TRA,13-14 Years Female,Qualification,1,,2,TRUE,6,65200,0,99,0,,1,0,Johnson,Phoenix,ICE Gymsports North Canterbury,01/01/0001,,2,32900,9,0,0,H,870,870,0,,,,,,,,,,
521,8050cb81-30bf-47a6-4b0f-a892199e19c8,TCI #1 2023 AGE Interclub Trampoline Championships,,TRA,13-14 Years Female,Qualification,1,,3,TRUE,9,48200,0,99,0,,1,0,Clarke,Zoe,ICE Gymsports North Canterbury,01/01/0001,,1,31600,10,0,0,E1,72,3,2,3,3,3,3,3,2,3,3,0,0
522,8050cb81-30bf-47a6-4b0f-a892199e19c8,TCI #1 2023 AGE Interclub Trampoline Championships,,TRA,13-14 Years Female,Qualification,1,,3,TRUE,9,48200,0,99,0,,1,0,Clarke,Zoe,ICE Gymsports North Canterbury,01/01/0001,,1,31600,10,0,0,E2,71,3,3,2,3,2,2,3,3,3,4,1,0
523,8050cb81-30bf-47a6-4b0f-a892199e19c8,TCI #1 2023 AGE Interclub Trampoline Championships,,TRA,13-14 Years Female,Qualification,1,,3,TRUE,9,48200,0,99,0,,1,0,Clarke,Zoe,ICE Gymsports North Canterbury,01/01/0001,,1,31600,10,0,0,E3,73,3,2,2,2,3,3,3,3,3,3,0,0
524,8050cb81-30bf-47a6-4b0f-a892199e19c8,TCI #1 2023 AGE Interclub Trampoline Championships,,TRA,13-14 Years Female,Qualification,1,,3,TRUE,9,48200,0,99,0,,1,0,Clarke,Zoe,ICE Gymsports North Canterbury,01/01/0001,,1,31600,10,0,0,E4,100,,,,,,,,,,,,
525,8050cb81-30bf-47a6-4b0f-a892199e19c8,TCI #1 2023 AGE Interclub Trampoline Championships,,TRA,13-14 Years Female,Qualification,1,,3,TRUE,9,48200,0,99,0,,1,0,Clarke,Zoe,ICE Gymsports North Canterbury,01/01/0001,,1,31600,10,0,0,E5,100,,,,,,,,,,,,
526,8050cb81-30bf-47a6-4b0f-a892199e19c8,TCI #1 2023 AGE Interclub Trampoline Championships,,TRA,13-14 Years Female,Qualification,1,,3,TRUE,9,48200,0,99,0,,1,0,Clarke,Zoe,ICE Gymsports North Canterbury,01/01/0001,,1,31600,10,0,0,E8,100,,,,,,,,,,,,
527,8050cb81-30bf-47a6-4b0f-a892199e19c8,TCI #1 2023 AGE Interclub Trampoline Championships,,TRA,13-14 Years Female,Qualification,1,,3,TRUE,9,48200,0,99,0,,1,0,Clarke,Zoe,ICE Gymsports North Canterbury,01/01/0001,,1,31600,10,0,0,E∑,21600,6,4,4,5,5,5,6,5,6,6,0,0
528,8050cb81-30bf-47a6-4b0f-a892199e19c8,TCI #1 2023 AGE Interclub Trampoline Championships,,TRA,13-14 Years Female,Qualification,1,,3,TRUE,9,48200,0,99,0,,1,0,Clarke,Zoe,ICE Gymsports North Canterbury,01/01/0001,,1,31600,10,0,0,T,0,,,,,,,,,,,,
529,8050cb81-30bf-47a6-4b0f-a892199e19c8,TCI #1 2023 AGE Interclub Trampoline Championships,,TRA,13-14 Years Female,Qualification,1,,3,TRUE,9,48200,0,99,0,,1,0,Clarke,Zoe,ICE Gymsports North Canterbury,01/01/0001,,1,31600,10,0,0,D,0,0,,,,,,,,,,,
530,8050cb81-30bf-47a6-4b0f-a892199e19c8,TCI #1 2023 AGE Interclub Trampoline Championships,,TRA,13-14 Years Female,Qualification,1,,3,TRUE,9,48200,0,99,0,,1,0,Clarke,Zoe,ICE Gymsports North Canterbury,01/01/0001,,1,31600,10,0,0,H,1000,1000,0,,,,,,,,,,
531,8050cb81-30bf-47a6-4b0f-a892199e19c8,TCI #1 2023 AGE Interclub Trampoline Championships,,TRA,13-14 Years Female,Qualification,1,,3,TRUE,9,48200,0,99,0,,1,0,Clarke,Zoe,ICE Gymsports North Canterbury,01/01/0001,,2,16600,5,0,0,E1,35,3,3,3,4,2,,,,,,,0
532,8050cb81-30bf-47a6-4b0f-a892199e19c8,TCI #1 2023 AGE Interclub Trampoline Championships,,TRA,13-14 Years Female,Qualification,1,,3,TRUE,9,48200,0,99,0,,1,0,Clarke,Zoe,ICE Gymsports North Canterbury,01/01/0001,,2,16600,5,0,0,E2,34,3,3,3,4,3,,,,,,,0
533,8050cb81-30bf-47a6-4b0f-a892199e19c8,TCI #1 2023 AGE Interclub Trampoline Championships,,TRA,13-14 Years Female,Qualification,1,,3,TRUE,9,48200,0,99,0,,1,0,Clarke,Zoe,ICE Gymsports North Canterbury,01/01/0001,,2,16600,5,0,0,E3,33,3,3,3,4,4,,,,,,,0
534,8050cb81-30bf-47a6-4b0f-a892199e19c8,TCI #1 2023 AGE Interclub Trampoline Championships,,TRA,13-14 Years Female,Qualification,1,,3,TRUE,9,48200,0,99,0,,1,0,Clarke,Zoe,ICE Gymsports North Canterbury,01/01/0001,,2,16600,5,0,0,E4,50,,,,,,,,,,,,
535,8050cb81-30bf-47a6-4b0f-a892199e19c8,TCI #1 2023 AGE Interclub Trampoline Championships,,TRA,13-14 Years Female,Qualification,1,,3,TRUE,9,48200,0,99,0,,1,0,Clarke,Zoe,ICE Gymsports North Canterbury,01/01/0001,,2,16600,5,0,0,E5,50,,,,,,,,,,,,
536,8050cb81-30bf-47a6-4b0f-a892199e19c8,TCI #1 2023 AGE Interclub Trampoline Championships,,TRA,13-14 Years Female,Qualification,1,,3,TRUE,9,48200,0,99,0,,1,0,Clarke,Zoe,ICE Gymsports North Canterbury,01/01/0001,,2,16600,5,0,0,E8,50,,,,,,,,,,,,
537,8050cb81-30bf-47a6-4b0f-a892199e19c8,TCI #1 2023 AGE Interclub Trampoline Championships,,TRA,13-14 Years Female,Qualification,1,,3,TRUE,9,48200,0,99,0,,1,0,Clarke,Zoe,ICE Gymsports North Canterbury,01/01/0001,,2,16600,5,0,0,E∑,10200,6,6,6,8,5,0,0,0,0,0,0,0
538,8050cb81-30bf-47a6-4b0f-a892199e19c8,TCI #1 2023 AGE Interclub Trampoline Championships,,TRA,13-14 Years Female,Qualification,1,,3,TRUE,9,48200,0,99,0,,1,0,Clarke,Zoe,ICE Gymsports North Canterbury,01/01/0001,,2,16600,5,0,0,T,0,,,,,,,,,,,,
539,8050cb81-30bf-47a6-4b0f-a892199e19c8,TCI #1 2023 AGE Interclub Trampoline Championships,,TRA,13-14 Years Female,Qualification,1,,3,TRUE,9,48200,0,99,0,,1,0,Clarke,Zoe,ICE Gymsports North Canterbury,01/01/0001,,2,16600,5,0,0,D,15,0,,,,,,,,,,,
540,8050cb81-30bf-47a6-4b0f-a892199e19c8,TCI #1 2023 AGE Interclub Trampoline Championships,,TRA,13-14 Years Female,Qualification,1,,3,TRUE,9,48200,0,99,0,,1,0,Clarke,Zoe,ICE Gymsports North Canterbury,01/01/0001,,2,16600,5,0,0,H,490,490,0,,,,,,,,,,
541,8050cb81-30bf-47a6-4b0f-a892199e19c8,TCI #1 2023 AGE Interclub Trampoline Championships,,TRA,13-14 Years Female,Qualification,1,,4,TRUE,1,73500,0,99,0,,1,0,Glanville,Finleigh,Dynamic Gymnastics Sports,01/01/0001,,1,34500,10,0,0,E1,83,2,2,1,1,2,1,2,2,1,2,1,0
542,8050cb81-30bf-47a6-4b0f-a892199e19c8,TCI #1 2023 AGE Interclub Trampoline Championships,,TRA,13-14 Years Female,Qualification,1,,4,TRUE,1,73500,0,99,0,,1,0,Glanville,Finleigh,Dynamic Gymnastics Sports,01/01/0001,,1,34500,10,0,0,E2,85,2,1,1,1,1,1,1,1,2,2,2,0
543,8050cb81-30bf-47a6-4b0f-a892199e19c8,TCI #1 2023 AGE Interclub Trampoline Championships,,TRA,13-14 Years Female,Qualification,1,,4,TRUE,1,73500,0,99,0,,1,0,Glanville,Finleigh,Dynamic Gymnastics Sports,01/01/0001,,1,34500,10,0,0,E3,81,2,2,2,2,2,1,2,2,2,2,0,0
544,8050cb81-30bf-47a6-4b0f-a892199e19c8,TCI #1 2023 AGE Interclub Trampoline Championships,,TRA,13-14 Years Female,Qualification,1,,4,TRUE,1,73500,0,99,0,,1,0,Glanville,Finleigh,Dynamic Gymnastics Sports,01/01/0001,,1,34500,10,0,0,E4,100,,,,,,,,,,,,
545,8050cb81-30bf-47a6-4b0f-a892199e19c8,TCI #1 2023 AGE Interclub Trampoline Championships,,TRA,13-14 Years Female,Qualification,1,,4,TRUE,1,73500,0,99,0,,1,0,Glanville,Finleigh,Dynamic Gymnastics Sports,01/01/0001,,1,34500,10,0,0,E5,100,,,,,,,,,,,,
546,8050cb81-30bf-47a6-4b0f-a892199e19c8,TCI #1 2023 AGE Interclub Trampoline Championships,,TRA,13-14 Years Female,Qualification,1,,4,TRUE,1,73500,0,99,0,,1,0,Glanville,Finleigh,Dynamic Gymnastics Sports,01/01/0001,,1,34500,10,0,0,E8,100,,,,,,,,,,,,
547,8050cb81-30bf-47a6-4b0f-a892199e19c8,TCI #1 2023 AGE Interclub Trampoline Championships,,TRA,13-14 Years Female,Qualification,1,,4,TRUE,1,73500,0,99,0,,1,0,Glanville,Finleigh,Dynamic Gymnastics Sports,01/01/0001,,1,34500,10,0,0,E∑,24900,4,3,2,2,3,2,3,3,3,4,1,0
548,8050cb81-30bf-47a6-4b0f-a892199e19c8,TCI #1 2023 AGE Interclub Trampoline Championships,,TRA,13-14 Years Female,Qualification,1,,4,TRUE,1,73500,0,99,0,,1,0,Glanville,Finleigh,Dynamic Gymnastics Sports,01/01/0001,,1,34500,10,0,0,T,0,,,,,,,,,,,,
549,8050cb81-30bf-47a6-4b0f-a892199e19c8,TCI #1 2023 AGE Interclub Trampoline Championships,,TRA,13-14 Years Female,Qualification,1,,4,TRUE,1,73500,0,99,0,,1,0,Glanville,Finleigh,Dynamic Gymnastics Sports,01/01/0001,,1,34500,10,0,0,D,0,0,,,,,,,,,,,
550,8050cb81-30bf-47a6-4b0f-a892199e19c8,TCI #1 2023 AGE Interclub Trampoline Championships,,TRA,13-14 Years Female,Qualification,1,,4,TRUE,1,73500,0,99,0,,1,0,Glanville,Finleigh,Dynamic Gymnastics Sports,01/01/0001,,1,34500,10,0,0,H,960,960,0,,,,,,,,,,
551,8050cb81-30bf-47a6-4b0f-a892199e19c8,TCI #1 2023 AGE Interclub Trampoline Championships,,TRA,13-14 Years Female,Qualification,1,,4,TRUE,1,73500,0,99,0,,1,0,Glanville,Finleigh,Dynamic Gymnastics Sports,01/01/0001,,2,39000,10,0,0,E1,77,2,2,1,2,3,2,2,2,2,3,2,0
552,8050cb81-30bf-47a6-4b0f-a892199e19c8,TCI #1 2023 AGE Interclub Trampoline Championships,,TRA,13-14 Years Female,Qualification,1,,4,TRUE,1,73500,0,99,0,,1,0,Glanville,Finleigh,Dynamic Gymnastics Sports,01/01/0001,,2,39000,10,0,0,E2,79,2,2,2,2,2,2,2,2,2,2,1,0
553,8050cb81-30bf-47a6-4b0f-a892199e19c8,TCI #1 2023 AGE Interclub Trampoline Championships,,TRA,13-14 Years Female,Qualification,1,,4,TRUE,1,73500,0,99,0,,1,0,Glanville,Finleigh,Dynamic Gymnastics Sports,01/01/0001,,2,39000,10,0,0,E3,76,3,2,2,2,2,3,3,2,2,3,0,0
554,8050cb81-30bf-47a6-4b0f-a892199e19c8,TCI #1 2023 AGE Interclub Trampoline Championships,,TRA,13-14 Years Female,Qualification,1,,4,TRUE,1,73500,0,99,0,,1,0,Glanville,Finleigh,Dynamic Gymnastics Sports,01/01/0001,,2,39000,10,0,0,E4,100,,,,,,,,,,,,
555,8050cb81-30bf-47a6-4b0f-a892199e19c8,TCI #1 2023 AGE Interclub Trampoline Championships,,TRA,13-14 Years Female,Qualification,1,,4,TRUE,1,73500,0,99,0,,1,0,Glanville,Finleigh,Dynamic Gymnastics Sports,01/01/0001,,2,39000,10,0,0,E5,100,,,,,,,,,,,,
556,8050cb81-30bf-47a6-4b0f-a892199e19c8,TCI #1 2023 AGE Interclub Trampoline Championships,,TRA,13-14 Years Female,Qualification,1,,4,TRUE,1,73500,0,99,0,,1,0,Glanville,Finleigh,Dynamic Gymnastics Sports,01/01/0001,,2,39000,10,0,0,E8,100,,,,,,,,,,,,
557,8050cb81-30bf-47a6-4b0f-a892199e19c8,TCI #1 2023 AGE Interclub Trampoline Championships,,TRA,13-14 Years Female,Qualification,1,,4,TRUE,1,73500,0,99,0,,1,0,Glanville,Finleigh,Dynamic Gymnastics Sports,01/01/0001,,2,39000,10,0,0,E∑,23200,4,4,3,4,4,4,4,4,4,5,1,0
558,8050cb81-30bf-47a6-4b0f-a892199e19c8,TCI #1 2023 AGE Interclub Trampoline Championships,,TRA,13-14 Years Female,Qualification,1,,4,TRUE,1,73500,0,99,0,,1,0,Glanville,Finleigh,Dynamic Gymnastics Sports,01/01/0001,,2,39000,10,0,0,T,0,,,,,,,,,,,,
559,8050cb81-30bf-47a6-4b0f-a892199e19c8,TCI #1 2023 AGE Interclub Trampoline Championships,,TRA,13-14 Years Female,Qualification,1,,4,TRUE,1,73500,0,99,0,,1,0,Glanville,Finleigh,Dynamic Gymnastics Sports,01/01/0001,,2,39000,10,0,0,D,65,0,,,,,,,,,,,
560,8050cb81-30bf-47a6-4b0f-a892199e19c8,TCI #1 2023 AGE Interclub Trampoline Championships,,TRA,13-14 Years Female,Qualification,1,,4,TRUE,1,73500,0,99,0,,1,0,Glanville,Finleigh,Dynamic Gymnastics Sports,01/01/0001,,2,39000,10,0,0,H,930,930,0,,,,,,,,,,
561,8050cb81-30bf-47a6-4b0f-a892199e19c8,TCI #1 2023 AGE Interclub Trampoline Championships,,TRA,13-14 Years Female,Qualification,1,,5,TRUE,4,67400,0,99,0,,1,0,Judd,Addison,Dynamic Gymnastics Sports,01/01/0001,,1,32000,10,0,0,E1,74,2,3,2,1,2,3,2,3,3,3,2,0
562,8050cb81-30bf-47a6-4b0f-a892199e19c8,TCI #1 2023 AGE Interclub Trampoline Championships,,TRA,13-14 Years Female,Qualification,1,,5,TRUE,4,67400,0,99,0,,1,0,Judd,Addison,Dynamic Gymnastics Sports,01/01/0001,,1,32000,10,0,0,E2,78,2,3,2,2,2,1,2,3,2,3,0,0
563,8050cb81-30bf-47a6-4b0f-a892199e19c8,TCI #1 2023 AGE Interclub Trampoline Championships,,TRA,13-14 Years Female,Qualification,1,,5,TRUE,4,67400,0,99,0,,1,0,Judd,Addison,Dynamic Gymnastics Sports,01/01/0001,,1,32000,10,0,0,E3,73,3,3,2,2,3,3,2,3,3,3,0,0
564,8050cb81-30bf-47a6-4b0f-a892199e19c8,TCI #1 2023 AGE Interclub Trampoline Championships,,TRA,13-14 Years Female,Qualification,1,,5,TRUE,4,67400,0,99,0,,1,0,Judd,Addison,Dynamic Gymnastics Sports,01/01/0001,,1,32000,10,0,0,E4,100,,,,,,,,,,,,
565,8050cb81-30bf-47a6-4b0f-a892199e19c8,TCI #1 2023 AGE Interclub Trampoline Championships,,TRA,13-14 Years Female,Qualification,1,,5,TRUE,4,67400,0,99,0,,1,0,Judd,Addison,Dynamic Gymnastics Sports,01/01/0001,,1,32000,10,0,0,E5,100,,,,,,,,,,,,
566,8050cb81-30bf-47a6-4b0f-a892199e19c8,TCI #1 2023 AGE Interclub Trampoline Championships,,TRA,13-14 Years Female,Qualification,1,,5,TRUE,4,67400,0,99,0,,1,0,Judd,Addison,Dynamic Gymnastics Sports,01/01/0001,,1,32000,10,0,0,E8,100,,,,,,,,,,,,
567,8050cb81-30bf-47a6-4b0f-a892199e19c8,TCI #1 2023 AGE Interclub Trampoline Championships,,TRA,13-14 Years Female,Qualification,1,,5,TRUE,4,67400,0,99,0,,1,0,Judd,Addison,Dynamic Gymnastics Sports,01/01/0001,,1,32000,10,0,0,E∑,22500,4,6,4,3,4,4,4,6,5,6,0,0
568,8050cb81-30bf-47a6-4b0f-a892199e19c8,TCI #1 2023 AGE Interclub Trampoline Championships,,TRA,13-14 Years Female,Qualification,1,,5,TRUE,4,67400,0,99,0,,1,0,Judd,Addison,Dynamic Gymnastics Sports,01/01/0001,,1,32000,10,0,0,T,0,,,,,,,,,,,,
569,8050cb81-30bf-47a6-4b0f-a892199e19c8,TCI #1 2023 AGE Interclub Trampoline Championships,,TRA,13-14 Years Female,Qualification,1,,5,TRUE,4,67400,0,99,0,,1,0,Judd,Addison,Dynamic Gymnastics Sports,01/01/0001,,1,32000,10,0,0,D,0,0,,,,,,,,,,,
570,8050cb81-30bf-47a6-4b0f-a892199e19c8,TCI #1 2023 AGE Interclub Trampoline Championships,,TRA,13-14 Years Female,Qualification,1,,5,TRUE,4,67400,0,99,0,,1,0,Judd,Addison,Dynamic Gymnastics Sports,01/01/0001,,1,32000,10,0,0,H,950,950,0,,,,,,,,,,
571,8050cb81-30bf-47a6-4b0f-a892199e19c8,TCI #1 2023 AGE Interclub Trampoline Championships,,TRA,13-14 Years Female,Qualification,1,,5,TRUE,4,67400,0,99,0,,1,0,Judd,Addison,Dynamic Gymnastics Sports,01/01/0001,,2,35400,10,0,0,E1,74,3,3,3,2,2,2,3,2,3,2,1,0
572,8050cb81-30bf-47a6-4b0f-a892199e19c8,TCI #1 2023 AGE Interclub Trampoline Championships,,TRA,13-14 Years Female,Qualification,1,,5,TRUE,4,67400,0,99,0,,1,0,Judd,Addison,Dynamic Gymnastics Sports,01/01/0001,,2,35400,10,0,0,E2,79,2,2,2,2,3,1,2,2,2,2,1,0
573,8050cb81-30bf-47a6-4b0f-a892199e19c8,TCI #1 2023 AGE Interclub Trampoline Championships,,TRA,13-14 Years Female,Qualification,1,,5,TRUE,4,67400,0,99,0,,1,0,Judd,Addison,Dynamic Gymnastics Sports,01/01/0001,,2,35400,10,0,0,E3,76,3,2,3,3,2,2,2,3,1,3,0,0
574,8050cb81-30bf-47a6-4b0f-a892199e19c8,TCI #1 2023 AGE Interclub Trampoline Championships,,TRA,13-14 Years Female,Qualification,1,,5,TRUE,4,67400,0,99,0,,1,0,Judd,Addison,Dynamic Gymnastics Sports,01/01/0001,,2,35400,10,0,0,E4,100,,,,,,,,,,,,
575,8050cb81-30bf-47a6-4b0f-a892199e19c8,TCI #1 2023 AGE Interclub Trampoline Championships,,TRA,13-14 Years Female,Qualification,1,,5,TRUE,4,67400,0,99,0,,1,0,Judd,Addison,Dynamic Gymnastics Sports,01/01/0001,,2,35400,10,0,0,E5,100,,,,,,,,,,,,
576,8050cb81-30bf-47a6-4b0f-a892199e19c8,TCI #1 2023 AGE Interclub Trampoline Championships,,TRA,13-14 Years Female,Qualification,1,,5,TRUE,4,67400,0,99,0,,1,0,Judd,Addison,Dynamic Gymnastics Sports,01/01/0001,,2,35400,10,0,0,E8,100,,,,,,,,,,,,
577,8050cb81-30bf-47a6-4b0f-a892199e19c8,TCI #1 2023 AGE Interclub Trampoline Championships,,TRA,13-14 Years Female,Qualification,1,,5,TRUE,4,67400,0,99,0,,1,0,Judd,Addison,Dynamic Gymnastics Sports,01/01/0001,,2,35400,10,0,0,E∑,22900,5,4,5,4,4,3,4,4,3,4,1,0
578,8050cb81-30bf-47a6-4b0f-a892199e19c8,TCI #1 2023 AGE Interclub Trampoline Championships,,TRA,13-14 Years Female,Qualification,1,,5,TRUE,4,67400,0,99,0,,1,0,Judd,Addison,Dynamic Gymnastics Sports,01/01/0001,,2,35400,10,0,0,T,0,,,,,,,,,,,,
579,8050cb81-30bf-47a6-4b0f-a892199e19c8,TCI #1 2023 AGE Interclub Trampoline Championships,,TRA,13-14 Years Female,Qualification,1,,5,TRUE,4,67400,0,99,0,,1,0,Judd,Addison,Dynamic Gymnastics Sports,01/01/0001,,2,35400,10,0,0,D,29,0,,,,,,,,,,,
580,8050cb81-30bf-47a6-4b0f-a892199e19c8,TCI #1 2023 AGE Interclub Trampoline Championships,,TRA,13-14 Years Female,Qualification,1,,5,TRUE,4,67400,0,99,0,,1,0,Judd,Addison,Dynamic Gymnastics Sports,01/01/0001,,2,35400,10,0,0,H,960,960,0,,,,,,,,,,
581,8050cb81-30bf-47a6-4b0f-a892199e19c8,TCI #1 2023 AGE Interclub Trampoline Championships,,TRA,13-14 Years Female,Qualification,1,,6,TRUE,5,65900,0,99,0,,1,0,Stanley,Laura,Dynamic Gymnastics Sports,01/01/0001,,1,31400,10,0,0,E1,73,2,3,2,3,2,2,3,3,3,3,1,0
582,8050cb81-30bf-47a6-4b0f-a892199e19c8,TCI #1 2023 AGE Interclub Trampoline Championships,,TRA,13-14 Years Female,Qualification,1,,6,TRUE,5,65900,0,99,0,,1,0,Stanley,Laura,Dynamic Gymnastics Sports,01/01/0001,,1,31400,10,0,0,E2,73,2,3,2,2,2,3,3,4,2,3,1,0
583,8050cb81-30bf-47a6-4b0f-a892199e19c8,TCI #1 2023 AGE Interclub Trampoline Championships,,TRA,13-14 Years Female,Qualification,1,,6,TRUE,5,65900,0,99,0,,1,0,Stanley,Laura,Dynamic Gymnastics Sports,01/01/0001,,1,31400,10,0,0,E3,71,3,3,2,3,3,3,2,3,3,3,1,0
584,8050cb81-30bf-47a6-4b0f-a892199e19c8,TCI #1 2023 AGE Interclub Trampoline Championships,,TRA,13-14 Years Female,Qualification,1,,6,TRUE,5,65900,0,99,0,,1,0,Stanley,Laura,Dynamic Gymnastics Sports,01/01/0001,,1,31400,10,0,0,E4,100,,,,,,,,,,,,
585,8050cb81-30bf-47a6-4b0f-a892199e19c8,TCI #1 2023 AGE Interclub Trampoline Championships,,TRA,13-14 Years Female,Qualification,1,,6,TRUE,5,65900,0,99,0,,1,0,Stanley,Laura,Dynamic Gymnastics Sports,01/01/0001,,1,31400,10,0,0,E5,100,,,,,,,,,,,,
586,8050cb81-30bf-47a6-4b0f-a892199e19c8,TCI #1 2023 AGE Interclub Trampoline Championships,,TRA,13-14 Years Female,Qualification,1,,6,TRUE,5,65900,0,99,0,,1,0,Stanley,Laura,Dynamic Gymnastics Sports,01/01/0001,,1,31400,10,0,0,E8,100,,,,,,,,,,,,
587,8050cb81-30bf-47a6-4b0f-a892199e19c8,TCI #1 2023 AGE Interclub Trampoline Championships,,TRA,13-14 Years Female,Qualification,1,,6,TRUE,5,65900,0,99,0,,1,0,Stanley,Laura,Dynamic Gymnastics Sports,01/01/0001,,1,31400,10,0,0,E∑,21700,4,6,4,5,4,5,5,6,5,6,2,0
588,8050cb81-30bf-47a6-4b0f-a892199e19c8,TCI #1 2023 AGE Interclub Trampoline Championships,,TRA,13-14 Years Female,Qualification,1,,6,TRUE,5,65900,0,99,0,,1,0,Stanley,Laura,Dynamic Gymnastics Sports,01/01/0001,,1,31400,10,0,0,T,0,,,,,,,,,,,,
589,8050cb81-30bf-47a6-4b0f-a892199e19c8,TCI #1 2023 AGE Interclub Trampoline Championships,,TRA,13-14 Years Female,Qualification,1,,6,TRUE,5,65900,0,99,0,,1,0,Stanley,Laura,Dynamic Gymnastics Sports,01/01/0001,,1,31400,10,0,0,D,0,0,,,,,,,,,,,
590,8050cb81-30bf-47a6-4b0f-a892199e19c8,TCI #1 2023 AGE Interclub Trampoline Championships,,TRA,13-14 Years Female,Qualification,1,,6,TRUE,5,65900,0,99,0,,1,0,Stanley,Laura,Dynamic Gymnastics Sports,01/01/0001,,1,31400,10,0,0,H,970,970,0,,,,,,,,,,
591,8050cb81-30bf-47a6-4b0f-a892199e19c8,TCI #1 2023 AGE Interclub Trampoline Championships,,TRA,13-14 Years Female,Qualification,1,,6,TRUE,5,65900,0,99,0,,1,0,Stanley,Laura,Dynamic Gymnastics Sports,01/01/0001,,2,34500,10,0,0,E1,71,3,3,2,2,3,3,3,3,3,3,1,0
592,8050cb81-30bf-47a6-4b0f-a892199e19c8,TCI #1 2023 AGE Interclub Trampoline Championships,,TRA,13-14 Years Female,Qualification,1,,6,TRUE,5,65900,0,99,0,,1,0,Stanley,Laura,Dynamic Gymnastics Sports,01/01/0001,,2,34500,10,0,0,E2,70,3,3,2,2,3,3,3,3,3,3,2,0
593,8050cb81-30bf-47a6-4b0f-a892199e19c8,TCI #1 2023 AGE Interclub Trampoline Championships,,TRA,13-14 Years Female,Qualification,1,,6,TRUE,5,65900,0,99,0,,1,0,Stanley,Laura,Dynamic Gymnastics Sports,01/01/0001,,2,34500,10,0,0,E3,70,3,3,3,3,3,3,3,3,3,3,0,0
594,8050cb81-30bf-47a6-4b0f-a892199e19c8,TCI #1 2023 AGE Interclub Trampoline Championships,,TRA,13-14 Years Female,Qualification,1,,6,TRUE,5,65900,0,99,0,,1,0,Stanley,Laura,Dynamic Gymnastics Sports,01/01/0001,,2,34500,10,0,0,E4,100,,,,,,,,,,,,
595,8050cb81-30bf-47a6-4b0f-a892199e19c8,TCI #1 2023 AGE Interclub Trampoline Championships,,TRA,13-14 Years Female,Qualification,1,,6,TRUE,5,65900,0,99,0,,1,0,Stanley,Laura,Dynamic Gymnastics Sports,01/01/0001,,2,34500,10,0,0,E5,100,,,,,,,,,,,,
596,8050cb81-30bf-47a6-4b0f-a892199e19c8,TCI #1 2023 AGE Interclub Trampoline Championships,,TRA,13-14 Years Female,Qualification,1,,6,TRUE,5,65900,0,99,0,,1,0,Stanley,Laura,Dynamic Gymnastics Sports,01/01/0001,,2,34500,10,0,0,E8,100,,,,,,,,,,,,
597,8050cb81-30bf-47a6-4b0f-a892199e19c8,TCI #1 2023 AGE Interclub Trampoline Championships,,TRA,13-14 Years Female,Qualification,1,,6,TRUE,5,65900,0,99,0,,1,0,Stanley,Laura,Dynamic Gymnastics Sports,01/01/0001,,2,34500,10,0,0,E∑,21100,6,6,4,4,6,6,6,6,6,6,1,0
598,8050cb81-30bf-47a6-4b0f-a892199e19c8,TCI #1 2023 AGE Interclub Trampoline Championships,,TRA,13-14 Years Female,Qualification,1,,6,TRUE,5,65900,0,99,0,,1,0,Stanley,Laura,Dynamic Gymnastics Sports,01/01/0001,,2,34500,10,0,0,T,0,,,,,,,,,,,,
599,8050cb81-30bf-47a6-4b0f-a892199e19c8,TCI #1 2023 AGE Interclub Trampoline Championships,,TRA,13-14 Years Female,Qualification,1,,6,TRUE,5,65900,0,99,0,,1,0,Stanley,Laura,Dynamic Gymnastics Sports,01/01/0001,,2,34500,10,0,0,D,38,0,,,,,,,,,,,
600,8050cb81-30bf-47a6-4b0f-a892199e19c8,TCI #1 2023 AGE Interclub Trampoline Championships,,TRA,13-14 Years Female,Qualification,1,,6,TRUE,5,65900,0,99,0,,1,0,Stanley,Laura,Dynamic Gymnastics Sports,01/01/0001,,2,34500,10,0,0,H,960,960,0,,,,,,,,,,
601,8050cb81-30bf-47a6-4b0f-a892199e19c8,TCI #1 2023 AGE Interclub Trampoline Championships,,TRA,13-14 Years Female,Qualification,1,,7,TRUE,8,63300,0,99,0,,1,0,Hewitson,Aria,Christchurch School of Gymnastics,01/01/0001,,1,31600,10,0,0,E1,76,3,3,2,1,2,2,2,2,2,3,2,0
602,8050cb81-30bf-47a6-4b0f-a892199e19c8,TCI #1 2023 AGE Interclub Trampoline Championships,,TRA,13-14 Years Female,Qualification,1,,7,TRUE,8,63300,0,99,0,,1,0,Hewitson,Aria,Christchurch School of Gymnastics,01/01/0001,,1,31600,10,0,0,E2,72,3,3,2,3,2,3,3,3,3,2,1,0
603,8050cb81-30bf-47a6-4b0f-a892199e19c8,TCI #1 2023 AGE Interclub Trampoline Championships,,TRA,13-14 Years Female,Qualification,1,,7,TRUE,8,63300,0,99,0,,1,0,Hewitson,Aria,Christchurch School of Gymnastics,01/01/0001,,1,31600,10,0,0,E3,73,3,3,2,3,3,3,3,3,2,2,0,0
604,8050cb81-30bf-47a6-4b0f-a892199e19c8,TCI #1 2023 AGE Interclub Trampoline Championships,,TRA,13-14 Years Female,Qualification,1,,7,TRUE,8,63300,0,99,0,,1,0,Hewitson,Aria,Christchurch School of Gymnastics,01/01/0001,,1,31600,10,0,0,E4,100,,,,,,,,,,,,
605,8050cb81-30bf-47a6-4b0f-a892199e19c8,TCI #1 2023 AGE Interclub Trampoline Championships,,TRA,13-14 Years Female,Qualification,1,,7,TRUE,8,63300,0,99,0,,1,0,Hewitson,Aria,Christchurch School of Gymnastics,01/01/0001,,1,31600,10,0,0,E5,100,,,,,,,,,,,,
606,8050cb81-30bf-47a6-4b0f-a892199e19c8,TCI #1 2023 AGE Interclub Trampoline Championships,,TRA,13-14 Years Female,Qualification,1,,7,TRUE,8,63300,0,99,0,,1,0,Hewitson,Aria,Christchurch School of Gymnastics,01/01/0001,,1,31600,10,0,0,E8,100,,,,,,,,,,,,
607,8050cb81-30bf-47a6-4b0f-a892199e19c8,TCI #1 2023 AGE Interclub Trampoline Championships,,TRA,13-14 Years Female,Qualification,1,,7,TRUE,8,63300,0,99,0,,1,0,Hewitson,Aria,Christchurch School of Gymnastics,01/01/0001,,1,31600,10,0,0,E∑,22100,6,6,4,4,4,5,5,5,4,4,1,0
608,8050cb81-30bf-47a6-4b0f-a892199e19c8,TCI #1 2023 AGE Interclub Trampoline Championships,,TRA,13-14 Years Female,Qualification,1,,7,TRUE,8,63300,0,99,0,,1,0,Hewitson,Aria,Christchurch School of Gymnastics,01/01/0001,,1,31600,10,0,0,T,0,,,,,,,,,,,,
609,8050cb81-30bf-47a6-4b0f-a892199e19c8,TCI #1 2023 AGE Interclub Trampoline Championships,,TRA,13-14 Years Female,Qualification,1,,7,TRUE,8,63300,0,99,0,,1,0,Hewitson,Aria,Christchurch School of Gymnastics,01/01/0001,,1,31600,10,0,0,D,0,0,,,,,,,,,,,
610,8050cb81-30bf-47a6-4b0f-a892199e19c8,TCI #1 2023 AGE Interclub Trampoline Championships,,TRA,13-14 Years Female,Qualification,1,,7,TRUE,8,63300,0,99,0,,1,0,Hewitson,Aria,Christchurch School of Gymnastics,01/01/0001,,1,31600,10,0,0,H,950,950,0,,,,,,,,,,
611,8050cb81-30bf-47a6-4b0f-a892199e19c8,TCI #1 2023 AGE Interclub Trampoline Championships,,TRA,13-14 Years Female,Qualification,1,,7,TRUE,8,63300,0,99,0,,1,0,Hewitson,Aria,Christchurch School of Gymnastics,01/01/0001,,2,31700,9,0,0,E1,68,2,2,2,3,3,3,2,3,2,,,0
612,8050cb81-30bf-47a6-4b0f-a892199e19c8,TCI #1 2023 AGE Interclub Trampoline Championships,,TRA,13-14 Years Female,Qualification,1,,7,TRUE,8,63300,0,99,0,,1,0,Hewitson,Aria,Christchurch School of Gymnastics,01/01/0001,,2,31700,9,0,0,E2,64,3,3,2,3,3,2,3,3,4,,,0
613,8050cb81-30bf-47a6-4b0f-a892199e19c8,TCI #1 2023 AGE Interclub Trampoline Championships,,TRA,13-14 Years Female,Qualification,1,,7,TRUE,8,63300,0,99,0,,1,0,Hewitson,Aria,Christchurch School of Gymnastics,01/01/0001,,2,31700,9,0,0,E3,65,3,3,3,3,3,3,2,2,3,,,0
614,8050cb81-30bf-47a6-4b0f-a892199e19c8,TCI #1 2023 AGE Interclub Trampoline Championships,,TRA,13-14 Years Female,Qualification,1,,7,TRUE,8,63300,0,99,0,,1,0,Hewitson,Aria,Christchurch School of Gymnastics,01/01/0001,,2,31700,9,0,0,E4,90,,,,,,,,,,,,
615,8050cb81-30bf-47a6-4b0f-a892199e19c8,TCI #1 2023 AGE Interclub Trampoline Championships,,TRA,13-14 Years Female,Qualification,1,,7,TRUE,8,63300,0,99,0,,1,0,Hewitson,Aria,Christchurch School of Gymnastics,01/01/0001,,2,31700,9,0,0,E5,90,,,,,,,,,,,,
616,8050cb81-30bf-47a6-4b0f-a892199e19c8,TCI #1 2023 AGE Interclub Trampoline Championships,,TRA,13-14 Years Female,Qualification,1,,7,TRUE,8,63300,0,99,0,,1,0,Hewitson,Aria,Christchurch School of Gymnastics,01/01/0001,,2,31700,9,0,0,E8,90,,,,,,,,,,,,
617,8050cb81-30bf-47a6-4b0f-a892199e19c8,TCI #1 2023 AGE Interclub Trampoline Championships,,TRA,13-14 Years Female,Qualification,1,,7,TRUE,8,63300,0,99,0,,1,0,Hewitson,Aria,Christchurch School of Gymnastics,01/01/0001,,2,31700,9,0,0,E∑,19700,5,5,4,6,6,5,4,5,5,0,0,0
618,8050cb81-30bf-47a6-4b0f-a892199e19c8,TCI #1 2023 AGE Interclub Trampoline Championships,,TRA,13-14 Years Female,Qualification,1,,7,TRUE,8,63300,0,99,0,,1,0,Hewitson,Aria,Christchurch School of Gymnastics,01/01/0001,,2,31700,9,0,0,T,0,,,,,,,,,,,,
619,8050cb81-30bf-47a6-4b0f-a892199e19c8,TCI #1 2023 AGE Interclub Trampoline Championships,,TRA,13-14 Years Female,Qualification,1,,7,TRUE,8,63300,0,99,0,,1,0,Hewitson,Aria,Christchurch School of Gymnastics,01/01/0001,,2,31700,9,0,0,D,35,0,,,,,,,,,,,
620,8050cb81-30bf-47a6-4b0f-a892199e19c8,TCI #1 2023 AGE Interclub Trampoline Championships,,TRA,13-14 Years Female,Qualification,1,,7,TRUE,8,63300,0,99,0,,1,0,Hewitson,Aria,Christchurch School of Gymnastics,01/01/0001,,2,31700,9,0,0,H,850,850,0,,,,,,,,,,
621,8050cb81-30bf-47a6-4b0f-a892199e19c8,TCI #1 2023 AGE Interclub Trampoline Championships,,TRA,13-14 Years Female,Qualification,1,,8,TRUE,3,69600,0,99,0,,1,0,Sillifant,Madison,Christchurch School of Gymnastics,01/01/0001,,1,33300,10,0,0,E1,80,2,2,2,1,2,2,3,2,2,2,0,0
622,8050cb81-30bf-47a6-4b0f-a892199e19c8,TCI #1 2023 AGE Interclub Trampoline Championships,,TRA,13-14 Years Female,Qualification,1,,8,TRUE,3,69600,0,99,0,,1,0,Sillifant,Madison,Christchurch School of Gymnastics,01/01/0001,,1,33300,10,0,0,E2,79,2,3,2,2,1,2,3,1,2,2,1,0
623,8050cb81-30bf-47a6-4b0f-a892199e19c8,TCI #1 2023 AGE Interclub Trampoline Championships,,TRA,13-14 Years Female,Qualification,1,,8,TRUE,3,69600,0,99,0,,1,0,Sillifant,Madison,Christchurch School of Gymnastics,01/01/0001,,1,33300,10,0,0,E3,75,3,3,3,2,2,2,3,2,2,3,0,0
624,8050cb81-30bf-47a6-4b0f-a892199e19c8,TCI #1 2023 AGE Interclub Trampoline Championships,,TRA,13-14 Years Female,Qualification,1,,8,TRUE,3,69600,0,99,0,,1,0,Sillifant,Madison,Christchurch School of Gymnastics,01/01/0001,,1,33300,10,0,0,E4,100,,,,,,,,,,,,
625,8050cb81-30bf-47a6-4b0f-a892199e19c8,TCI #1 2023 AGE Interclub Trampoline Championships,,TRA,13-14 Years Female,Qualification,1,,8,TRUE,3,69600,0,99,0,,1,0,Sillifant,Madison,Christchurch School of Gymnastics,01/01/0001,,1,33300,10,0,0,E5,100,,,,,,,,,,,,
626,8050cb81-30bf-47a6-4b0f-a892199e19c8,TCI #1 2023 AGE Interclub Trampoline Championships,,TRA,13-14 Years Female,Qualification,1,,8,TRUE,3,69600,0,99,0,,1,0,Sillifant,Madison,Christchurch School of Gymnastics,01/01/0001,,1,33300,10,0,0,E8,100,,,,,,,,,,,,
627,8050cb81-30bf-47a6-4b0f-a892199e19c8,TCI #1 2023 AGE Interclub Trampoline Championships,,TRA,13-14 Years Female,Qualification,1,,8,TRUE,3,69600,0,99,0,,1,0,Sillifant,Madison,Christchurch School of Gymnastics,01/01/0001,,1,33300,10,0,0,E∑,23400,4,5,4,3,3,4,6,3,4,4,0,0
628,8050cb81-30bf-47a6-4b0f-a892199e19c8,TCI #1 2023 AGE Interclub Trampoline Championships,,TRA,13-14 Years Female,Qualification,1,,8,TRUE,3,69600,0,99,0,,1,0,Sillifant,Madison,Christchurch School of Gymnastics,01/01/0001,,1,33300,10,0,0,T,0,,,,,,,,,,,,
629,8050cb81-30bf-47a6-4b0f-a892199e19c8,TCI #1 2023 AGE Interclub Trampoline Championships,,TRA,13-14 Years Female,Qualification,1,,8,TRUE,3,69600,0,99,0,,1,0,Sillifant,Madison,Christchurch School of Gymnastics,01/01/0001,,1,33300,10,0,0,D,0,0,,,,,,,,,,,
630,8050cb81-30bf-47a6-4b0f-a892199e19c8,TCI #1 2023 AGE Interclub Trampoline Championships,,TRA,13-14 Years Female,Qualification,1,,8,TRUE,3,69600,0,99,0,,1,0,Sillifant,Madison,Christchurch School of Gymnastics,01/01/0001,,1,33300,10,0,0,H,990,990,0,,,,,,,,,,
631,8050cb81-30bf-47a6-4b0f-a892199e19c8,TCI #1 2023 AGE Interclub Trampoline Championships,,TRA,13-14 Years Female,Qualification,1,,8,TRUE,3,69600,0,99,0,,1,0,Sillifant,Madison,Christchurch School of Gymnastics,01/01/0001,,2,36300,10,0,0,E1,77,2,3,3,3,2,2,2,2,2,2,0,0
632,8050cb81-30bf-47a6-4b0f-a892199e19c8,TCI #1 2023 AGE Interclub Trampoline Championships,,TRA,13-14 Years Female,Qualification,1,,8,TRUE,3,69600,0,99,0,,1,0,Sillifant,Madison,Christchurch School of Gymnastics,01/01/0001,,2,36300,10,0,0,E2,73,3,3,2,2,3,2,2,3,2,3,2,0
633,8050cb81-30bf-47a6-4b0f-a892199e19c8,TCI #1 2023 AGE Interclub Trampoline Championships,,TRA,13-14 Years Female,Qualification,1,,8,TRUE,3,69600,0,99,0,,1,0,Sillifant,Madison,Christchurch School of Gymnastics,01/01/0001,,2,36300,10,0,0,E3,75,2,3,2,2,3,3,3,3,2,2,0,0
634,8050cb81-30bf-47a6-4b0f-a892199e19c8,TCI #1 2023 AGE Interclub Trampoline Championships,,TRA,13-14 Years Female,Qualification,1,,8,TRUE,3,69600,0,99,0,,1,0,Sillifant,Madison,Christchurch School of Gymnastics,01/01/0001,,2,36300,10,0,0,E4,100,,,,,,,,,,,,
635,8050cb81-30bf-47a6-4b0f-a892199e19c8,TCI #1 2023 AGE Interclub Trampoline Championships,,TRA,13-14 Years Female,Qualification,1,,8,TRUE,3,69600,0,99,0,,1,0,Sillifant,Madison,Christchurch School of Gymnastics,01/01/0001,,2,36300,10,0,0,E5,100,,,,,,,,,,,,
636,8050cb81-30bf-47a6-4b0f-a892199e19c8,TCI #1 2023 AGE Interclub Trampoline Championships,,TRA,13-14 Years Female,Qualification,1,,8,TRUE,3,69600,0,99,0,,1,0,Sillifant,Madison,Christchurch School of Gymnastics,01/01/0001,,2,36300,10,0,0,E8,100,,,,,,,,,,,,
637,8050cb81-30bf-47a6-4b0f-a892199e19c8,TCI #1 2023 AGE Interclub Trampoline Championships,,TRA,13-14 Years Female,Qualification,1,,8,TRUE,3,69600,0,99,0,,1,0,Sillifant,Madison,Christchurch School of Gymnastics,01/01/0001,,2,36300,10,0,0,E∑,22500,4,6,4,4,5,4,4,5,4,4,0,0
638,8050cb81-30bf-47a6-4b0f-a892199e19c8,TCI #1 2023 AGE Interclub Trampoline Championships,,TRA,13-14 Years Female,Qualification,1,,8,TRUE,3,69600,0,99,0,,1,0,Sillifant,Madison,Christchurch School of Gymnastics,01/01/0001,,2,36300,10,0,0,T,0,,,,,,,,,,,,
639,8050cb81-30bf-47a6-4b0f-a892199e19c8,TCI #1 2023 AGE Interclub Trampoline Championships,,TRA,13-14 Years Female,Qualification,1,,8,TRUE,3,69600,0,99,0,,1,0,Sillifant,Madison,Christchurch School of Gymnastics,01/01/0001,,2,36300,10,0,0,D,41,0,,,,,,,,,,,
640,8050cb81-30bf-47a6-4b0f-a892199e19c8,TCI #1 2023 AGE Interclub Trampoline Championships,,TRA,13-14 Years Female,Qualification,1,,8,TRUE,3,69600,0,99,0,,1,0,Sillifant,Madison,Christchurch School of Gymnastics,01/01/0001,,2,36300,10,0,0,H,970,970,0,,,,,,,,,,
641,8050cb81-30bf-47a6-4b0f-a892199e19c8,TCI #1 2023 AGE Interclub Trampoline Championships,,TRA,13-14 Years Female,Qualification,1,,9,TRUE,7,64900,0,99,0,,1,0,Brysterbeld,Kloe,ICE Gymsports North Canterbury,01/01/0001,,1,31100,10,0,0,E1,71,4,3,3,3,3,3,2,2,2,3,1,0
642,8050cb81-30bf-47a6-4b0f-a892199e19c8,TCI #1 2023 AGE Interclub Trampoline Championships,,TRA,13-14 Years Female,Qualification,1,,9,TRUE,7,64900,0,99,0,,1,0,Brysterbeld,Kloe,ICE Gymsports North Canterbury,01/01/0001,,1,31100,10,0,0,E2,72,3,2,3,3,3,3,2,3,2,3,1,0
643,8050cb81-30bf-47a6-4b0f-a892199e19c8,TCI #1 2023 AGE Interclub Trampoline Championships,,TRA,13-14 Years Female,Qualification,1,,9,TRUE,7,64900,0,99,0,,1,0,Brysterbeld,Kloe,ICE Gymsports North Canterbury,01/01/0001,,1,31100,10,0,0,E3,70,2,3,3,4,3,3,3,3,3,3,0,0
644,8050cb81-30bf-47a6-4b0f-a892199e19c8,TCI #1 2023 AGE Interclub Trampoline Championships,,TRA,13-14 Years Female,Qualification,1,,9,TRUE,7,64900,0,99,0,,1,0,Brysterbeld,Kloe,ICE Gymsports North Canterbury,01/01/0001,,1,31100,10,0,0,E4,100,,,,,,,,,,,,
645,8050cb81-30bf-47a6-4b0f-a892199e19c8,TCI #1 2023 AGE Interclub Trampoline Championships,,TRA,13-14 Years Female,Qualification,1,,9,TRUE,7,64900,0,99,0,,1,0,Brysterbeld,Kloe,ICE Gymsports North Canterbury,01/01/0001,,1,31100,10,0,0,E5,100,,,,,,,,,,,,
646,8050cb81-30bf-47a6-4b0f-a892199e19c8,TCI #1 2023 AGE Interclub Trampoline Championships,,TRA,13-14 Years Female,Qualification,1,,9,TRUE,7,64900,0,99,0,,1,0,Brysterbeld,Kloe,ICE Gymsports North Canterbury,01/01/0001,,1,31100,10,0,0,E8,100,,,,,,,,,,,,
647,8050cb81-30bf-47a6-4b0f-a892199e19c8,TCI #1 2023 AGE Interclub Trampoline Championships,,TRA,13-14 Years Female,Qualification,1,,9,TRUE,7,64900,0,99,0,,1,0,Brysterbeld,Kloe,ICE Gymsports North Canterbury,01/01/0001,,1,31100,10,0,0,E∑,21300,5,5,6,6,6,6,4,5,4,6,1,0
648,8050cb81-30bf-47a6-4b0f-a892199e19c8,TCI #1 2023 AGE Interclub Trampoline Championships,,TRA,13-14 Years Female,Qualification,1,,9,TRUE,7,64900,0,99,0,,1,0,Brysterbeld,Kloe,ICE Gymsports North Canterbury,01/01/0001,,1,31100,10,0,0,T,0,,,,,,,,,,,,
649,8050cb81-30bf-47a6-4b0f-a892199e19c8,TCI #1 2023 AGE Interclub Trampoline Championships,,TRA,13-14 Years Female,Qualification,1,,9,TRUE,7,64900,0,99,0,,1,0,Brysterbeld,Kloe,ICE Gymsports North Canterbury,01/01/0001,,1,31100,10,0,0,D,0,0,,,,,,,,,,,
650,8050cb81-30bf-47a6-4b0f-a892199e19c8,TCI #1 2023 AGE Interclub Trampoline Championships,,TRA,13-14 Years Female,Qualification,1,,9,TRUE,7,64900,0,99,0,,1,0,Brysterbeld,Kloe,ICE Gymsports North Canterbury,01/01/0001,,1,31100,10,0,0,H,980,980,0,,,,,,,,,,
651,8050cb81-30bf-47a6-4b0f-a892199e19c8,TCI #1 2023 AGE Interclub Trampoline Championships,,TRA,13-14 Years Female,Qualification,1,,9,TRUE,7,64900,0,99,0,,1,0,Brysterbeld,Kloe,ICE Gymsports North Canterbury,01/01/0001,,2,33800,10,0,0,E1,74,2,2,2,2,3,3,2,3,2,3,2,0
652,8050cb81-30bf-47a6-4b0f-a892199e19c8,TCI #1 2023 AGE Interclub Trampoline Championships,,TRA,13-14 Years Female,Qualification,1,,9,TRUE,7,64900,0,99,0,,1,0,Brysterbeld,Kloe,ICE Gymsports North Canterbury,01/01/0001,,2,33800,10,0,0,E2,73,2,2,3,2,2,2,3,3,3,3,2,0
653,8050cb81-30bf-47a6-4b0f-a892199e19c8,TCI #1 2023 AGE Interclub Trampoline Championships,,TRA,13-14 Years Female,Qualification,1,,9,TRUE,7,64900,0,99,0,,1,0,Brysterbeld,Kloe,ICE Gymsports North Canterbury,01/01/0001,,2,33800,10,0,0,E3,71,3,3,3,3,2,2,3,2,3,3,2,0
654,8050cb81-30bf-47a6-4b0f-a892199e19c8,TCI #1 2023 AGE Interclub Trampoline Championships,,TRA,13-14 Years Female,Qualification,1,,9,TRUE,7,64900,0,99,0,,1,0,Brysterbeld,Kloe,ICE Gymsports North Canterbury,01/01/0001,,2,33800,10,0,0,E4,100,,,,,,,,,,,,
655,8050cb81-30bf-47a6-4b0f-a892199e19c8,TCI #1 2023 AGE Interclub Trampoline Championships,,TRA,13-14 Years Female,Qualification,1,,9,TRUE,7,64900,0,99,0,,1,0,Brysterbeld,Kloe,ICE Gymsports North Canterbury,01/01/0001,,2,33800,10,0,0,E5,100,,,,,,,,,,,,
656,8050cb81-30bf-47a6-4b0f-a892199e19c8,TCI #1 2023 AGE Interclub Trampoline Championships,,TRA,13-14 Years Female,Qualification,1,,9,TRUE,7,64900,0,99,0,,1,0,Brysterbeld,Kloe,ICE Gymsports North Canterbury,01/01/0001,,2,33800,10,0,0,E8,100,,,,,,,,,,,,
657,8050cb81-30bf-47a6-4b0f-a892199e19c8,TCI #1 2023 AGE Interclub Trampoline Championships,,TRA,13-14 Years Female,Qualification,1,,9,TRUE,7,64900,0,99,0,,1,0,Brysterbeld,Kloe,ICE Gymsports North Canterbury,01/01/0001,,2,33800,10,0,0,E∑,21800,4,4,5,4,4,4,5,5,5,6,4,0
658,8050cb81-30bf-47a6-4b0f-a892199e19c8,TCI #1 2023 AGE Interclub Trampoline Championships,,TRA,13-14 Years Female,Qualification,1,,9,TRUE,7,64900,0,99,0,,1,0,Brysterbeld,Kloe,ICE Gymsports North Canterbury,01/01/0001,,2,33800,10,0,0,T,0,,,,,,,,,,,,
659,8050cb81-30bf-47a6-4b0f-a892199e19c8,TCI #1 2023 AGE Interclub Trampoline Championships,,TRA,13-14 Years Female,Qualification,1,,9,TRUE,7,64900,0,99,0,,1,0,Brysterbeld,Kloe,ICE Gymsports North Canterbury,01/01/0001,,2,33800,10,0,0,D,21,0,,,,,,,,,,,
660,8050cb81-30bf-47a6-4b0f-a892199e19c8,TCI #1 2023 AGE Interclub Trampoline Championships,,TRA,13-14 Years Female,Qualification,1,,9,TRUE,7,64900,0,99,0,,1,0,Brysterbeld,Kloe,ICE Gymsports North Canterbury,01/01/0001,,2,33800,10,0,0,H,990,990,0,,,,,,,,,,
661,8050cb81-30bf-47a6-4b0f-a892199e19c8,TCI #1 2023 AGE Interclub Trampoline Championships,,TRA,8 & Under Years Female,Qualification,1,,1,TRUE,2,59700,0,99,0,,1,0,Norrie,Bella,ICE Gymsports North Canterbury,01/01/0001,,1,28400,9,0,0,E1,64,3,3,3,3,3,3,2,3,3,,,0
662,8050cb81-30bf-47a6-4b0f-a892199e19c8,TCI #1 2023 AGE Interclub Trampoline Championships,,TRA,8 & Under Years Female,Qualification,1,,1,TRUE,2,59700,0,99,0,,1,0,Norrie,Bella,ICE Gymsports North Canterbury,01/01/0001,,1,28400,9,0,0,E2,67,3,2,2,3,2,3,2,3,3,,,0
663,8050cb81-30bf-47a6-4b0f-a892199e19c8,TCI #1 2023 AGE Interclub Trampoline Championships,,TRA,8 & Under Years Female,Qualification,1,,1,TRUE,2,59700,0,99,0,,1,0,Norrie,Bella,ICE Gymsports North Canterbury,01/01/0001,,1,28400,9,0,0,E3,65,3,3,3,3,3,3,2,2,3,,,0
664,8050cb81-30bf-47a6-4b0f-a892199e19c8,TCI #1 2023 AGE Interclub Trampoline Championships,,TRA,8 & Under Years Female,Qualification,1,,1,TRUE,2,59700,0,99,0,,1,0,Norrie,Bella,ICE Gymsports North Canterbury,01/01/0001,,1,28400,9,0,0,E4,90,,,,,,,,,,,,
665,8050cb81-30bf-47a6-4b0f-a892199e19c8,TCI #1 2023 AGE Interclub Trampoline Championships,,TRA,8 & Under Years Female,Qualification,1,,1,TRUE,2,59700,0,99,0,,1,0,Norrie,Bella,ICE Gymsports North Canterbury,01/01/0001,,1,28400,9,0,0,E5,90,,,,,,,,,,,,
666,8050cb81-30bf-47a6-4b0f-a892199e19c8,TCI #1 2023 AGE Interclub Trampoline Championships,,TRA,8 & Under Years Female,Qualification,1,,1,TRUE,2,59700,0,99,0,,1,0,Norrie,Bella,ICE Gymsports North Canterbury,01/01/0001,,1,28400,9,0,0,E8,90,,,,,,,,,,,,
667,8050cb81-30bf-47a6-4b0f-a892199e19c8,TCI #1 2023 AGE Interclub Trampoline Championships,,TRA,8 & Under Years Female,Qualification,1,,1,TRUE,2,59700,0,99,0,,1,0,Norrie,Bella,ICE Gymsports North Canterbury,01/01/0001,,1,28400,9,0,0,E∑,19600,6,5,5,6,5,6,4,5,6,0,0,0
668,8050cb81-30bf-47a6-4b0f-a892199e19c8,TCI #1 2023 AGE Interclub Trampoline Championships,,TRA,8 & Under Years Female,Qualification,1,,1,TRUE,2,59700,0,99,0,,1,0,Norrie,Bella,ICE Gymsports North Canterbury,01/01/0001,,1,28400,9,0,0,T,0,,,,,,,,,,,,
669,8050cb81-30bf-47a6-4b0f-a892199e19c8,TCI #1 2023 AGE Interclub Trampoline Championships,,TRA,8 & Under Years Female,Qualification,1,,1,TRUE,2,59700,0,99,0,,1,0,Norrie,Bella,ICE Gymsports North Canterbury,01/01/0001,,1,28400,9,0,0,D,0,0,,,,,,,,,,,
670,8050cb81-30bf-47a6-4b0f-a892199e19c8,TCI #1 2023 AGE Interclub Trampoline Championships,,TRA,8 & Under Years Female,Qualification,1,,1,TRUE,2,59700,0,99,0,,1,0,Norrie,Bella,ICE Gymsports North Canterbury,01/01/0001,,1,28400,9,0,0,H,880,880,0,,,,,,,,,,
671,8050cb81-30bf-47a6-4b0f-a892199e19c8,TCI #1 2023 AGE Interclub Trampoline Championships,,TRA,8 & Under Years Female,Qualification,1,,1,TRUE,2,59700,0,99,0,,1,0,Norrie,Bella,ICE Gymsports North Canterbury,01/01/0001,,2,31300,10,0,0,E1,69,2,3,3,4,3,3,4,3,3,3,0,0
672,8050cb81-30bf-47a6-4b0f-a892199e19c8,TCI #1 2023 AGE Interclub Trampoline Championships,,TRA,8 & Under Years Female,Qualification,1,,1,TRUE,2,59700,0,99,0,,1,0,Norrie,Bella,ICE Gymsports North Canterbury,01/01/0001,,2,31300,10,0,0,E2,72,2,3,2,3,3,3,3,3,3,3,0,0
673,8050cb81-30bf-47a6-4b0f-a892199e19c8,TCI #1 2023 AGE Interclub Trampoline Championships,,TRA,8 & Under Years Female,Qualification,1,,1,TRUE,2,59700,0,99,0,,1,0,Norrie,Bella,ICE Gymsports North Canterbury,01/01/0001,,2,31300,10,0,0,E3,69,3,3,3,4,3,3,3,3,3,3,0,0
674,8050cb81-30bf-47a6-4b0f-a892199e19c8,TCI #1 2023 AGE Interclub Trampoline Championships,,TRA,8 & Under Years Female,Qualification,1,,1,TRUE,2,59700,0,99,0,,1,0,Norrie,Bella,ICE Gymsports North Canterbury,01/01/0001,,2,31300,10,0,0,E4,100,,,,,,,,,,,,
675,8050cb81-30bf-47a6-4b0f-a892199e19c8,TCI #1 2023 AGE Interclub Trampoline Championships,,TRA,8 & Under Years Female,Qualification,1,,1,TRUE,2,59700,0,99,0,,1,0,Norrie,Bella,ICE Gymsports North Canterbury,01/01/0001,,2,31300,10,0,0,E5,100,,,,,,,,,,,,
676,8050cb81-30bf-47a6-4b0f-a892199e19c8,TCI #1 2023 AGE Interclub Trampoline Championships,,TRA,8 & Under Years Female,Qualification,1,,1,TRUE,2,59700,0,99,0,,1,0,Norrie,Bella,ICE Gymsports North Canterbury,01/01/0001,,2,31300,10,0,0,E8,100,,,,,,,,,,,,
677,8050cb81-30bf-47a6-4b0f-a892199e19c8,TCI #1 2023 AGE Interclub Trampoline Championships,,TRA,8 & Under Years Female,Qualification,1,,1,TRUE,2,59700,0,99,0,,1,0,Norrie,Bella,ICE Gymsports North Canterbury,01/01/0001,,2,31300,10,0,0,E∑,21000,4,6,5,7,6,6,6,6,6,6,0,0
678,8050cb81-30bf-47a6-4b0f-a892199e19c8,TCI #1 2023 AGE Interclub Trampoline Championships,,TRA,8 & Under Years Female,Qualification,1,,1,TRUE,2,59700,0,99,0,,1,0,Norrie,Bella,ICE Gymsports North Canterbury,01/01/0001,,2,31300,10,0,0,T,0,,,,,,,,,,,,
679,8050cb81-30bf-47a6-4b0f-a892199e19c8,TCI #1 2023 AGE Interclub Trampoline Championships,,TRA,8 & Under Years Female,Qualification,1,,1,TRUE,2,59700,0,99,0,,1,0,Norrie,Bella,ICE Gymsports North Canterbury,01/01/0001,,2,31300,10,0,0,D,7,0,,,,,,,,,,,
680,8050cb81-30bf-47a6-4b0f-a892199e19c8,TCI #1 2023 AGE Interclub Trampoline Championships,,TRA,8 & Under Years Female,Qualification,1,,1,TRUE,2,59700,0,99,0,,1,0,Norrie,Bella,ICE Gymsports North Canterbury,01/01/0001,,2,31300,10,0,0,H,960,960,0,,,,,,,,,,
681,8050cb81-30bf-47a6-4b0f-a892199e19c8,TCI #1 2023 AGE Interclub Trampoline Championships,,TRA,8 & Under Years Female,Qualification,1,,2,TRUE,1,67800,0,99,0,,1,0,Kundycki,Karia,Christchurch School of Gymnastics,01/01/0001,,1,33400,10,0,0,E1,75,2,2,2,2,3,3,2,3,3,3,0,0
682,8050cb81-30bf-47a6-4b0f-a892199e19c8,TCI #1 2023 AGE Interclub Trampoline Championships,,TRA,8 & Under Years Female,Qualification,1,,2,TRUE,1,67800,0,99,0,,1,0,Kundycki,Karia,Christchurch School of Gymnastics,01/01/0001,,1,33400,10,0,0,E2,77,2,2,2,3,2,3,2,2,2,3,0,0
683,8050cb81-30bf-47a6-4b0f-a892199e19c8,TCI #1 2023 AGE Interclub Trampoline Championships,,TRA,8 & Under Years Female,Qualification,1,,2,TRUE,1,67800,0,99,0,,1,0,Kundycki,Karia,Christchurch School of Gymnastics,01/01/0001,,1,33400,10,0,0,E3,82,2,2,2,2,2,2,1,1,2,2,0,0
684,8050cb81-30bf-47a6-4b0f-a892199e19c8,TCI #1 2023 AGE Interclub Trampoline Championships,,TRA,8 & Under Years Female,Qualification,1,,2,TRUE,1,67800,0,99,0,,1,0,Kundycki,Karia,Christchurch School of Gymnastics,01/01/0001,,1,33400,10,0,0,E4,100,,,,,,,,,,,,
685,8050cb81-30bf-47a6-4b0f-a892199e19c8,TCI #1 2023 AGE Interclub Trampoline Championships,,TRA,8 & Under Years Female,Qualification,1,,2,TRUE,1,67800,0,99,0,,1,0,Kundycki,Karia,Christchurch School of Gymnastics,01/01/0001,,1,33400,10,0,0,E5,100,,,,,,,,,,,,
686,8050cb81-30bf-47a6-4b0f-a892199e19c8,TCI #1 2023 AGE Interclub Trampoline Championships,,TRA,8 & Under Years Female,Qualification,1,,2,TRUE,1,67800,0,99,0,,1,0,Kundycki,Karia,Christchurch School of Gymnastics,01/01/0001,,1,33400,10,0,0,E8,100,,,,,,,,,,,,
687,8050cb81-30bf-47a6-4b0f-a892199e19c8,TCI #1 2023 AGE Interclub Trampoline Championships,,TRA,8 & Under Years Female,Qualification,1,,2,TRUE,1,67800,0,99,0,,1,0,Kundycki,Karia,Christchurch School of Gymnastics,01/01/0001,,1,33400,10,0,0,E∑,23400,4,4,4,4,4,5,3,3,4,5,0,0
688,8050cb81-30bf-47a6-4b0f-a892199e19c8,TCI #1 2023 AGE Interclub Trampoline Championships,,TRA,8 & Under Years Female,Qualification,1,,2,TRUE,1,67800,0,99,0,,1,0,Kundycki,Karia,Christchurch School of Gymnastics,01/01/0001,,1,33400,10,0,0,T,0,,,,,,,,,,,,
689,8050cb81-30bf-47a6-4b0f-a892199e19c8,TCI #1 2023 AGE Interclub Trampoline Championships,,TRA,8 & Under Years Female,Qualification,1,,2,TRUE,1,67800,0,99,0,,1,0,Kundycki,Karia,Christchurch School of Gymnastics,01/01/0001,,1,33400,10,0,0,D,0,0,,,,,,,,,,,
690,8050cb81-30bf-47a6-4b0f-a892199e19c8,TCI #1 2023 AGE Interclub Trampoline Championships,,TRA,8 & Under Years Female,Qualification,1,,2,TRUE,1,67800,0,99,0,,1,0,Kundycki,Karia,Christchurch School of Gymnastics,01/01/0001,,1,33400,10,0,0,H,1000,1000,0,,,,,,,,,,
691,8050cb81-30bf-47a6-4b0f-a892199e19c8,TCI #1 2023 AGE Interclub Trampoline Championships,,TRA,8 & Under Years Female,Qualification,1,,2,TRUE,1,67800,0,99,0,,1,0,Kundycki,Karia,Christchurch School of Gymnastics,01/01/0001,,2,34400,10,0,0,E1,69,3,3,4,2,3,3,4,3,2,3,1,0
692,8050cb81-30bf-47a6-4b0f-a892199e19c8,TCI #1 2023 AGE Interclub Trampoline Championships,,TRA,8 & Under Years Female,Qualification,1,,2,TRUE,1,67800,0,99,0,,1,0,Kundycki,Karia,Christchurch School of Gymnastics,01/01/0001,,2,34400,10,0,0,E2,74,3,2,3,2,3,3,3,3,2,2,0,0
693,8050cb81-30bf-47a6-4b0f-a892199e19c8,TCI #1 2023 AGE Interclub Trampoline Championships,,TRA,8 & Under Years Female,Qualification,1,,2,TRUE,1,67800,0,99,0,,1,0,Kundycki,Karia,Christchurch School of Gymnastics,01/01/0001,,2,34400,10,0,0,E3,74,3,2,3,2,3,3,3,2,1,3,1,0
694,8050cb81-30bf-47a6-4b0f-a892199e19c8,TCI #1 2023 AGE Interclub Trampoline Championships,,TRA,8 & Under Years Female,Qualification,1,,2,TRUE,1,67800,0,99,0,,1,0,Kundycki,Karia,Christchurch School of Gymnastics,01/01/0001,,2,34400,10,0,0,E4,100,,,,,,,,,,,,
695,8050cb81-30bf-47a6-4b0f-a892199e19c8,TCI #1 2023 AGE Interclub Trampoline Championships,,TRA,8 & Under Years Female,Qualification,1,,2,TRUE,1,67800,0,99,0,,1,0,Kundycki,Karia,Christchurch School of Gymnastics,01/01/0001,,2,34400,10,0,0,E5,100,,,,,,,,,,,,
696,8050cb81-30bf-47a6-4b0f-a892199e19c8,TCI #1 2023 AGE Interclub Trampoline Championships,,TRA,8 & Under Years Female,Qualification,1,,2,TRUE,1,67800,0,99,0,,1,0,Kundycki,Karia,Christchurch School of Gymnastics,01/01/0001,,2,34400,10,0,0,E8,100,,,,,,,,,,,,
697,8050cb81-30bf-47a6-4b0f-a892199e19c8,TCI #1 2023 AGE Interclub Trampoline Championships,,TRA,8 & Under Years Female,Qualification,1,,2,TRUE,1,67800,0,99,0,,1,0,Kundycki,Karia,Christchurch School of Gymnastics,01/01/0001,,2,34400,10,0,0,E∑,21700,6,4,6,4,6,6,6,5,3,5,1,0
698,8050cb81-30bf-47a6-4b0f-a892199e19c8,TCI #1 2023 AGE Interclub Trampoline Championships,,TRA,8 & Under Years Female,Qualification,1,,2,TRUE,1,67800,0,99,0,,1,0,Kundycki,Karia,Christchurch School of Gymnastics,01/01/0001,,2,34400,10,0,0,T,0,,,,,,,,,,,,
699,8050cb81-30bf-47a6-4b0f-a892199e19c8,TCI #1 2023 AGE Interclub Trampoline Championships,,TRA,8 & Under Years Female,Qualification,1,,2,TRUE,1,67800,0,99,0,,1,0,Kundycki,Karia,Christchurch School of Gymnastics,01/01/0001,,2,34400,10,0,0,D,30,0,,,,,,,,,,,
700,8050cb81-30bf-47a6-4b0f-a892199e19c8,TCI #1 2023 AGE Interclub Trampoline Championships,,TRA,8 & Under Years Female,Qualification,1,,2,TRUE,1,67800,0,99,0,,1,0,Kundycki,Karia,Christchurch School of Gymnastics,01/01/0001,,2,34400,10,0,0,H,970,970,0,,,,,,,,,,
701,8050cb81-30bf-47a6-4b0f-a892199e19c8,TCI #1 2023 AGE Interclub Trampoline Championships,,TRA,8 & Under Years Female,Qualification,1,,3,TRUE,3,56800,0,99,0,,1,0,Laplanche,Meadow,Olympia,01/01/0001,,1,27500,9,0,0,E1,62,3,3,3,3,3,3,4,3,3,3,0,0
702,8050cb81-30bf-47a6-4b0f-a892199e19c8,TCI #1 2023 AGE Interclub Trampoline Championships,,TRA,8 & Under Years Female,Qualification,1,,3,TRUE,3,56800,0,99,0,,1,0,Laplanche,Meadow,Olympia,01/01/0001,,1,27500,9,0,0,E2,64,3,3,2,2,3,4,3,3,3,,,0
703,8050cb81-30bf-47a6-4b0f-a892199e19c8,TCI #1 2023 AGE Interclub Trampoline Championships,,TRA,8 & Under Years Female,Qualification,1,,3,TRUE,3,56800,0,99,0,,1,0,Laplanche,Meadow,Olympia,01/01/0001,,1,27500,9,0,0,E3,64,4,3,2,2,3,3,3,3,3,,,0
704,8050cb81-30bf-47a6-4b0f-a892199e19c8,TCI #1 2023 AGE Interclub Trampoline Championships,,TRA,8 & Under Years Female,Qualification,1,,3,TRUE,3,56800,0,99,0,,1,0,Laplanche,Meadow,Olympia,01/01/0001,,1,27500,9,0,0,E4,90,,,,,,,,,,,,
705,8050cb81-30bf-47a6-4b0f-a892199e19c8,TCI #1 2023 AGE Interclub Trampoline Championships,,TRA,8 & Under Years Female,Qualification,1,,3,TRUE,3,56800,0,99,0,,1,0,Laplanche,Meadow,Olympia,01/01/0001,,1,27500,9,0,0,E5,90,,,,,,,,,,,,
706,8050cb81-30bf-47a6-4b0f-a892199e19c8,TCI #1 2023 AGE Interclub Trampoline Championships,,TRA,8 & Under Years Female,Qualification,1,,3,TRUE,3,56800,0,99,0,,1,0,Laplanche,Meadow,Olympia,01/01/0001,,1,27500,9,0,0,E8,90,,,,,,,,,,,,
707,8050cb81-30bf-47a6-4b0f-a892199e19c8,TCI #1 2023 AGE Interclub Trampoline Championships,,TRA,8 & Under Years Female,Qualification,1,,3,TRUE,3,56800,0,99,0,,1,0,Laplanche,Meadow,Olympia,01/01/0001,,1,27500,9,0,0,E∑,19000,6,6,4,4,6,6,6,6,6,0,0,0
708,8050cb81-30bf-47a6-4b0f-a892199e19c8,TCI #1 2023 AGE Interclub Trampoline Championships,,TRA,8 & Under Years Female,Qualification,1,,3,TRUE,3,56800,0,99,0,,1,0,Laplanche,Meadow,Olympia,01/01/0001,,1,27500,9,0,0,T,0,,,,,,,,,,,,
709,8050cb81-30bf-47a6-4b0f-a892199e19c8,TCI #1 2023 AGE Interclub Trampoline Championships,,TRA,8 & Under Years Female,Qualification,1,,3,TRUE,3,56800,0,99,0,,1,0,Laplanche,Meadow,Olympia,01/01/0001,,1,27500,9,0,0,D,0,0,,,,,,,,,,,
710,8050cb81-30bf-47a6-4b0f-a892199e19c8,TCI #1 2023 AGE Interclub Trampoline Championships,,TRA,8 & Under Years Female,Qualification,1,,3,TRUE,3,56800,0,99,0,,1,0,Laplanche,Meadow,Olympia,01/01/0001,,1,27500,9,0,0,H,850,850,0,,,,,,,,,,
711,8050cb81-30bf-47a6-4b0f-a892199e19c8,TCI #1 2023 AGE Interclub Trampoline Championships,,TRA,8 & Under Years Female,Qualification,1,,3,TRUE,3,56800,0,99,0,,1,0,Laplanche,Meadow,Olympia,01/01/0001,,2,29300,10,0,0,E1,63,3,3,3,3,3,3,4,3,4,5,3,0
712,8050cb81-30bf-47a6-4b0f-a892199e19c8,TCI #1 2023 AGE Interclub Trampoline Championships,,TRA,8 & Under Years Female,Qualification,1,,3,TRUE,3,56800,0,99,0,,1,0,Laplanche,Meadow,Olympia,01/01/0001,,2,29300,10,0,0,E2,64,3,3,3,3,3,3,3,4,3,5,3,0
713,8050cb81-30bf-47a6-4b0f-a892199e19c8,TCI #1 2023 AGE Interclub Trampoline Championships,,TRA,8 & Under Years Female,Qualification,1,,3,TRUE,3,56800,0,99,0,,1,0,Laplanche,Meadow,Olympia,01/01/0001,,2,29300,10,0,0,E3,62,3,3,3,3,3,4,3,4,4,5,3,0
714,8050cb81-30bf-47a6-4b0f-a892199e19c8,TCI #1 2023 AGE Interclub Trampoline Championships,,TRA,8 & Under Years Female,Qualification,1,,3,TRUE,3,56800,0,99,0,,1,0,Laplanche,Meadow,Olympia,01/01/0001,,2,29300,10,0,0,E4,100,,,,,,,,,,,,
715,8050cb81-30bf-47a6-4b0f-a892199e19c8,TCI #1 2023 AGE Interclub Trampoline Championships,,TRA,8 & Under Years Female,Qualification,1,,3,TRUE,3,56800,0,99,0,,1,0,Laplanche,Meadow,Olympia,01/01/0001,,2,29300,10,0,0,E5,100,,,,,,,,,,,,
716,8050cb81-30bf-47a6-4b0f-a892199e19c8,TCI #1 2023 AGE Interclub Trampoline Championships,,TRA,8 & Under Years Female,Qualification,1,,3,TRUE,3,56800,0,99,0,,1,0,Laplanche,Meadow,Olympia,01/01/0001,,2,29300,10,0,0,E8,100,,,,,,,,,,,,
717,8050cb81-30bf-47a6-4b0f-a892199e19c8,TCI #1 2023 AGE Interclub Trampoline Championships,,TRA,8 & Under Years Female,Qualification,1,,3,TRUE,3,56800,0,99,0,,1,0,Laplanche,Meadow,Olympia,01/01/0001,,2,29300,10,0,0,E∑,18900,6,6,6,6,6,6,6,7,7,10,6,0
718,8050cb81-30bf-47a6-4b0f-a892199e19c8,TCI #1 2023 AGE Interclub Trampoline Championships,,TRA,8 & Under Years Female,Qualification,1,,3,TRUE,3,56800,0,99,0,,1,0,Laplanche,Meadow,Olympia,01/01/0001,,2,29300,10,0,0,T,0,,,,,,,,,,,,
719,8050cb81-30bf-47a6-4b0f-a892199e19c8,TCI #1 2023 AGE Interclub Trampoline Championships,,TRA,8 & Under Years Female,Qualification,1,,3,TRUE,3,56800,0,99,0,,1,0,Laplanche,Meadow,Olympia,01/01/0001,,2,29300,10,0,0,D,7,0,,,,,,,,,,,
720,8050cb81-30bf-47a6-4b0f-a892199e19c8,TCI #1 2023 AGE Interclub Trampoline Championships,,TRA,8 & Under Years Female,Qualification,1,,3,TRUE,3,56800,0,99,0,,1,0,Laplanche,Meadow,Olympia,01/01/0001,,2,29300,10,0,0,H,970,970,0,,,,,,,,,,
721,8050cb81-30bf-47a6-4b0f-a892199e19c8,TCI #1 2023 AGE Interclub Trampoline Championships,,TRA,8 & Under Years Male,Qualification,1,,1,TRUE,1,67500,0,99,0,,1,0,Bysterveld,Neihana,ICE Gymsports North Canterbury,01/01/0001,,1,32500,10,0,0,E1,77,2,2,2,2,2,3,2,2,3,3,0,0
722,8050cb81-30bf-47a6-4b0f-a892199e19c8,TCI #1 2023 AGE Interclub Trampoline Championships,,TRA,8 & Under Years Male,Qualification,1,,1,TRUE,1,67500,0,99,0,,1,0,Bysterveld,Neihana,ICE Gymsports North Canterbury,01/01/0001,,1,32500,10,0,0,E2,73,3,2,2,3,3,3,2,3,3,3,0,0
723,8050cb81-30bf-47a6-4b0f-a892199e19c8,TCI #1 2023 AGE Interclub Trampoline Championships,,TRA,8 & Under Years Male,Qualification,1,,1,TRUE,1,67500,0,99,0,,1,0,Bysterveld,Neihana,ICE Gymsports North Canterbury,01/01/0001,,1,32500,10,0,0,E3,78,3,3,2,2,3,2,2,1,2,2,0,0
724,8050cb81-30bf-47a6-4b0f-a892199e19c8,TCI #1 2023 AGE Interclub Trampoline Championships,,TRA,8 & Under Years Male,Qualification,1,,1,TRUE,1,67500,0,99,0,,1,0,Bysterveld,Neihana,ICE Gymsports North Canterbury,01/01/0001,,1,32500,10,0,0,E4,100,,,,,,,,,,,,
725,8050cb81-30bf-47a6-4b0f-a892199e19c8,TCI #1 2023 AGE Interclub Trampoline Championships,,TRA,8 & Under Years Male,Qualification,1,,1,TRUE,1,67500,0,99,0,,1,0,Bysterveld,Neihana,ICE Gymsports North Canterbury,01/01/0001,,1,32500,10,0,0,E5,100,,,,,,,,,,,,
726,8050cb81-30bf-47a6-4b0f-a892199e19c8,TCI #1 2023 AGE Interclub Trampoline Championships,,TRA,8 & Under Years Male,Qualification,1,,1,TRUE,1,67500,0,99,0,,1,0,Bysterveld,Neihana,ICE Gymsports North Canterbury,01/01/0001,,1,32500,10,0,0,E8,100,,,,,,,,,,,,
727,8050cb81-30bf-47a6-4b0f-a892199e19c8,TCI #1 2023 AGE Interclub Trampoline Championships,,TRA,8 & Under Years Male,Qualification,1,,1,TRUE,1,67500,0,99,0,,1,0,Bysterveld,Neihana,ICE Gymsports North Canterbury,01/01/0001,,1,32500,10,0,0,E∑,22800,5,4,4,4,5,5,4,3,5,5,0,0
728,8050cb81-30bf-47a6-4b0f-a892199e19c8,TCI #1 2023 AGE Interclub Trampoline Championships,,TRA,8 & Under Years Male,Qualification,1,,1,TRUE,1,67500,0,99,0,,1,0,Bysterveld,Neihana,ICE Gymsports North Canterbury,01/01/0001,,1,32500,10,0,0,T,0,,,,,,,,,,,,
729,8050cb81-30bf-47a6-4b0f-a892199e19c8,TCI #1 2023 AGE Interclub Trampoline Championships,,TRA,8 & Under Years Male,Qualification,1,,1,TRUE,1,67500,0,99,0,,1,0,Bysterveld,Neihana,ICE Gymsports North Canterbury,01/01/0001,,1,32500,10,0,0,D,0,0,,,,,,,,,,,
730,8050cb81-30bf-47a6-4b0f-a892199e19c8,TCI #1 2023 AGE Interclub Trampoline Championships,,TRA,8 & Under Years Male,Qualification,1,,1,TRUE,1,67500,0,99,0,,1,0,Bysterveld,Neihana,ICE Gymsports North Canterbury,01/01/0001,,1,32500,10,0,0,H,970,970,0,,,,,,,,,,
731,8050cb81-30bf-47a6-4b0f-a892199e19c8,TCI #1 2023 AGE Interclub Trampoline Championships,,TRA,8 & Under Years Male,Qualification,1,,1,TRUE,1,67500,0,99,0,,1,0,Bysterveld,Neihana,ICE Gymsports North Canterbury,01/01/0001,,2,35000,10,0,0,E1,75,3,2,2,2,2,2,3,3,3,3,0,0
732,8050cb81-30bf-47a6-4b0f-a892199e19c8,TCI #1 2023 AGE Interclub Trampoline Championships,,TRA,8 & Under Years Male,Qualification,1,,1,TRUE,1,67500,0,99,0,,1,0,Bysterveld,Neihana,ICE Gymsports North Canterbury,01/01/0001,,2,35000,10,0,0,E2,73,3,3,2,3,3,2,3,3,3,2,0,0
733,8050cb81-30bf-47a6-4b0f-a892199e19c8,TCI #1 2023 AGE Interclub Trampoline Championships,,TRA,8 & Under Years Male,Qualification,1,,1,TRUE,1,67500,0,99,0,,1,0,Bysterveld,Neihana,ICE Gymsports North Canterbury,01/01/0001,,2,35000,10,0,0,E3,77,3,3,2,2,1,2,2,2,3,3,0,0
734,8050cb81-30bf-47a6-4b0f-a892199e19c8,TCI #1 2023 AGE Interclub Trampoline Championships,,TRA,8 & Under Years Male,Qualification,1,,1,TRUE,1,67500,0,99,0,,1,0,Bysterveld,Neihana,ICE Gymsports North Canterbury,01/01/0001,,2,35000,10,0,0,E4,100,,,,,,,,,,,,
735,8050cb81-30bf-47a6-4b0f-a892199e19c8,TCI #1 2023 AGE Interclub Trampoline Championships,,TRA,8 & Under Years Male,Qualification,1,,1,TRUE,1,67500,0,99,0,,1,0,Bysterveld,Neihana,ICE Gymsports North Canterbury,01/01/0001,,2,35000,10,0,0,E5,100,,,,,,,,,,,,
736,8050cb81-30bf-47a6-4b0f-a892199e19c8,TCI #1 2023 AGE Interclub Trampoline Championships,,TRA,8 & Under Years Male,Qualification,1,,1,TRUE,1,67500,0,99,0,,1,0,Bysterveld,Neihana,ICE Gymsports North Canterbury,01/01/0001,,2,35000,10,0,0,E8,100,,,,,,,,,,,,
737,8050cb81-30bf-47a6-4b0f-a892199e19c8,TCI #1 2023 AGE Interclub Trampoline Championships,,TRA,8 & Under Years Male,Qualification,1,,1,TRUE,1,67500,0,99,0,,1,0,Bysterveld,Neihana,ICE Gymsports North Canterbury,01/01/0001,,2,35000,10,0,0,E∑,22500,6,5,4,4,3,4,5,5,6,5,0,0
738,8050cb81-30bf-47a6-4b0f-a892199e19c8,TCI #1 2023 AGE Interclub Trampoline Championships,,TRA,8 & Under Years Male,Qualification,1,,1,TRUE,1,67500,0,99,0,,1,0,Bysterveld,Neihana,ICE Gymsports North Canterbury,01/01/0001,,2,35000,10,0,0,T,0,,,,,,,,,,,,
739,8050cb81-30bf-47a6-4b0f-a892199e19c8,TCI #1 2023 AGE Interclub Trampoline Championships,,TRA,8 & Under Years Male,Qualification,1,,1,TRUE,1,67500,0,99,0,,1,0,Bysterveld,Neihana,ICE Gymsports North Canterbury,01/01/0001,,2,35000,10,0,0,D,28,0,,,,,,,,,,,
740,8050cb81-30bf-47a6-4b0f-a892199e19c8,TCI #1 2023 AGE Interclub Trampoline Championships,,TRA,8 & Under Years Male,Qualification,1,,1,TRUE,1,67500,0,99,0,,1,0,Bysterveld,Neihana,ICE Gymsports North Canterbury,01/01/0001,,2,35000,10,0,0,H,970,970,0,,,,,,,,,,
741,8050cb81-30bf-47a6-4b0f-a892199e19c8,TCI #1 2023 AGE Interclub Trampoline Championships,,TRA,9-10 Years Male,Qualification,1,,1,TRUE,1,64100,0,99,0,,1,0,Whyte,Tane,ICE Gymsports North Canterbury,01/01/0001,,1,30900,10,0,0,E1,66,3,3,3,4,4,4,3,4,3,3,0,0
742,8050cb81-30bf-47a6-4b0f-a892199e19c8,TCI #1 2023 AGE Interclub Trampoline Championships,,TRA,9-10 Years Male,Qualification,1,,1,TRUE,1,64100,0,99,0,,1,0,Whyte,Tane,ICE Gymsports North Canterbury,01/01/0001,,1,30900,10,0,0,E2,71,3,2,3,3,3,3,3,3,3,3,0,0
743,8050cb81-30bf-47a6-4b0f-a892199e19c8,TCI #1 2023 AGE Interclub Trampoline Championships,,TRA,9-10 Years Male,Qualification,1,,1,TRUE,1,64100,0,99,0,,1,0,Whyte,Tane,ICE Gymsports North Canterbury,01/01/0001,,1,30900,10,0,0,E3,72,3,2,2,3,4,3,3,2,3,3,0,0
744,8050cb81-30bf-47a6-4b0f-a892199e19c8,TCI #1 2023 AGE Interclub Trampoline Championships,,TRA,9-10 Years Male,Qualification,1,,1,TRUE,1,64100,0,99,0,,1,0,Whyte,Tane,ICE Gymsports North Canterbury,01/01/0001,,1,30900,10,0,0,E4,100,,,,,,,,,,,,
745,8050cb81-30bf-47a6-4b0f-a892199e19c8,TCI #1 2023 AGE Interclub Trampoline Championships,,TRA,9-10 Years Male,Qualification,1,,1,TRUE,1,64100,0,99,0,,1,0,Whyte,Tane,ICE Gymsports North Canterbury,01/01/0001,,1,30900,10,0,0,E5,100,,,,,,,,,,,,
746,8050cb81-30bf-47a6-4b0f-a892199e19c8,TCI #1 2023 AGE Interclub Trampoline Championships,,TRA,9-10 Years Male,Qualification,1,,1,TRUE,1,64100,0,99,0,,1,0,Whyte,Tane,ICE Gymsports North Canterbury,01/01/0001,,1,30900,10,0,0,E8,100,,,,,,,,,,,,
747,8050cb81-30bf-47a6-4b0f-a892199e19c8,TCI #1 2023 AGE Interclub Trampoline Championships,,TRA,9-10 Years Male,Qualification,1,,1,TRUE,1,64100,0,99,0,,1,0,Whyte,Tane,ICE Gymsports North Canterbury,01/01/0001,,1,30900,10,0,0,E∑,20900,6,4,5,6,7,6,6,5,6,6,0,0
748,8050cb81-30bf-47a6-4b0f-a892199e19c8,TCI #1 2023 AGE Interclub Trampoline Championships,,TRA,9-10 Years Male,Qualification,1,,1,TRUE,1,64100,0,99,0,,1,0,Whyte,Tane,ICE Gymsports North Canterbury,01/01/0001,,1,30900,10,0,0,T,0,,,,,,,,,,,,
749,8050cb81-30bf-47a6-4b0f-a892199e19c8,TCI #1 2023 AGE Interclub Trampoline Championships,,TRA,9-10 Years Male,Qualification,1,,1,TRUE,1,64100,0,99,0,,1,0,Whyte,Tane,ICE Gymsports North Canterbury,01/01/0001,,1,30900,10,0,0,D,0,0,,,,,,,,,,,
750,8050cb81-30bf-47a6-4b0f-a892199e19c8,TCI #1 2023 AGE Interclub Trampoline Championships,,TRA,9-10 Years Male,Qualification,1,,1,TRUE,1,64100,0,99,0,,1,0,Whyte,Tane,ICE Gymsports North Canterbury,01/01/0001,,1,30900,10,0,0,H,1000,1000,0,,,,,,,,,,
751,8050cb81-30bf-47a6-4b0f-a892199e19c8,TCI #1 2023 AGE Interclub Trampoline Championships,,TRA,9-10 Years Male,Qualification,1,,1,TRUE,1,64100,0,99,0,,1,0,Whyte,Tane,ICE Gymsports North Canterbury,01/01/0001,,2,33200,10,0,0,E1,66,3,3,3,4,4,4,3,3,4,3,0,0
752,8050cb81-30bf-47a6-4b0f-a892199e19c8,TCI #1 2023 AGE Interclub Trampoline Championships,,TRA,9-10 Years Male,Qualification,1,,1,TRUE,1,64100,0,99,0,,1,0,Whyte,Tane,ICE Gymsports North Canterbury,01/01/0001,,2,33200,10,0,0,E2,69,3,3,3,3,3,4,3,3,3,3,0,0
753,8050cb81-30bf-47a6-4b0f-a892199e19c8,TCI #1 2023 AGE Interclub Trampoline Championships,,TRA,9-10 Years Male,Qualification,1,,1,TRUE,1,64100,0,99,0,,1,0,Whyte,Tane,ICE Gymsports North Canterbury,01/01/0001,,2,33200,10,0,0,E3,68,3,3,3,4,3,3,3,3,3,3,1,0
754,8050cb81-30bf-47a6-4b0f-a892199e19c8,TCI #1 2023 AGE Interclub Trampoline Championships,,TRA,9-10 Years Male,Qualification,1,,1,TRUE,1,64100,0,99,0,,1,0,Whyte,Tane,ICE Gymsports North Canterbury,01/01/0001,,2,33200,10,0,0,E4,100,,,,,,,,,,,,
755,8050cb81-30bf-47a6-4b0f-a892199e19c8,TCI #1 2023 AGE Interclub Trampoline Championships,,TRA,9-10 Years Male,Qualification,1,,1,TRUE,1,64100,0,99,0,,1,0,Whyte,Tane,ICE Gymsports North Canterbury,01/01/0001,,2,33200,10,0,0,E5,100,,,,,,,,,,,,
756,8050cb81-30bf-47a6-4b0f-a892199e19c8,TCI #1 2023 AGE Interclub Trampoline Championships,,TRA,9-10 Years Male,Qualification,1,,1,TRUE,1,64100,0,99,0,,1,0,Whyte,Tane,ICE Gymsports North Canterbury,01/01/0001,,2,33200,10,0,0,E8,100,,,,,,,,,,,,
757,8050cb81-30bf-47a6-4b0f-a892199e19c8,TCI #1 2023 AGE Interclub Trampoline Championships,,TRA,9-10 Years Male,Qualification,1,,1,TRUE,1,64100,0,99,0,,1,0,Whyte,Tane,ICE Gymsports North Canterbury,01/01/0001,,2,33200,10,0,0,E∑,20300,6,6,6,7,6,7,6,6,6,6,0,0
758,8050cb81-30bf-47a6-4b0f-a892199e19c8,TCI #1 2023 AGE Interclub Trampoline Championships,,TRA,9-10 Years Male,Qualification,1,,1,TRUE,1,64100,0,99,0,,1,0,Whyte,Tane,ICE Gymsports North Canterbury,01/01/0001,,2,33200,10,0,0,T,0,,,,,,,,,,,,
759,8050cb81-30bf-47a6-4b0f-a892199e19c8,TCI #1 2023 AGE Interclub Trampoline Championships,,TRA,9-10 Years Male,Qualification,1,,1,TRUE,1,64100,0,99,0,,1,0,Whyte,Tane,ICE Gymsports North Canterbury,01/01/0001,,2,33200,10,0,0,D,31,0,,,,,,,,,,,
760,8050cb81-30bf-47a6-4b0f-a892199e19c8,TCI #1 2023 AGE Interclub Trampoline Championships,,TRA,9-10 Years Male,Qualification,1,,1,TRUE,1,64100,0,99,0,,1,0,Whyte,Tane,ICE Gymsports North Canterbury,01/01/0001,,2,33200,10,0,0,H,980,980,0,,,,,,,,,,
761,8050cb81-30bf-47a6-4b0f-a892199e19c8,TCI #1 2023 AGE Interclub Trampoline Championships,,TRA,9-10 Years Male,Qualification,1,,2,TRUE,5,27700,0,99,0,,1,0,Geotge,MacKay,ICE Gymsports North Canterbury,01/01/0001,,1,18000,6,0,0,E1,42,2,3,3,3,3,4,,,,,,0
762,8050cb81-30bf-47a6-4b0f-a892199e19c8,TCI #1 2023 AGE Interclub Trampoline Championships,,TRA,9-10 Years Male,Qualification,1,,2,TRUE,5,27700,0,99,0,,1,0,Geotge,MacKay,ICE Gymsports North Canterbury,01/01/0001,,1,18000,6,0,0,E2,41,3,3,3,3,3,4,,,,,,0
763,8050cb81-30bf-47a6-4b0f-a892199e19c8,TCI #1 2023 AGE Interclub Trampoline Championships,,TRA,9-10 Years Male,Qualification,1,,2,TRUE,5,27700,0,99,0,,1,0,Geotge,MacKay,ICE Gymsports North Canterbury,01/01/0001,,1,18000,6,0,0,E3,40,3,4,3,3,3,4,,,,,,0
764,8050cb81-30bf-47a6-4b0f-a892199e19c8,TCI #1 2023 AGE Interclub Trampoline Championships,,TRA,9-10 Years Male,Qualification,1,,2,TRUE,5,27700,0,99,0,,1,0,Geotge,MacKay,ICE Gymsports North Canterbury,01/01/0001,,1,18000,6,0,0,E4,60,,,,,,,,,,,,
765,8050cb81-30bf-47a6-4b0f-a892199e19c8,TCI #1 2023 AGE Interclub Trampoline Championships,,TRA,9-10 Years Male,Qualification,1,,2,TRUE,5,27700,0,99,0,,1,0,Geotge,MacKay,ICE Gymsports North Canterbury,01/01/0001,,1,18000,6,0,0,E5,60,,,,,,,,,,,,
766,8050cb81-30bf-47a6-4b0f-a892199e19c8,TCI #1 2023 AGE Interclub Trampoline Championships,,TRA,9-10 Years Male,Qualification,1,,2,TRUE,5,27700,0,99,0,,1,0,Geotge,MacKay,ICE Gymsports North Canterbury,01/01/0001,,1,18000,6,0,0,E8,60,,,,,,,,,,,,
767,8050cb81-30bf-47a6-4b0f-a892199e19c8,TCI #1 2023 AGE Interclub Trampoline Championships,,TRA,9-10 Years Male,Qualification,1,,2,TRUE,5,27700,0,99,0,,1,0,Geotge,MacKay,ICE Gymsports North Canterbury,01/01/0001,,1,18000,6,0,0,E∑,12300,5,6,6,6,6,8,0,0,0,0,0,0
768,8050cb81-30bf-47a6-4b0f-a892199e19c8,TCI #1 2023 AGE Interclub Trampoline Championships,,TRA,9-10 Years Male,Qualification,1,,2,TRUE,5,27700,0,99,0,,1,0,Geotge,MacKay,ICE Gymsports North Canterbury,01/01/0001,,1,18000,6,0,0,T,0,,,,,,,,,,,,
769,8050cb81-30bf-47a6-4b0f-a892199e19c8,TCI #1 2023 AGE Interclub Trampoline Championships,,TRA,9-10 Years Male,Qualification,1,,2,TRUE,5,27700,0,99,0,,1,0,Geotge,MacKay,ICE Gymsports North Canterbury,01/01/0001,,1,18000,6,0,0,D,0,0,,,,,,,,,,,
770,8050cb81-30bf-47a6-4b0f-a892199e19c8,TCI #1 2023 AGE Interclub Trampoline Championships,,TRA,9-10 Years Male,Qualification,1,,2,TRUE,5,27700,0,99,0,,1,0,Geotge,MacKay,ICE Gymsports North Canterbury,01/01/0001,,1,18000,6,0,0,H,570,570,0,,,,,,,,,,
771,8050cb81-30bf-47a6-4b0f-a892199e19c8,TCI #1 2023 AGE Interclub Trampoline Championships,,TRA,9-10 Years Male,Qualification,1,,2,TRUE,5,27700,0,99,0,,1,0,Geotge,MacKay,ICE Gymsports North Canterbury,01/01/0001,,2,9700,3,0,0,E1,21,3,3,3,,,,,,,,,0
772,8050cb81-30bf-47a6-4b0f-a892199e19c8,TCI #1 2023 AGE Interclub Trampoline Championships,,TRA,9-10 Years Male,Qualification,1,,2,TRUE,5,27700,0,99,0,,1,0,Geotge,MacKay,ICE Gymsports North Canterbury,01/01/0001,,2,9700,3,0,0,E2,22,2,3,3,,,,,,,,,0
773,8050cb81-30bf-47a6-4b0f-a892199e19c8,TCI #1 2023 AGE Interclub Trampoline Championships,,TRA,9-10 Years Male,Qualification,1,,2,TRUE,5,27700,0,99,0,,1,0,Geotge,MacKay,ICE Gymsports North Canterbury,01/01/0001,,2,9700,3,0,0,E3,18,3,4,5,,,,,,,,,0
774,8050cb81-30bf-47a6-4b0f-a892199e19c8,TCI #1 2023 AGE Interclub Trampoline Championships,,TRA,9-10 Years Male,Qualification,1,,2,TRUE,5,27700,0,99,0,,1,0,Geotge,MacKay,ICE Gymsports North Canterbury,01/01/0001,,2,9700,3,0,0,E4,30,,,,,,,,,,,,
775,8050cb81-30bf-47a6-4b0f-a892199e19c8,TCI #1 2023 AGE Interclub Trampoline Championships,,TRA,9-10 Years Male,Qualification,1,,2,TRUE,5,27700,0,99,0,,1,0,Geotge,MacKay,ICE Gymsports North Canterbury,01/01/0001,,2,9700,3,0,0,E5,30,,,,,,,,,,,,
776,8050cb81-30bf-47a6-4b0f-a892199e19c8,TCI #1 2023 AGE Interclub Trampoline Championships,,TRA,9-10 Years Male,Qualification,1,,2,TRUE,5,27700,0,99,0,,1,0,Geotge,MacKay,ICE Gymsports North Canterbury,01/01/0001,,2,9700,3,0,0,E8,30,,,,,,,,,,,,
777,8050cb81-30bf-47a6-4b0f-a892199e19c8,TCI #1 2023 AGE Interclub Trampoline Championships,,TRA,9-10 Years Male,Qualification,1,,2,TRUE,5,27700,0,99,0,,1,0,Geotge,MacKay,ICE Gymsports North Canterbury,01/01/0001,,2,9700,3,0,0,E∑,6100,5,6,6,0,0,0,0,0,0,0,0,0
778,8050cb81-30bf-47a6-4b0f-a892199e19c8,TCI #1 2023 AGE Interclub Trampoline Championships,,TRA,9-10 Years Male,Qualification,1,,2,TRUE,5,27700,0,99,0,,1,0,Geotge,MacKay,ICE Gymsports North Canterbury,01/01/0001,,2,9700,3,0,0,T,0,,,,,,,,,,,,
779,8050cb81-30bf-47a6-4b0f-a892199e19c8,TCI #1 2023 AGE Interclub Trampoline Championships,,TRA,9-10 Years Male,Qualification,1,,2,TRUE,5,27700,0,99,0,,1,0,Geotge,MacKay,ICE Gymsports North Canterbury,01/01/0001,,2,9700,3,0,0,D,7,0,,,,,,,,,,,
780,8050cb81-30bf-47a6-4b0f-a892199e19c8,TCI #1 2023 AGE Interclub Trampoline Championships,,TRA,9-10 Years Male,Qualification,1,,2,TRUE,5,27700,0,99,0,,1,0,Geotge,MacKay,ICE Gymsports North Canterbury,01/01/0001,,2,9700,3,0,0,H,290,290,0,,,,,,,,,,
781,8050cb81-30bf-47a6-4b0f-a892199e19c8,TCI #1 2023 AGE Interclub Trampoline Championships,,TRA,9-10 Years Male,Qualification,1,,3,TRUE,2,62300,0,99,0,,1,0,Findlay,Nathan,ICE Gymsports North Canterbury,01/01/0001,,1,30500,10,0,0,E1,68,3,3,3,3,4,4,3,3,3,3,0,0
782,8050cb81-30bf-47a6-4b0f-a892199e19c8,TCI #1 2023 AGE Interclub Trampoline Championships,,TRA,9-10 Years Male,Qualification,1,,3,TRUE,2,62300,0,99,0,,1,0,Findlay,Nathan,ICE Gymsports North Canterbury,01/01/0001,,1,30500,10,0,0,E2,70,3,3,3,3,3,3,3,3,3,3,0,0
783,8050cb81-30bf-47a6-4b0f-a892199e19c8,TCI #1 2023 AGE Interclub Trampoline Championships,,TRA,9-10 Years Male,Qualification,1,,3,TRUE,2,62300,0,99,0,,1,0,Findlay,Nathan,ICE Gymsports North Canterbury,01/01/0001,,1,30500,10,0,0,E3,68,3,4,3,3,3,3,3,4,3,3,0,0
784,8050cb81-30bf-47a6-4b0f-a892199e19c8,TCI #1 2023 AGE Interclub Trampoline Championships,,TRA,9-10 Years Male,Qualification,1,,3,TRUE,2,62300,0,99,0,,1,0,Findlay,Nathan,ICE Gymsports North Canterbury,01/01/0001,,1,30500,10,0,0,E4,100,,,,,,,,,,,,
785,8050cb81-30bf-47a6-4b0f-a892199e19c8,TCI #1 2023 AGE Interclub Trampoline Championships,,TRA,9-10 Years Male,Qualification,1,,3,TRUE,2,62300,0,99,0,,1,0,Findlay,Nathan,ICE Gymsports North Canterbury,01/01/0001,,1,30500,10,0,0,E5,100,,,,,,,,,,,,
786,8050cb81-30bf-47a6-4b0f-a892199e19c8,TCI #1 2023 AGE Interclub Trampoline Championships,,TRA,9-10 Years Male,Qualification,1,,3,TRUE,2,62300,0,99,0,,1,0,Findlay,Nathan,ICE Gymsports North Canterbury,01/01/0001,,1,30500,10,0,0,E8,100,,,,,,,,,,,,
787,8050cb81-30bf-47a6-4b0f-a892199e19c8,TCI #1 2023 AGE Interclub Trampoline Championships,,TRA,9-10 Years Male,Qualification,1,,3,TRUE,2,62300,0,99,0,,1,0,Findlay,Nathan,ICE Gymsports North Canterbury,01/01/0001,,1,30500,10,0,0,E∑,20600,6,6,6,6,6,6,6,6,6,6,0,0
788,8050cb81-30bf-47a6-4b0f-a892199e19c8,TCI #1 2023 AGE Interclub Trampoline Championships,,TRA,9-10 Years Male,Qualification,1,,3,TRUE,2,62300,0,99,0,,1,0,Findlay,Nathan,ICE Gymsports North Canterbury,01/01/0001,,1,30500,10,0,0,T,0,,,,,,,,,,,,
789,8050cb81-30bf-47a6-4b0f-a892199e19c8,TCI #1 2023 AGE Interclub Trampoline Championships,,TRA,9-10 Years Male,Qualification,1,,3,TRUE,2,62300,0,99,0,,1,0,Findlay,Nathan,ICE Gymsports North Canterbury,01/01/0001,,1,30500,10,0,0,D,0,0,,,,,,,,,,,
790,8050cb81-30bf-47a6-4b0f-a892199e19c8,TCI #1 2023 AGE Interclub Trampoline Championships,,TRA,9-10 Years Male,Qualification,1,,3,TRUE,2,62300,0,99,0,,1,0,Findlay,Nathan,ICE Gymsports North Canterbury,01/01/0001,,1,30500,10,0,0,H,990,990,0,,,,,,,,,,
791,8050cb81-30bf-47a6-4b0f-a892199e19c8,TCI #1 2023 AGE Interclub Trampoline Championships,,TRA,9-10 Years Male,Qualification,1,,3,TRUE,2,62300,0,99,0,,1,0,Findlay,Nathan,ICE Gymsports North Canterbury,01/01/0001,,2,31800,10,0,0,E1,63,4,4,4,3,4,4,3,4,3,4,0,0
792,8050cb81-30bf-47a6-4b0f-a892199e19c8,TCI #1 2023 AGE Interclub Trampoline Championships,,TRA,9-10 Years Male,Qualification,1,,3,TRUE,2,62300,0,99,0,,1,0,Findlay,Nathan,ICE Gymsports North Canterbury,01/01/0001,,2,31800,10,0,0,E2,66,3,3,4,3,3,3,3,3,3,3,3,0
793,8050cb81-30bf-47a6-4b0f-a892199e19c8,TCI #1 2023 AGE Interclub Trampoline Championships,,TRA,9-10 Years Male,Qualification,1,,3,TRUE,2,62300,0,99,0,,1,0,Findlay,Nathan,ICE Gymsports North Canterbury,01/01/0001,,2,31800,10,0,0,E3,61,3,4,4,3,3,4,4,3,4,4,3,0
794,8050cb81-30bf-47a6-4b0f-a892199e19c8,TCI #1 2023 AGE Interclub Trampoline Championships,,TRA,9-10 Years Male,Qualification,1,,3,TRUE,2,62300,0,99,0,,1,0,Findlay,Nathan,ICE Gymsports North Canterbury,01/01/0001,,2,31800,10,0,0,E4,100,,,,,,,,,,,,
795,8050cb81-30bf-47a6-4b0f-a892199e19c8,TCI #1 2023 AGE Interclub Trampoline Championships,,TRA,9-10 Years Male,Qualification,1,,3,TRUE,2,62300,0,99,0,,1,0,Findlay,Nathan,ICE Gymsports North Canterbury,01/01/0001,,2,31800,10,0,0,E5,100,,,,,,,,,,,,
796,8050cb81-30bf-47a6-4b0f-a892199e19c8,TCI #1 2023 AGE Interclub Trampoline Championships,,TRA,9-10 Years Male,Qualification,1,,3,TRUE,2,62300,0,99,0,,1,0,Findlay,Nathan,ICE Gymsports North Canterbury,01/01/0001,,2,31800,10,0,0,E8,100,,,,,,,,,,,,
797,8050cb81-30bf-47a6-4b0f-a892199e19c8,TCI #1 2023 AGE Interclub Trampoline Championships,,TRA,9-10 Years Male,Qualification,1,,3,TRUE,2,62300,0,99,0,,1,0,Findlay,Nathan,ICE Gymsports North Canterbury,01/01/0001,,2,31800,10,0,0,E∑,19000,6,7,8,6,6,7,6,6,6,7,3,0
798,8050cb81-30bf-47a6-4b0f-a892199e19c8,TCI #1 2023 AGE Interclub Trampoline Championships,,TRA,9-10 Years Male,Qualification,1,,3,TRUE,2,62300,0,99,0,,1,0,Findlay,Nathan,ICE Gymsports North Canterbury,01/01/0001,,2,31800,10,0,0,T,0,,,,,,,,,,,,
799,8050cb81-30bf-47a6-4b0f-a892199e19c8,TCI #1 2023 AGE Interclub Trampoline Championships,,TRA,9-10 Years Male,Qualification,1,,3,TRUE,2,62300,0,99,0,,1,0,Findlay,Nathan,ICE Gymsports North Canterbury,01/01/0001,,2,31800,10,0,0,D,31,0,,,,,,,,,,,
800,8050cb81-30bf-47a6-4b0f-a892199e19c8,TCI #1 2023 AGE Interclub Trampoline Championships,,TRA,9-10 Years Male,Qualification,1,,3,TRUE,2,62300,0,99,0,,1,0,Findlay,Nathan,ICE Gymsports North Canterbury,01/01/0001,,2,31800,10,0,0,H,970,970,0,,,,,,,,,,
801,8050cb81-30bf-47a6-4b0f-a892199e19c8,TCI #1 2023 AGE Interclub Trampoline Championships,,TRA,9-10 Years Male,Qualification,1,,4,TRUE,3,61700,0,99,0,,1,0,Mould,Jonathan,ICE Gymsports North Canterbury,01/01/0001,,1,29900,10,0,0,E1,64,5,3,3,3,3,3,4,3,4,4,1,0
802,8050cb81-30bf-47a6-4b0f-a892199e19c8,TCI #1 2023 AGE Interclub Trampoline Championships,,TRA,9-10 Years Male,Qualification,1,,4,TRUE,3,61700,0,99,0,,1,0,Mould,Jonathan,ICE Gymsports North Canterbury,01/01/0001,,1,29900,10,0,0,E2,70,3,3,3,3,3,3,3,3,3,3,0,0
803,8050cb81-30bf-47a6-4b0f-a892199e19c8,TCI #1 2023 AGE Interclub Trampoline Championships,,TRA,9-10 Years Male,Qualification,1,,4,TRUE,3,61700,0,99,0,,1,0,Mould,Jonathan,ICE Gymsports North Canterbury,01/01/0001,,1,29900,10,0,0,E3,66,4,4,3,3,3,3,3,3,3,3,2,0
804,8050cb81-30bf-47a6-4b0f-a892199e19c8,TCI #1 2023 AGE Interclub Trampoline Championships,,TRA,9-10 Years Male,Qualification,1,,4,TRUE,3,61700,0,99,0,,1,0,Mould,Jonathan,ICE Gymsports North Canterbury,01/01/0001,,1,29900,10,0,0,E4,100,,,,,,,,,,,,
805,8050cb81-30bf-47a6-4b0f-a892199e19c8,TCI #1 2023 AGE Interclub Trampoline Championships,,TRA,9-10 Years Male,Qualification,1,,4,TRUE,3,61700,0,99,0,,1,0,Mould,Jonathan,ICE Gymsports North Canterbury,01/01/0001,,1,29900,10,0,0,E5,100,,,,,,,,,,,,
806,8050cb81-30bf-47a6-4b0f-a892199e19c8,TCI #1 2023 AGE Interclub Trampoline Championships,,TRA,9-10 Years Male,Qualification,1,,4,TRUE,3,61700,0,99,0,,1,0,Mould,Jonathan,ICE Gymsports North Canterbury,01/01/0001,,1,29900,10,0,0,E8,100,,,,,,,,,,,,
807,8050cb81-30bf-47a6-4b0f-a892199e19c8,TCI #1 2023 AGE Interclub Trampoline Championships,,TRA,9-10 Years Male,Qualification,1,,4,TRUE,3,61700,0,99,0,,1,0,Mould,Jonathan,ICE Gymsports North Canterbury,01/01/0001,,1,29900,10,0,0,E∑,20000,7,6,6,6,6,6,6,6,6,6,1,0
808,8050cb81-30bf-47a6-4b0f-a892199e19c8,TCI #1 2023 AGE Interclub Trampoline Championships,,TRA,9-10 Years Male,Qualification,1,,4,TRUE,3,61700,0,99,0,,1,0,Mould,Jonathan,ICE Gymsports North Canterbury,01/01/0001,,1,29900,10,0,0,T,0,,,,,,,,,,,,
809,8050cb81-30bf-47a6-4b0f-a892199e19c8,TCI #1 2023 AGE Interclub Trampoline Championships,,TRA,9-10 Years Male,Qualification,1,,4,TRUE,3,61700,0,99,0,,1,0,Mould,Jonathan,ICE Gymsports North Canterbury,01/01/0001,,1,29900,10,0,0,D,0,0,,,,,,,,,,,
810,8050cb81-30bf-47a6-4b0f-a892199e19c8,TCI #1 2023 AGE Interclub Trampoline Championships,,TRA,9-10 Years Male,Qualification,1,,4,TRUE,3,61700,0,99,0,,1,0,Mould,Jonathan,ICE Gymsports North Canterbury,01/01/0001,,1,29900,10,0,0,H,990,990,0,,,,,,,,,,
811,8050cb81-30bf-47a6-4b0f-a892199e19c8,TCI #1 2023 AGE Interclub Trampoline Championships,,TRA,9-10 Years Male,Qualification,1,,4,TRUE,3,61700,0,99,0,,1,0,Mould,Jonathan,ICE Gymsports North Canterbury,01/01/0001,,2,31800,10,0,0,E1,66,4,3,3,3,4,4,3,3,3,4,0,0
812,8050cb81-30bf-47a6-4b0f-a892199e19c8,TCI #1 2023 AGE Interclub Trampoline Championships,,TRA,9-10 Years Male,Qualification,1,,4,TRUE,3,61700,0,99,0,,1,0,Mould,Jonathan,ICE Gymsports North Canterbury,01/01/0001,,2,31800,10,0,0,E2,73,3,2,3,2,3,3,2,3,3,3,0,0
813,8050cb81-30bf-47a6-4b0f-a892199e19c8,TCI #1 2023 AGE Interclub Trampoline Championships,,TRA,9-10 Years Male,Qualification,1,,4,TRUE,3,61700,0,99,0,,1,0,Mould,Jonathan,ICE Gymsports North Canterbury,01/01/0001,,2,31800,10,0,0,E3,66,4,4,3,4,3,3,4,3,3,3,0,0
814,8050cb81-30bf-47a6-4b0f-a892199e19c8,TCI #1 2023 AGE Interclub Trampoline Championships,,TRA,9-10 Years Male,Qualification,1,,4,TRUE,3,61700,0,99,0,,1,0,Mould,Jonathan,ICE Gymsports North Canterbury,01/01/0001,,2,31800,10,0,0,E4,100,,,,,,,,,,,,
815,8050cb81-30bf-47a6-4b0f-a892199e19c8,TCI #1 2023 AGE Interclub Trampoline Championships,,TRA,9-10 Years Male,Qualification,1,,4,TRUE,3,61700,0,99,0,,1,0,Mould,Jonathan,ICE Gymsports North Canterbury,01/01/0001,,2,31800,10,0,0,E5,100,,,,,,,,,,,,
816,8050cb81-30bf-47a6-4b0f-a892199e19c8,TCI #1 2023 AGE Interclub Trampoline Championships,,TRA,9-10 Years Male,Qualification,1,,4,TRUE,3,61700,0,99,0,,1,0,Mould,Jonathan,ICE Gymsports North Canterbury,01/01/0001,,2,31800,10,0,0,E8,100,,,,,,,,,,,,
817,8050cb81-30bf-47a6-4b0f-a892199e19c8,TCI #1 2023 AGE Interclub Trampoline Championships,,TRA,9-10 Years Male,Qualification,1,,4,TRUE,3,61700,0,99,0,,1,0,Mould,Jonathan,ICE Gymsports North Canterbury,01/01/0001,,2,31800,10,0,0,E∑,20500,7,5,6,5,6,6,5,6,6,6,0,0
818,8050cb81-30bf-47a6-4b0f-a892199e19c8,TCI #1 2023 AGE Interclub Trampoline Championships,,TRA,9-10 Years Male,Qualification,1,,4,TRUE,3,61700,0,99,0,,1,0,Mould,Jonathan,ICE Gymsports North Canterbury,01/01/0001,,2,31800,10,0,0,T,0,,,,,,,,,,,,
819,8050cb81-30bf-47a6-4b0f-a892199e19c8,TCI #1 2023 AGE Interclub Trampoline Championships,,TRA,9-10 Years Male,Qualification,1,,4,TRUE,3,61700,0,99,0,,1,0,Mould,Jonathan,ICE Gymsports North Canterbury,01/01/0001,,2,31800,10,0,0,D,16,0,,,,,,,,,,,
820,8050cb81-30bf-47a6-4b0f-a892199e19c8,TCI #1 2023 AGE Interclub Trampoline Championships,,TRA,9-10 Years Male,Qualification,1,,4,TRUE,3,61700,0,99,0,,1,0,Mould,Jonathan,ICE Gymsports North Canterbury,01/01/0001,,2,31800,10,0,0,H,970,970,0,,,,,,,,,,
821,8050cb81-30bf-47a6-4b0f-a892199e19c8,TCI #1 2023 AGE Interclub Trampoline Championships,,TRA,9-10 Years Male,Qualification,1,,5,TRUE,4,50600,0,99,0,,1,0,Pryce,Jye,Christchurch School of Gymnastics,01/01/0001,,1,19000,6,0,0,E1,41,3,3,3,3,3,4,,,,,,0
822,8050cb81-30bf-47a6-4b0f-a892199e19c8,TCI #1 2023 AGE Interclub Trampoline Championships,,TRA,9-10 Years Male,Qualification,1,,5,TRUE,4,50600,0,99,0,,1,0,Pryce,Jye,Christchurch School of Gymnastics,01/01/0001,,1,19000,6,0,0,E2,45,2,2,3,3,2,3,,,,,,0
823,8050cb81-30bf-47a6-4b0f-a892199e19c8,TCI #1 2023 AGE Interclub Trampoline Championships,,TRA,9-10 Years Male,Qualification,1,,5,TRUE,4,50600,0,99,0,,1,0,Pryce,Jye,Christchurch School of Gymnastics,01/01/0001,,1,19000,6,0,0,E3,47,2,2,1,2,2,4,,,,,,0
824,8050cb81-30bf-47a6-4b0f-a892199e19c8,TCI #1 2023 AGE Interclub Trampoline Championships,,TRA,9-10 Years Male,Qualification,1,,5,TRUE,4,50600,0,99,0,,1,0,Pryce,Jye,Christchurch School of Gymnastics,01/01/0001,,1,19000,6,0,0,E4,60,,,,,,,,,,,,
825,8050cb81-30bf-47a6-4b0f-a892199e19c8,TCI #1 2023 AGE Interclub Trampoline Championships,,TRA,9-10 Years Male,Qualification,1,,5,TRUE,4,50600,0,99,0,,1,0,Pryce,Jye,Christchurch School of Gymnastics,01/01/0001,,1,19000,6,0,0,E5,60,,,,,,,,,,,,
826,8050cb81-30bf-47a6-4b0f-a892199e19c8,TCI #1 2023 AGE Interclub Trampoline Championships,,TRA,9-10 Years Male,Qualification,1,,5,TRUE,4,50600,0,99,0,,1,0,Pryce,Jye,Christchurch School of Gymnastics,01/01/0001,,1,19000,6,0,0,E8,60,,,,,,,,,,,,
827,8050cb81-30bf-47a6-4b0f-a892199e19c8,TCI #1 2023 AGE Interclub Trampoline Championships,,TRA,9-10 Years Male,Qualification,1,,5,TRUE,4,50600,0,99,0,,1,0,Pryce,Jye,Christchurch School of Gymnastics,01/01/0001,,1,19000,6,0,0,E∑,13300,4,4,4,5,4,7,0,0,0,0,0,0
828,8050cb81-30bf-47a6-4b0f-a892199e19c8,TCI #1 2023 AGE Interclub Trampoline Championships,,TRA,9-10 Years Male,Qualification,1,,5,TRUE,4,50600,0,99,0,,1,0,Pryce,Jye,Christchurch School of Gymnastics,01/01/0001,,1,19000,6,0,0,T,0,,,,,,,,,,,,
829,8050cb81-30bf-47a6-4b0f-a892199e19c8,TCI #1 2023 AGE Interclub Trampoline Championships,,TRA,9-10 Years Male,Qualification,1,,5,TRUE,4,50600,0,99,0,,1,0,Pryce,Jye,Christchurch School of Gymnastics,01/01/0001,,1,19000,6,0,0,D,0,0,,,,,,,,,,,
830,8050cb81-30bf-47a6-4b0f-a892199e19c8,TCI #1 2023 AGE Interclub Trampoline Championships,,TRA,9-10 Years Male,Qualification,1,,5,TRUE,4,50600,0,99,0,,1,0,Pryce,Jye,Christchurch School of Gymnastics,01/01/0001,,1,19000,6,0,0,H,570,570,0,,,,,,,,,,
831,8050cb81-30bf-47a6-4b0f-a892199e19c8,TCI #1 2023 AGE Interclub Trampoline Championships,,TRA,9-10 Years Male,Qualification,1,,5,TRUE,4,50600,0,99,0,,1,0,Pryce,Jye,Christchurch School of Gymnastics,01/01/0001,,2,31600,10,0,0,E1,57,4,4,4,4,4,4,4,4,4,4,3,0
832,8050cb81-30bf-47a6-4b0f-a892199e19c8,TCI #1 2023 AGE Interclub Trampoline Championships,,TRA,9-10 Years Male,Qualification,1,,5,TRUE,4,50600,0,99,0,,1,0,Pryce,Jye,Christchurch School of Gymnastics,01/01/0001,,2,31600,10,0,0,E2,64,3,3,4,4,4,3,3,3,3,3,3,0
833,8050cb81-30bf-47a6-4b0f-a892199e19c8,TCI #1 2023 AGE Interclub Trampoline Championships,,TRA,9-10 Years Male,Qualification,1,,5,TRUE,4,50600,0,99,0,,1,0,Pryce,Jye,Christchurch School of Gymnastics,01/01/0001,,2,31600,10,0,0,E3,66,3,4,3,3,3,3,3,3,3,3,3,0
834,8050cb81-30bf-47a6-4b0f-a892199e19c8,TCI #1 2023 AGE Interclub Trampoline Championships,,TRA,9-10 Years Male,Qualification,1,,5,TRUE,4,50600,0,99,0,,1,0,Pryce,Jye,Christchurch School of Gymnastics,01/01/0001,,2,31600,10,0,0,E4,100,,,,,,,,,,,,
835,8050cb81-30bf-47a6-4b0f-a892199e19c8,TCI #1 2023 AGE Interclub Trampoline Championships,,TRA,9-10 Years Male,Qualification,1,,5,TRUE,4,50600,0,99,0,,1,0,Pryce,Jye,Christchurch School of Gymnastics,01/01/0001,,2,31600,10,0,0,E5,100,,,,,,,,,,,,
836,8050cb81-30bf-47a6-4b0f-a892199e19c8,TCI #1 2023 AGE Interclub Trampoline Championships,,TRA,9-10 Years Male,Qualification,1,,5,TRUE,4,50600,0,99,0,,1,0,Pryce,Jye,Christchurch School of Gymnastics,01/01/0001,,2,31600,10,0,0,E8,100,,,,,,,,,,,,
837,8050cb81-30bf-47a6-4b0f-a892199e19c8,TCI #1 2023 AGE Interclub Trampoline Championships,,TRA,9-10 Years Male,Qualification,1,,5,TRUE,4,50600,0,99,0,,1,0,Pryce,Jye,Christchurch School of Gymnastics,01/01/0001,,2,31600,10,0,0,E∑,18700,6,7,7,7,7,6,6,6,6,6,6,0
838,8050cb81-30bf-47a6-4b0f-a892199e19c8,TCI #1 2023 AGE Interclub Trampoline Championships,,TRA,9-10 Years Male,Qualification,1,,5,TRUE,4,50600,0,99,0,,1,0,Pryce,Jye,Christchurch School of Gymnastics,01/01/0001,,2,31600,10,0,0,T,0,,,,,,,,,,,,
839,8050cb81-30bf-47a6-4b0f-a892199e19c8,TCI #1 2023 AGE Interclub Trampoline Championships,,TRA,9-10 Years Male,Qualification,1,,5,TRUE,4,50600,0,99,0,,1,0,Pryce,Jye,Christchurch School of Gymnastics,01/01/0001,,2,31600,10,0,0,D,41,0,,,,,,,,,,,
840,8050cb81-30bf-47a6-4b0f-a892199e19c8,TCI #1 2023 AGE Interclub Trampoline Championships,,TRA,9-10 Years Male,Qualification,1,,5,TRUE,4,50600,0,99,0,,1,0,Pryce,Jye,Christchurch School of Gymnastics,01/01/0001,,2,31600,10,0,0,H,880,880,0,,,,,,,,,,
841,8050cb81-30bf-47a6-4b0f-a892199e19c8,TCI #1 2023 AGE Interclub Trampoline Championships,,TRA,11-12 Years Male,Qualification,1,,1,TRUE,7,64300,0,99,0,,1,0,Buwalds,Jett,ICE Gymsports North Canterbury,01/01/0001,,1,31700,10,0,0,E1,73,3,2,2,2,2,3,4,3,3,3,0,0
842,8050cb81-30bf-47a6-4b0f-a892199e19c8,TCI #1 2023 AGE Interclub Trampoline Championships,,TRA,11-12 Years Male,Qualification,1,,1,TRUE,7,64300,0,99,0,,1,0,Buwalds,Jett,ICE Gymsports North Canterbury,01/01/0001,,1,31700,10,0,0,E2,72,3,2,2,3,3,3,3,3,3,3,0,0
843,8050cb81-30bf-47a6-4b0f-a892199e19c8,TCI #1 2023 AGE Interclub Trampoline Championships,,TRA,11-12 Years Male,Qualification,1,,1,TRUE,7,64300,0,99,0,,1,0,Buwalds,Jett,ICE Gymsports North Canterbury,01/01/0001,,1,31700,10,0,0,E3,74,3,3,2,2,4,3,2,2,3,2,0,0
844,8050cb81-30bf-47a6-4b0f-a892199e19c8,TCI #1 2023 AGE Interclub Trampoline Championships,,TRA,11-12 Years Male,Qualification,1,,1,TRUE,7,64300,0,99,0,,1,0,Buwalds,Jett,ICE Gymsports North Canterbury,01/01/0001,,1,31700,10,0,0,E4,100,,,,,,,,,,,,
845,8050cb81-30bf-47a6-4b0f-a892199e19c8,TCI #1 2023 AGE Interclub Trampoline Championships,,TRA,11-12 Years Male,Qualification,1,,1,TRUE,7,64300,0,99,0,,1,0,Buwalds,Jett,ICE Gymsports North Canterbury,01/01/0001,,1,31700,10,0,0,E5,100,,,,,,,,,,,,
846,8050cb81-30bf-47a6-4b0f-a892199e19c8,TCI #1 2023 AGE Interclub Trampoline Championships,,TRA,11-12 Years Male,Qualification,1,,1,TRUE,7,64300,0,99,0,,1,0,Buwalds,Jett,ICE Gymsports North Canterbury,01/01/0001,,1,31700,10,0,0,E8,100,,,,,,,,,,,,
847,8050cb81-30bf-47a6-4b0f-a892199e19c8,TCI #1 2023 AGE Interclub Trampoline Championships,,TRA,11-12 Years Male,Qualification,1,,1,TRUE,7,64300,0,99,0,,1,0,Buwalds,Jett,ICE Gymsports North Canterbury,01/01/0001,,1,31700,10,0,0,E∑,21900,6,4,4,4,5,6,5,5,6,5,0,0
848,8050cb81-30bf-47a6-4b0f-a892199e19c8,TCI #1 2023 AGE Interclub Trampoline Championships,,TRA,11-12 Years Male,Qualification,1,,1,TRUE,7,64300,0,99,0,,1,0,Buwalds,Jett,ICE Gymsports North Canterbury,01/01/0001,,1,31700,10,0,0,T,0,,,,,,,,,,,,
849,8050cb81-30bf-47a6-4b0f-a892199e19c8,TCI #1 2023 AGE Interclub Trampoline Championships,,TRA,11-12 Years Male,Qualification,1,,1,TRUE,7,64300,0,99,0,,1,0,Buwalds,Jett,ICE Gymsports North Canterbury,01/01/0001,,1,31700,10,0,0,D,0,0,,,,,,,,,,,
850,8050cb81-30bf-47a6-4b0f-a892199e19c8,TCI #1 2023 AGE Interclub Trampoline Championships,,TRA,11-12 Years Male,Qualification,1,,1,TRUE,7,64300,0,99,0,,1,0,Buwalds,Jett,ICE Gymsports North Canterbury,01/01/0001,,1,31700,10,0,0,H,980,980,0,,,,,,,,,,
851,8050cb81-30bf-47a6-4b0f-a892199e19c8,TCI #1 2023 AGE Interclub Trampoline Championships,,TRA,11-12 Years Male,Qualification,1,,1,TRUE,7,64300,0,99,0,,1,0,Buwalds,Jett,ICE Gymsports North Canterbury,01/01/0001,,2,32600,10,0,0,E1,68,3,3,2,3,3,3,3,3,3,4,2,0
852,8050cb81-30bf-47a6-4b0f-a892199e19c8,TCI #1 2023 AGE Interclub Trampoline Championships,,TRA,11-12 Years Male,Qualification,1,,1,TRUE,7,64300,0,99,0,,1,0,Buwalds,Jett,ICE Gymsports North Canterbury,01/01/0001,,2,32600,10,0,0,E2,72,3,3,2,3,3,3,2,3,3,3,0,0
853,8050cb81-30bf-47a6-4b0f-a892199e19c8,TCI #1 2023 AGE Interclub Trampoline Championships,,TRA,11-12 Years Male,Qualification,1,,1,TRUE,7,64300,0,99,0,,1,0,Buwalds,Jett,ICE Gymsports North Canterbury,01/01/0001,,2,32600,10,0,0,E3,67,3,3,2,3,4,3,3,3,3,3,3,0
854,8050cb81-30bf-47a6-4b0f-a892199e19c8,TCI #1 2023 AGE Interclub Trampoline Championships,,TRA,11-12 Years Male,Qualification,1,,1,TRUE,7,64300,0,99,0,,1,0,Buwalds,Jett,ICE Gymsports North Canterbury,01/01/0001,,2,32600,10,0,0,E4,100,,,,,,,,,,,,
855,8050cb81-30bf-47a6-4b0f-a892199e19c8,TCI #1 2023 AGE Interclub Trampoline Championships,,TRA,11-12 Years Male,Qualification,1,,1,TRUE,7,64300,0,99,0,,1,0,Buwalds,Jett,ICE Gymsports North Canterbury,01/01/0001,,2,32600,10,0,0,E5,100,,,,,,,,,,,,
856,8050cb81-30bf-47a6-4b0f-a892199e19c8,TCI #1 2023 AGE Interclub Trampoline Championships,,TRA,11-12 Years Male,Qualification,1,,1,TRUE,7,64300,0,99,0,,1,0,Buwalds,Jett,ICE Gymsports North Canterbury,01/01/0001,,2,32600,10,0,0,E8,100,,,,,,,,,,,,
857,8050cb81-30bf-47a6-4b0f-a892199e19c8,TCI #1 2023 AGE Interclub Trampoline Championships,,TRA,11-12 Years Male,Qualification,1,,1,TRUE,7,64300,0,99,0,,1,0,Buwalds,Jett,ICE Gymsports North Canterbury,01/01/0001,,2,32600,10,0,0,E∑,20700,6,6,4,6,6,6,5,6,6,6,2,0
858,8050cb81-30bf-47a6-4b0f-a892199e19c8,TCI #1 2023 AGE Interclub Trampoline Championships,,TRA,11-12 Years Male,Qualification,1,,1,TRUE,7,64300,0,99,0,,1,0,Buwalds,Jett,ICE Gymsports North Canterbury,01/01/0001,,2,32600,10,0,0,T,0,,,,,,,,,,,,
859,8050cb81-30bf-47a6-4b0f-a892199e19c8,TCI #1 2023 AGE Interclub Trampoline Championships,,TRA,11-12 Years Male,Qualification,1,,1,TRUE,7,64300,0,99,0,,1,0,Buwalds,Jett,ICE Gymsports North Canterbury,01/01/0001,,2,32600,10,0,0,D,22,0,,,,,,,,,,,
860,8050cb81-30bf-47a6-4b0f-a892199e19c8,TCI #1 2023 AGE Interclub Trampoline Championships,,TRA,11-12 Years Male,Qualification,1,,1,TRUE,7,64300,0,99,0,,1,0,Buwalds,Jett,ICE Gymsports North Canterbury,01/01/0001,,2,32600,10,0,0,H,970,970,0,,,,,,,,,,
861,8050cb81-30bf-47a6-4b0f-a892199e19c8,TCI #1 2023 AGE Interclub Trampoline Championships,,TRA,11-12 Years Male,Qualification,1,,2,TRUE,6,65700,0,99,0,,1,0,Forgoes,Harry,ICE Gymsports North Canterbury,01/01/0001,,1,32100,10,0,0,E1,76,3,2,2,2,2,2,3,2,3,3,0,0
862,8050cb81-30bf-47a6-4b0f-a892199e19c8,TCI #1 2023 AGE Interclub Trampoline Championships,,TRA,11-12 Years Male,Qualification,1,,2,TRUE,6,65700,0,99,0,,1,0,Forgoes,Harry,ICE Gymsports North Canterbury,01/01/0001,,1,32100,10,0,0,E2,75,3,2,2,3,2,3,3,1,2,4,0,0
863,8050cb81-30bf-47a6-4b0f-a892199e19c8,TCI #1 2023 AGE Interclub Trampoline Championships,,TRA,11-12 Years Male,Qualification,1,,2,TRUE,6,65700,0,99,0,,1,0,Forgoes,Harry,ICE Gymsports North Canterbury,01/01/0001,,1,32100,10,0,0,E3,73,3,3,2,2,3,2,3,3,3,3,0,0
864,8050cb81-30bf-47a6-4b0f-a892199e19c8,TCI #1 2023 AGE Interclub Trampoline Championships,,TRA,11-12 Years Male,Qualification,1,,2,TRUE,6,65700,0,99,0,,1,0,Forgoes,Harry,ICE Gymsports North Canterbury,01/01/0001,,1,32100,10,0,0,E4,100,,,,,,,,,,,,
865,8050cb81-30bf-47a6-4b0f-a892199e19c8,TCI #1 2023 AGE Interclub Trampoline Championships,,TRA,11-12 Years Male,Qualification,1,,2,TRUE,6,65700,0,99,0,,1,0,Forgoes,Harry,ICE Gymsports North Canterbury,01/01/0001,,1,32100,10,0,0,E5,100,,,,,,,,,,,,
866,8050cb81-30bf-47a6-4b0f-a892199e19c8,TCI #1 2023 AGE Interclub Trampoline Championships,,TRA,11-12 Years Male,Qualification,1,,2,TRUE,6,65700,0,99,0,,1,0,Forgoes,Harry,ICE Gymsports North Canterbury,01/01/0001,,1,32100,10,0,0,E8,100,,,,,,,,,,,,
867,8050cb81-30bf-47a6-4b0f-a892199e19c8,TCI #1 2023 AGE Interclub Trampoline Championships,,TRA,11-12 Years Male,Qualification,1,,2,TRUE,6,65700,0,99,0,,1,0,Forgoes,Harry,ICE Gymsports North Canterbury,01/01/0001,,1,32100,10,0,0,E∑,22400,6,4,4,4,4,4,6,3,5,6,0,0
868,8050cb81-30bf-47a6-4b0f-a892199e19c8,TCI #1 2023 AGE Interclub Trampoline Championships,,TRA,11-12 Years Male,Qualification,1,,2,TRUE,6,65700,0,99,0,,1,0,Forgoes,Harry,ICE Gymsports North Canterbury,01/01/0001,,1,32100,10,0,0,T,0,,,,,,,,,,,,
869,8050cb81-30bf-47a6-4b0f-a892199e19c8,TCI #1 2023 AGE Interclub Trampoline Championships,,TRA,11-12 Years Male,Qualification,1,,2,TRUE,6,65700,0,99,0,,1,0,Forgoes,Harry,ICE Gymsports North Canterbury,01/01/0001,,1,32100,10,0,0,D,0,0,,,,,,,,,,,
870,8050cb81-30bf-47a6-4b0f-a892199e19c8,TCI #1 2023 AGE Interclub Trampoline Championships,,TRA,11-12 Years Male,Qualification,1,,2,TRUE,6,65700,0,99,0,,1,0,Forgoes,Harry,ICE Gymsports North Canterbury,01/01/0001,,1,32100,10,0,0,H,970,970,0,,,,,,,,,,
871,8050cb81-30bf-47a6-4b0f-a892199e19c8,TCI #1 2023 AGE Interclub Trampoline Championships,,TRA,11-12 Years Male,Qualification,1,,2,TRUE,6,65700,0,99,0,,1,0,Forgoes,Harry,ICE Gymsports North Canterbury,01/01/0001,,2,33600,10,0,0,E1,76,3,2,2,2,2,2,2,2,3,2,2,0
872,8050cb81-30bf-47a6-4b0f-a892199e19c8,TCI #1 2023 AGE Interclub Trampoline Championships,,TRA,11-12 Years Male,Qualification,1,,2,TRUE,6,65700,0,99,0,,1,0,Forgoes,Harry,ICE Gymsports North Canterbury,01/01/0001,,2,33600,10,0,0,E2,75,3,2,2,3,2,2,2,2,3,4,0,0
873,8050cb81-30bf-47a6-4b0f-a892199e19c8,TCI #1 2023 AGE Interclub Trampoline Championships,,TRA,11-12 Years Male,Qualification,1,,2,TRUE,6,65700,0,99,0,,1,0,Forgoes,Harry,ICE Gymsports North Canterbury,01/01/0001,,2,33600,10,0,0,E3,72,3,3,2,3,3,2,3,3,3,3,0,0
874,8050cb81-30bf-47a6-4b0f-a892199e19c8,TCI #1 2023 AGE Interclub Trampoline Championships,,TRA,11-12 Years Male,Qualification,1,,2,TRUE,6,65700,0,99,0,,1,0,Forgoes,Harry,ICE Gymsports North Canterbury,01/01/0001,,2,33600,10,0,0,E4,100,,,,,,,,,,,,
875,8050cb81-30bf-47a6-4b0f-a892199e19c8,TCI #1 2023 AGE Interclub Trampoline Championships,,TRA,11-12 Years Male,Qualification,1,,2,TRUE,6,65700,0,99,0,,1,0,Forgoes,Harry,ICE Gymsports North Canterbury,01/01/0001,,2,33600,10,0,0,E5,100,,,,,,,,,,,,
876,8050cb81-30bf-47a6-4b0f-a892199e19c8,TCI #1 2023 AGE Interclub Trampoline Championships,,TRA,11-12 Years Male,Qualification,1,,2,TRUE,6,65700,0,99,0,,1,0,Forgoes,Harry,ICE Gymsports North Canterbury,01/01/0001,,2,33600,10,0,0,E8,100,,,,,,,,,,,,
877,8050cb81-30bf-47a6-4b0f-a892199e19c8,TCI #1 2023 AGE Interclub Trampoline Championships,,TRA,11-12 Years Male,Qualification,1,,2,TRUE,6,65700,0,99,0,,1,0,Forgoes,Harry,ICE Gymsports North Canterbury,01/01/0001,,2,33600,10,0,0,E∑,22300,6,4,4,5,4,4,4,4,6,5,0,0
878,8050cb81-30bf-47a6-4b0f-a892199e19c8,TCI #1 2023 AGE Interclub Trampoline Championships,,TRA,11-12 Years Male,Qualification,1,,2,TRUE,6,65700,0,99,0,,1,0,Forgoes,Harry,ICE Gymsports North Canterbury,01/01/0001,,2,33600,10,0,0,T,0,,,,,,,,,,,,
879,8050cb81-30bf-47a6-4b0f-a892199e19c8,TCI #1 2023 AGE Interclub Trampoline Championships,,TRA,11-12 Years Male,Qualification,1,,2,TRUE,6,65700,0,99,0,,1,0,Forgoes,Harry,ICE Gymsports North Canterbury,01/01/0001,,2,33600,10,0,0,D,16,0,,,,,,,,,,,
880,8050cb81-30bf-47a6-4b0f-a892199e19c8,TCI #1 2023 AGE Interclub Trampoline Championships,,TRA,11-12 Years Male,Qualification,1,,2,TRUE,6,65700,0,99,0,,1,0,Forgoes,Harry,ICE Gymsports North Canterbury,01/01/0001,,2,33600,10,0,0,H,970,970,0,,,,,,,,,,
881,8050cb81-30bf-47a6-4b0f-a892199e19c8,TCI #1 2023 AGE Interclub Trampoline Championships,,TRA,11-12 Years Male,Qualification,1,,3,TRUE,1,70600,0,99,0,,1,0,Cowan,Jacob,ICE Gymsports North Canterbury,01/01/0001,,1,34000,10,0,0,E1,79,2,2,2,2,2,2,2,2,2,3,0,0
882,8050cb81-30bf-47a6-4b0f-a892199e19c8,TCI #1 2023 AGE Interclub Trampoline Championships,,TRA,11-12 Years Male,Qualification,1,,3,TRUE,1,70600,0,99,0,,1,0,Cowan,Jacob,ICE Gymsports North Canterbury,01/01/0001,,1,34000,10,0,0,E2,79,2,2,1,2,1,2,3,2,3,3,0,0
883,8050cb81-30bf-47a6-4b0f-a892199e19c8,TCI #1 2023 AGE Interclub Trampoline Championships,,TRA,11-12 Years Male,Qualification,1,,3,TRUE,1,70600,0,99,0,,1,0,Cowan,Jacob,ICE Gymsports North Canterbury,01/01/0001,,1,34000,10,0,0,E3,82,1,2,2,1,2,2,2,1,2,2,1,0
884,8050cb81-30bf-47a6-4b0f-a892199e19c8,TCI #1 2023 AGE Interclub Trampoline Championships,,TRA,11-12 Years Male,Qualification,1,,3,TRUE,1,70600,0,99,0,,1,0,Cowan,Jacob,ICE Gymsports North Canterbury,01/01/0001,,1,34000,10,0,0,E4,100,,,,,,,,,,,,
885,8050cb81-30bf-47a6-4b0f-a892199e19c8,TCI #1 2023 AGE Interclub Trampoline Championships,,TRA,11-12 Years Male,Qualification,1,,3,TRUE,1,70600,0,99,0,,1,0,Cowan,Jacob,ICE Gymsports North Canterbury,01/01/0001,,1,34000,10,0,0,E5,100,,,,,,,,,,,,
886,8050cb81-30bf-47a6-4b0f-a892199e19c8,TCI #1 2023 AGE Interclub Trampoline Championships,,TRA,11-12 Years Male,Qualification,1,,3,TRUE,1,70600,0,99,0,,1,0,Cowan,Jacob,ICE Gymsports North Canterbury,01/01/0001,,1,34000,10,0,0,E8,100,,,,,,,,,,,,
887,8050cb81-30bf-47a6-4b0f-a892199e19c8,TCI #1 2023 AGE Interclub Trampoline Championships,,TRA,11-12 Years Male,Qualification,1,,3,TRUE,1,70600,0,99,0,,1,0,Cowan,Jacob,ICE Gymsports North Canterbury,01/01/0001,,1,34000,10,0,0,E∑,24000,3,4,3,3,3,4,4,3,4,5,0,0
888,8050cb81-30bf-47a6-4b0f-a892199e19c8,TCI #1 2023 AGE Interclub Trampoline Championships,,TRA,11-12 Years Male,Qualification,1,,3,TRUE,1,70600,0,99,0,,1,0,Cowan,Jacob,ICE Gymsports North Canterbury,01/01/0001,,1,34000,10,0,0,T,0,,,,,,,,,,,,
889,8050cb81-30bf-47a6-4b0f-a892199e19c8,TCI #1 2023 AGE Interclub Trampoline Championships,,TRA,11-12 Years Male,Qualification,1,,3,TRUE,1,70600,0,99,0,,1,0,Cowan,Jacob,ICE Gymsports North Canterbury,01/01/0001,,1,34000,10,0,0,D,0,0,,,,,,,,,,,
890,8050cb81-30bf-47a6-4b0f-a892199e19c8,TCI #1 2023 AGE Interclub Trampoline Championships,,TRA,11-12 Years Male,Qualification,1,,3,TRUE,1,70600,0,99,0,,1,0,Cowan,Jacob,ICE Gymsports North Canterbury,01/01/0001,,1,34000,10,0,0,H,1000,1000,0,,,,,,,,,,
891,8050cb81-30bf-47a6-4b0f-a892199e19c8,TCI #1 2023 AGE Interclub Trampoline Championships,,TRA,11-12 Years Male,Qualification,1,,3,TRUE,1,70600,0,99,0,,1,0,Cowan,Jacob,ICE Gymsports North Canterbury,01/01/0001,,2,36600,10,0,0,E1,79,2,2,2,2,2,2,2,2,2,3,0,0
892,8050cb81-30bf-47a6-4b0f-a892199e19c8,TCI #1 2023 AGE Interclub Trampoline Championships,,TRA,11-12 Years Male,Qualification,1,,3,TRUE,1,70600,0,99,0,,1,0,Cowan,Jacob,ICE Gymsports North Canterbury,01/01/0001,,2,36600,10,0,0,E2,83,1,2,1,2,1,1,1,3,3,2,0,0
893,8050cb81-30bf-47a6-4b0f-a892199e19c8,TCI #1 2023 AGE Interclub Trampoline Championships,,TRA,11-12 Years Male,Qualification,1,,3,TRUE,1,70600,0,99,0,,1,0,Cowan,Jacob,ICE Gymsports North Canterbury,01/01/0001,,2,36600,10,0,0,E3,83,2,2,1,1,2,2,2,1,2,2,0,0
894,8050cb81-30bf-47a6-4b0f-a892199e19c8,TCI #1 2023 AGE Interclub Trampoline Championships,,TRA,11-12 Years Male,Qualification,1,,3,TRUE,1,70600,0,99,0,,1,0,Cowan,Jacob,ICE Gymsports North Canterbury,01/01/0001,,2,36600,10,0,0,E4,100,,,,,,,,,,,,
895,8050cb81-30bf-47a6-4b0f-a892199e19c8,TCI #1 2023 AGE Interclub Trampoline Championships,,TRA,11-12 Years Male,Qualification,1,,3,TRUE,1,70600,0,99,0,,1,0,Cowan,Jacob,ICE Gymsports North Canterbury,01/01/0001,,2,36600,10,0,0,E5,100,,,,,,,,,,,,
896,8050cb81-30bf-47a6-4b0f-a892199e19c8,TCI #1 2023 AGE Interclub Trampoline Championships,,TRA,11-12 Years Male,Qualification,1,,3,TRUE,1,70600,0,99,0,,1,0,Cowan,Jacob,ICE Gymsports North Canterbury,01/01/0001,,2,36600,10,0,0,E8,100,,,,,,,,,,,,
897,8050cb81-30bf-47a6-4b0f-a892199e19c8,TCI #1 2023 AGE Interclub Trampoline Championships,,TRA,11-12 Years Male,Qualification,1,,3,TRUE,1,70600,0,99,0,,1,0,Cowan,Jacob,ICE Gymsports North Canterbury,01/01/0001,,2,36600,10,0,0,E∑,24500,3,4,2,3,3,3,3,3,4,4,0,0
898,8050cb81-30bf-47a6-4b0f-a892199e19c8,TCI #1 2023 AGE Interclub Trampoline Championships,,TRA,11-12 Years Male,Qualification,1,,3,TRUE,1,70600,0,99,0,,1,0,Cowan,Jacob,ICE Gymsports North Canterbury,01/01/0001,,2,36600,10,0,0,T,0,,,,,,,,,,,,
899,8050cb81-30bf-47a6-4b0f-a892199e19c8,TCI #1 2023 AGE Interclub Trampoline Championships,,TRA,11-12 Years Male,Qualification,1,,3,TRUE,1,70600,0,99,0,,1,0,Cowan,Jacob,ICE Gymsports North Canterbury,01/01/0001,,2,36600,10,0,0,D,22,0,,,,,,,,,,,
900,8050cb81-30bf-47a6-4b0f-a892199e19c8,TCI #1 2023 AGE Interclub Trampoline Championships,,TRA,11-12 Years Male,Qualification,1,,3,TRUE,1,70600,0,99,0,,1,0,Cowan,Jacob,ICE Gymsports North Canterbury,01/01/0001,,2,36600,10,0,0,H,990,990,0,,,,,,,,,,
901,8050cb81-30bf-47a6-4b0f-a892199e19c8,TCI #1 2023 AGE Interclub Trampoline Championships,,TRA,11-12 Years Male,Qualification,1,,4,TRUE,2,69400,0,99,0,,1,0,Stanley,Jack,Dynamic Gymnastics Sports,01/01/0001,,1,33400,10,0,0,E1,76,2,2,3,2,3,2,3,2,2,3,0,0
902,8050cb81-30bf-47a6-4b0f-a892199e19c8,TCI #1 2023 AGE Interclub Trampoline Championships,,TRA,11-12 Years Male,Qualification,1,,4,TRUE,2,69400,0,99,0,,1,0,Stanley,Jack,Dynamic Gymnastics Sports,01/01/0001,,1,33400,10,0,0,E2,76,2,2,3,2,3,3,2,3,2,2,0,0
903,8050cb81-30bf-47a6-4b0f-a892199e19c8,TCI #1 2023 AGE Interclub Trampoline Championships,,TRA,11-12 Years Male,Qualification,1,,4,TRUE,2,69400,0,99,0,,1,0,Stanley,Jack,Dynamic Gymnastics Sports,01/01/0001,,1,33400,10,0,0,E3,83,2,2,2,2,2,1,1,1,2,2,0,0
904,8050cb81-30bf-47a6-4b0f-a892199e19c8,TCI #1 2023 AGE Interclub Trampoline Championships,,TRA,11-12 Years Male,Qualification,1,,4,TRUE,2,69400,0,99,0,,1,0,Stanley,Jack,Dynamic Gymnastics Sports,01/01/0001,,1,33400,10,0,0,E4,100,,,,,,,,,,,,
905,8050cb81-30bf-47a6-4b0f-a892199e19c8,TCI #1 2023 AGE Interclub Trampoline Championships,,TRA,11-12 Years Male,Qualification,1,,4,TRUE,2,69400,0,99,0,,1,0,Stanley,Jack,Dynamic Gymnastics Sports,01/01/0001,,1,33400,10,0,0,E5,100,,,,,,,,,,,,
906,8050cb81-30bf-47a6-4b0f-a892199e19c8,TCI #1 2023 AGE Interclub Trampoline Championships,,TRA,11-12 Years Male,Qualification,1,,4,TRUE,2,69400,0,99,0,,1,0,Stanley,Jack,Dynamic Gymnastics Sports,01/01/0001,,1,33400,10,0,0,E8,100,,,,,,,,,,,,
907,8050cb81-30bf-47a6-4b0f-a892199e19c8,TCI #1 2023 AGE Interclub Trampoline Championships,,TRA,11-12 Years Male,Qualification,1,,4,TRUE,2,69400,0,99,0,,1,0,Stanley,Jack,Dynamic Gymnastics Sports,01/01/0001,,1,33400,10,0,0,E∑,23500,4,4,5,4,5,3,3,3,4,4,0,0
908,8050cb81-30bf-47a6-4b0f-a892199e19c8,TCI #1 2023 AGE Interclub Trampoline Championships,,TRA,11-12 Years Male,Qualification,1,,4,TRUE,2,69400,0,99,0,,1,0,Stanley,Jack,Dynamic Gymnastics Sports,01/01/0001,,1,33400,10,0,0,T,0,,,,,,,,,,,,
909,8050cb81-30bf-47a6-4b0f-a892199e19c8,TCI #1 2023 AGE Interclub Trampoline Championships,,TRA,11-12 Years Male,Qualification,1,,4,TRUE,2,69400,0,99,0,,1,0,Stanley,Jack,Dynamic Gymnastics Sports,01/01/0001,,1,33400,10,0,0,D,0,0,,,,,,,,,,,
910,8050cb81-30bf-47a6-4b0f-a892199e19c8,TCI #1 2023 AGE Interclub Trampoline Championships,,TRA,11-12 Years Male,Qualification,1,,4,TRUE,2,69400,0,99,0,,1,0,Stanley,Jack,Dynamic Gymnastics Sports,01/01/0001,,1,33400,10,0,0,H,990,990,0,,,,,,,,,,
911,8050cb81-30bf-47a6-4b0f-a892199e19c8,TCI #1 2023 AGE Interclub Trampoline Championships,,TRA,11-12 Years Male,Qualification,1,,4,TRUE,2,69400,0,99,0,,1,0,Stanley,Jack,Dynamic Gymnastics Sports,01/01/0001,,2,36000,10,0,0,E1,65,2,3,3,4,3,4,4,4,4,4,0,0
912,8050cb81-30bf-47a6-4b0f-a892199e19c8,TCI #1 2023 AGE Interclub Trampoline Championships,,TRA,11-12 Years Male,Qualification,1,,4,TRUE,2,69400,0,99,0,,1,0,Stanley,Jack,Dynamic Gymnastics Sports,01/01/0001,,2,36000,10,0,0,E2,72,2,3,2,3,3,3,3,3,3,3,0,0
913,8050cb81-30bf-47a6-4b0f-a892199e19c8,TCI #1 2023 AGE Interclub Trampoline Championships,,TRA,11-12 Years Male,Qualification,1,,4,TRUE,2,69400,0,99,0,,1,0,Stanley,Jack,Dynamic Gymnastics Sports,01/01/0001,,2,36000,10,0,0,E3,71,2,2,1,3,3,4,3,4,3,3,1,0
914,8050cb81-30bf-47a6-4b0f-a892199e19c8,TCI #1 2023 AGE Interclub Trampoline Championships,,TRA,11-12 Years Male,Qualification,1,,4,TRUE,2,69400,0,99,0,,1,0,Stanley,Jack,Dynamic Gymnastics Sports,01/01/0001,,2,36000,10,0,0,E4,100,,,,,,,,,,,,
915,8050cb81-30bf-47a6-4b0f-a892199e19c8,TCI #1 2023 AGE Interclub Trampoline Championships,,TRA,11-12 Years Male,Qualification,1,,4,TRUE,2,69400,0,99,0,,1,0,Stanley,Jack,Dynamic Gymnastics Sports,01/01/0001,,2,36000,10,0,0,E5,100,,,,,,,,,,,,
916,8050cb81-30bf-47a6-4b0f-a892199e19c8,TCI #1 2023 AGE Interclub Trampoline Championships,,TRA,11-12 Years Male,Qualification,1,,4,TRUE,2,69400,0,99,0,,1,0,Stanley,Jack,Dynamic Gymnastics Sports,01/01/0001,,2,36000,10,0,0,E8,100,,,,,,,,,,,,
917,8050cb81-30bf-47a6-4b0f-a892199e19c8,TCI #1 2023 AGE Interclub Trampoline Championships,,TRA,11-12 Years Male,Qualification,1,,4,TRUE,2,69400,0,99,0,,1,0,Stanley,Jack,Dynamic Gymnastics Sports,01/01/0001,,2,36000,10,0,0,E∑,20800,4,5,3,6,6,7,6,7,6,6,0,0
918,8050cb81-30bf-47a6-4b0f-a892199e19c8,TCI #1 2023 AGE Interclub Trampoline Championships,,TRA,11-12 Years Male,Qualification,1,,4,TRUE,2,69400,0,99,0,,1,0,Stanley,Jack,Dynamic Gymnastics Sports,01/01/0001,,2,36000,10,0,0,T,0,,,,,,,,,,,,
919,8050cb81-30bf-47a6-4b0f-a892199e19c8,TCI #1 2023 AGE Interclub Trampoline Championships,,TRA,11-12 Years Male,Qualification,1,,4,TRUE,2,69400,0,99,0,,1,0,Stanley,Jack,Dynamic Gymnastics Sports,01/01/0001,,2,36000,10,0,0,D,52,0,,,,,,,,,,,
920,8050cb81-30bf-47a6-4b0f-a892199e19c8,TCI #1 2023 AGE Interclub Trampoline Championships,,TRA,11-12 Years Male,Qualification,1,,4,TRUE,2,69400,0,99,0,,1,0,Stanley,Jack,Dynamic Gymnastics Sports,01/01/0001,,2,36000,10,0,0,H,1000,1000,0,,,,,,,,,,
921,8050cb81-30bf-47a6-4b0f-a892199e19c8,TCI #1 2023 AGE Interclub Trampoline Championships,,TRA,11-12 Years Male,Qualification,1,,5,TRUE,8,63100,0,99,0,,1,0,Scheepers,Wilhelm,Dynamic Gymnastics Sports,01/01/0001,,1,32100,10,0,0,E1,71,2,2,2,2,3,3,3,3,4,4,1,0
922,8050cb81-30bf-47a6-4b0f-a892199e19c8,TCI #1 2023 AGE Interclub Trampoline Championships,,TRA,11-12 Years Male,Qualification,1,,5,TRUE,8,63100,0,99,0,,1,0,Scheepers,Wilhelm,Dynamic Gymnastics Sports,01/01/0001,,1,32100,10,0,0,E2,77,2,1,2,2,3,2,2,3,3,3,0,0
923,8050cb81-30bf-47a6-4b0f-a892199e19c8,TCI #1 2023 AGE Interclub Trampoline Championships,,TRA,11-12 Years Male,Qualification,1,,5,TRUE,8,63100,0,99,0,,1,0,Scheepers,Wilhelm,Dynamic Gymnastics Sports,01/01/0001,,1,32100,10,0,0,E3,75,2,2,2,2,2,3,3,3,3,3,0,0
924,8050cb81-30bf-47a6-4b0f-a892199e19c8,TCI #1 2023 AGE Interclub Trampoline Championships,,TRA,11-12 Years Male,Qualification,1,,5,TRUE,8,63100,0,99,0,,1,0,Scheepers,Wilhelm,Dynamic Gymnastics Sports,01/01/0001,,1,32100,10,0,0,E4,100,,,,,,,,,,,,
925,8050cb81-30bf-47a6-4b0f-a892199e19c8,TCI #1 2023 AGE Interclub Trampoline Championships,,TRA,11-12 Years Male,Qualification,1,,5,TRUE,8,63100,0,99,0,,1,0,Scheepers,Wilhelm,Dynamic Gymnastics Sports,01/01/0001,,1,32100,10,0,0,E5,100,,,,,,,,,,,,
926,8050cb81-30bf-47a6-4b0f-a892199e19c8,TCI #1 2023 AGE Interclub Trampoline Championships,,TRA,11-12 Years Male,Qualification,1,,5,TRUE,8,63100,0,99,0,,1,0,Scheepers,Wilhelm,Dynamic Gymnastics Sports,01/01/0001,,1,32100,10,0,0,E8,100,,,,,,,,,,,,
927,8050cb81-30bf-47a6-4b0f-a892199e19c8,TCI #1 2023 AGE Interclub Trampoline Championships,,TRA,11-12 Years Male,Qualification,1,,5,TRUE,8,63100,0,99,0,,1,0,Scheepers,Wilhelm,Dynamic Gymnastics Sports,01/01/0001,,1,32100,10,0,0,E∑,22300,4,3,4,4,5,5,5,6,6,6,0,0
928,8050cb81-30bf-47a6-4b0f-a892199e19c8,TCI #1 2023 AGE Interclub Trampoline Championships,,TRA,11-12 Years Male,Qualification,1,,5,TRUE,8,63100,0,99,0,,1,0,Scheepers,Wilhelm,Dynamic Gymnastics Sports,01/01/0001,,1,32100,10,0,0,T,0,,,,,,,,,,,,
929,8050cb81-30bf-47a6-4b0f-a892199e19c8,TCI #1 2023 AGE Interclub Trampoline Championships,,TRA,11-12 Years Male,Qualification,1,,5,TRUE,8,63100,0,99,0,,1,0,Scheepers,Wilhelm,Dynamic Gymnastics Sports,01/01/0001,,1,32100,10,0,0,D,0,0,,,,,,,,,,,
930,8050cb81-30bf-47a6-4b0f-a892199e19c8,TCI #1 2023 AGE Interclub Trampoline Championships,,TRA,11-12 Years Male,Qualification,1,,5,TRUE,8,63100,0,99,0,,1,0,Scheepers,Wilhelm,Dynamic Gymnastics Sports,01/01/0001,,1,32100,10,0,0,H,980,980,0,,,,,,,,,,
931,8050cb81-30bf-47a6-4b0f-a892199e19c8,TCI #1 2023 AGE Interclub Trampoline Championships,,TRA,11-12 Years Male,Qualification,1,,5,TRUE,8,63100,0,99,0,,1,0,Scheepers,Wilhelm,Dynamic Gymnastics Sports,01/01/0001,,2,31000,10,0,0,E1,60,3,3,2,2,2,4,3,3,4,4,0,10
932,8050cb81-30bf-47a6-4b0f-a892199e19c8,TCI #1 2023 AGE Interclub Trampoline Championships,,TRA,11-12 Years Male,Qualification,1,,5,TRUE,8,63100,0,99,0,,1,0,Scheepers,Wilhelm,Dynamic Gymnastics Sports,01/01/0001,,2,31000,10,0,0,E2,65,2,2,2,2,3,3,2,3,3,3,0,10
933,8050cb81-30bf-47a6-4b0f-a892199e19c8,TCI #1 2023 AGE Interclub Trampoline Championships,,TRA,11-12 Years Male,Qualification,1,,5,TRUE,8,63100,0,99,0,,1,0,Scheepers,Wilhelm,Dynamic Gymnastics Sports,01/01/0001,,2,31000,10,0,0,E3,65,3,2,2,2,2,1,3,2,4,4,0,10
934,8050cb81-30bf-47a6-4b0f-a892199e19c8,TCI #1 2023 AGE Interclub Trampoline Championships,,TRA,11-12 Years Male,Qualification,1,,5,TRUE,8,63100,0,99,0,,1,0,Scheepers,Wilhelm,Dynamic Gymnastics Sports,01/01/0001,,2,31000,10,0,0,E4,100,,,,,,,,,,,,
935,8050cb81-30bf-47a6-4b0f-a892199e19c8,TCI #1 2023 AGE Interclub Trampoline Championships,,TRA,11-12 Years Male,Qualification,1,,5,TRUE,8,63100,0,99,0,,1,0,Scheepers,Wilhelm,Dynamic Gymnastics Sports,01/01/0001,,2,31000,10,0,0,E5,100,,,,,,,,,,,,
936,8050cb81-30bf-47a6-4b0f-a892199e19c8,TCI #1 2023 AGE Interclub Trampoline Championships,,TRA,11-12 Years Male,Qualification,1,,5,TRUE,8,63100,0,99,0,,1,0,Scheepers,Wilhelm,Dynamic Gymnastics Sports,01/01/0001,,2,31000,10,0,0,E8,100,,,,,,,,,,,,
937,8050cb81-30bf-47a6-4b0f-a892199e19c8,TCI #1 2023 AGE Interclub Trampoline Championships,,TRA,11-12 Years Male,Qualification,1,,5,TRUE,8,63100,0,99,0,,1,0,Scheepers,Wilhelm,Dynamic Gymnastics Sports,01/01/0001,,2,31000,10,0,0,E∑,19000,5,4,4,4,4,4,5,5,7,7,0,20
938,8050cb81-30bf-47a6-4b0f-a892199e19c8,TCI #1 2023 AGE Interclub Trampoline Championships,,TRA,11-12 Years Male,Qualification,1,,5,TRUE,8,63100,0,99,0,,1,0,Scheepers,Wilhelm,Dynamic Gymnastics Sports,01/01/0001,,2,31000,10,0,0,T,0,,,,,,,,,,,,
939,8050cb81-30bf-47a6-4b0f-a892199e19c8,TCI #1 2023 AGE Interclub Trampoline Championships,,TRA,11-12 Years Male,Qualification,1,,5,TRUE,8,63100,0,99,0,,1,0,Scheepers,Wilhelm,Dynamic Gymnastics Sports,01/01/0001,,2,31000,10,0,0,D,22,0,,,,,,,,,,,
940,8050cb81-30bf-47a6-4b0f-a892199e19c8,TCI #1 2023 AGE Interclub Trampoline Championships,,TRA,11-12 Years Male,Qualification,1,,5,TRUE,8,63100,0,99,0,,1,0,Scheepers,Wilhelm,Dynamic Gymnastics Sports,01/01/0001,,2,31000,10,0,0,H,980,980,0,,,,,,,,,,
941,8050cb81-30bf-47a6-4b0f-a892199e19c8,TCI #1 2023 AGE Interclub Trampoline Championships,,TRA,11-12 Years Male,Qualification,1,,6,TRUE,5,66700,0,99,0,,1,0,Patrick,Harrison,Christchurch School of Gymnastics,01/01/0001,,1,31200,10,0,0,E1,70,3,3,3,3,3,3,3,3,3,3,0,0
942,8050cb81-30bf-47a6-4b0f-a892199e19c8,TCI #1 2023 AGE Interclub Trampoline Championships,,TRA,11-12 Years Male,Qualification,1,,6,TRUE,5,66700,0,99,0,,1,0,Patrick,Harrison,Christchurch School of Gymnastics,01/01/0001,,1,31200,10,0,0,E2,72,3,3,2,3,2,3,3,3,3,3,0,0
943,8050cb81-30bf-47a6-4b0f-a892199e19c8,TCI #1 2023 AGE Interclub Trampoline Championships,,TRA,11-12 Years Male,Qualification,1,,6,TRUE,5,66700,0,99,0,,1,0,Patrick,Harrison,Christchurch School of Gymnastics,01/01/0001,,1,31200,10,0,0,E3,72,3,3,2,2,3,3,3,3,3,2,1,0
944,8050cb81-30bf-47a6-4b0f-a892199e19c8,TCI #1 2023 AGE Interclub Trampoline Championships,,TRA,11-12 Years Male,Qualification,1,,6,TRUE,5,66700,0,99,0,,1,0,Patrick,Harrison,Christchurch School of Gymnastics,01/01/0001,,1,31200,10,0,0,E4,100,,,,,,,,,,,,
945,8050cb81-30bf-47a6-4b0f-a892199e19c8,TCI #1 2023 AGE Interclub Trampoline Championships,,TRA,11-12 Years Male,Qualification,1,,6,TRUE,5,66700,0,99,0,,1,0,Patrick,Harrison,Christchurch School of Gymnastics,01/01/0001,,1,31200,10,0,0,E5,100,,,,,,,,,,,,
946,8050cb81-30bf-47a6-4b0f-a892199e19c8,TCI #1 2023 AGE Interclub Trampoline Championships,,TRA,11-12 Years Male,Qualification,1,,6,TRUE,5,66700,0,99,0,,1,0,Patrick,Harrison,Christchurch School of Gymnastics,01/01/0001,,1,31200,10,0,0,E8,100,,,,,,,,,,,,
947,8050cb81-30bf-47a6-4b0f-a892199e19c8,TCI #1 2023 AGE Interclub Trampoline Championships,,TRA,11-12 Years Male,Qualification,1,,6,TRUE,5,66700,0,99,0,,1,0,Patrick,Harrison,Christchurch School of Gymnastics,01/01/0001,,1,31200,10,0,0,E∑,21400,6,6,4,5,5,6,6,6,6,5,0,0
948,8050cb81-30bf-47a6-4b0f-a892199e19c8,TCI #1 2023 AGE Interclub Trampoline Championships,,TRA,11-12 Years Male,Qualification,1,,6,TRUE,5,66700,0,99,0,,1,0,Patrick,Harrison,Christchurch School of Gymnastics,01/01/0001,,1,31200,10,0,0,T,0,,,,,,,,,,,,
949,8050cb81-30bf-47a6-4b0f-a892199e19c8,TCI #1 2023 AGE Interclub Trampoline Championships,,TRA,11-12 Years Male,Qualification,1,,6,TRUE,5,66700,0,99,0,,1,0,Patrick,Harrison,Christchurch School of Gymnastics,01/01/0001,,1,31200,10,0,0,D,0,0,,,,,,,,,,,
950,8050cb81-30bf-47a6-4b0f-a892199e19c8,TCI #1 2023 AGE Interclub Trampoline Championships,,TRA,11-12 Years Male,Qualification,1,,6,TRUE,5,66700,0,99,0,,1,0,Patrick,Harrison,Christchurch School of Gymnastics,01/01/0001,,1,31200,10,0,0,H,980,980,0,,,,,,,,,,
951,8050cb81-30bf-47a6-4b0f-a892199e19c8,TCI #1 2023 AGE Interclub Trampoline Championships,,TRA,11-12 Years Male,Qualification,1,,6,TRUE,5,66700,0,99,0,,1,0,Patrick,Harrison,Christchurch School of Gymnastics,01/01/0001,,2,35500,10,0,0,E1,72,2,3,2,3,3,3,3,3,3,3,0,0
952,8050cb81-30bf-47a6-4b0f-a892199e19c8,TCI #1 2023 AGE Interclub Trampoline Championships,,TRA,11-12 Years Male,Qualification,1,,6,TRUE,5,66700,0,99,0,,1,0,Patrick,Harrison,Christchurch School of Gymnastics,01/01/0001,,2,35500,10,0,0,E2,72,3,3,2,3,3,3,3,2,3,3,0,0
953,8050cb81-30bf-47a6-4b0f-a892199e19c8,TCI #1 2023 AGE Interclub Trampoline Championships,,TRA,11-12 Years Male,Qualification,1,,6,TRUE,5,66700,0,99,0,,1,0,Patrick,Harrison,Christchurch School of Gymnastics,01/01/0001,,2,35500,10,0,0,E3,72,3,3,2,3,3,3,2,3,3,3,0,0
954,8050cb81-30bf-47a6-4b0f-a892199e19c8,TCI #1 2023 AGE Interclub Trampoline Championships,,TRA,11-12 Years Male,Qualification,1,,6,TRUE,5,66700,0,99,0,,1,0,Patrick,Harrison,Christchurch School of Gymnastics,01/01/0001,,2,35500,10,0,0,E4,100,,,,,,,,,,,,
955,8050cb81-30bf-47a6-4b0f-a892199e19c8,TCI #1 2023 AGE Interclub Trampoline Championships,,TRA,11-12 Years Male,Qualification,1,,6,TRUE,5,66700,0,99,0,,1,0,Patrick,Harrison,Christchurch School of Gymnastics,01/01/0001,,2,35500,10,0,0,E5,100,,,,,,,,,,,,
956,8050cb81-30bf-47a6-4b0f-a892199e19c8,TCI #1 2023 AGE Interclub Trampoline Championships,,TRA,11-12 Years Male,Qualification,1,,6,TRUE,5,66700,0,99,0,,1,0,Patrick,Harrison,Christchurch School of Gymnastics,01/01/0001,,2,35500,10,0,0,E8,100,,,,,,,,,,,,
957,8050cb81-30bf-47a6-4b0f-a892199e19c8,TCI #1 2023 AGE Interclub Trampoline Championships,,TRA,11-12 Years Male,Qualification,1,,6,TRUE,5,66700,0,99,0,,1,0,Patrick,Harrison,Christchurch School of Gymnastics,01/01/0001,,2,35500,10,0,0,E∑,21600,5,6,4,6,6,6,5,5,6,6,0,0
958,8050cb81-30bf-47a6-4b0f-a892199e19c8,TCI #1 2023 AGE Interclub Trampoline Championships,,TRA,11-12 Years Male,Qualification,1,,6,TRUE,5,66700,0,99,0,,1,0,Patrick,Harrison,Christchurch School of Gymnastics,01/01/0001,,2,35500,10,0,0,T,0,,,,,,,,,,,,
959,8050cb81-30bf-47a6-4b0f-a892199e19c8,TCI #1 2023 AGE Interclub Trampoline Championships,,TRA,11-12 Years Male,Qualification,1,,6,TRUE,5,66700,0,99,0,,1,0,Patrick,Harrison,Christchurch School of Gymnastics,01/01/0001,,2,35500,10,0,0,D,41,0,,,,,,,,,,,
960,8050cb81-30bf-47a6-4b0f-a892199e19c8,TCI #1 2023 AGE Interclub Trampoline Championships,,TRA,11-12 Years Male,Qualification,1,,6,TRUE,5,66700,0,99,0,,1,0,Patrick,Harrison,Christchurch School of Gymnastics,01/01/0001,,2,35500,10,0,0,H,980,980,0,,,,,,,,,,
961,8050cb81-30bf-47a6-4b0f-a892199e19c8,TCI #1 2023 AGE Interclub Trampoline Championships,,TRA,11-12 Years Male,Qualification,1,,7,TRUE,3,68500,0,99,0,,1,0,Peawini,Noah,Christchurch School of Gymnastics,01/01/0001,,1,31700,10,0,0,E1,71,2,2,3,3,3,3,3,3,3,3,1,0
962,8050cb81-30bf-47a6-4b0f-a892199e19c8,TCI #1 2023 AGE Interclub Trampoline Championships,,TRA,11-12 Years Male,Qualification,1,,7,TRUE,3,68500,0,99,0,,1,0,Peawini,Noah,Christchurch School of Gymnastics,01/01/0001,,1,31700,10,0,0,E2,75,2,2,2,3,3,2,2,3,3,3,0,0
963,8050cb81-30bf-47a6-4b0f-a892199e19c8,TCI #1 2023 AGE Interclub Trampoline Championships,,TRA,11-12 Years Male,Qualification,1,,7,TRUE,3,68500,0,99,0,,1,0,Peawini,Noah,Christchurch School of Gymnastics,01/01/0001,,1,31700,10,0,0,E3,75,2,2,2,2,3,3,3,3,3,1,1,0
964,8050cb81-30bf-47a6-4b0f-a892199e19c8,TCI #1 2023 AGE Interclub Trampoline Championships,,TRA,11-12 Years Male,Qualification,1,,7,TRUE,3,68500,0,99,0,,1,0,Peawini,Noah,Christchurch School of Gymnastics,01/01/0001,,1,31700,10,0,0,E4,100,,,,,,,,,,,,
965,8050cb81-30bf-47a6-4b0f-a892199e19c8,TCI #1 2023 AGE Interclub Trampoline Championships,,TRA,11-12 Years Male,Qualification,1,,7,TRUE,3,68500,0,99,0,,1,0,Peawini,Noah,Christchurch School of Gymnastics,01/01/0001,,1,31700,10,0,0,E5,100,,,,,,,,,,,,
966,8050cb81-30bf-47a6-4b0f-a892199e19c8,TCI #1 2023 AGE Interclub Trampoline Championships,,TRA,11-12 Years Male,Qualification,1,,7,TRUE,3,68500,0,99,0,,1,0,Peawini,Noah,Christchurch School of Gymnastics,01/01/0001,,1,31700,10,0,0,E8,100,,,,,,,,,,,,
967,8050cb81-30bf-47a6-4b0f-a892199e19c8,TCI #1 2023 AGE Interclub Trampoline Championships,,TRA,11-12 Years Male,Qualification,1,,7,TRUE,3,68500,0,99,0,,1,0,Peawini,Noah,Christchurch School of Gymnastics,01/01/0001,,1,31700,10,0,0,E∑,22100,4,4,4,5,6,5,5,6,6,4,1,0
968,8050cb81-30bf-47a6-4b0f-a892199e19c8,TCI #1 2023 AGE Interclub Trampoline Championships,,TRA,11-12 Years Male,Qualification,1,,7,TRUE,3,68500,0,99,0,,1,0,Peawini,Noah,Christchurch School of Gymnastics,01/01/0001,,1,31700,10,0,0,T,0,,,,,,,,,,,,
969,8050cb81-30bf-47a6-4b0f-a892199e19c8,TCI #1 2023 AGE Interclub Trampoline Championships,,TRA,11-12 Years Male,Qualification,1,,7,TRUE,3,68500,0,99,0,,1,0,Peawini,Noah,Christchurch School of Gymnastics,01/01/0001,,1,31700,10,0,0,D,0,0,,,,,,,,,,,
970,8050cb81-30bf-47a6-4b0f-a892199e19c8,TCI #1 2023 AGE Interclub Trampoline Championships,,TRA,11-12 Years Male,Qualification,1,,7,TRUE,3,68500,0,99,0,,1,0,Peawini,Noah,Christchurch School of Gymnastics,01/01/0001,,1,31700,10,0,0,H,960,960,0,,,,,,,,,,
971,8050cb81-30bf-47a6-4b0f-a892199e19c8,TCI #1 2023 AGE Interclub Trampoline Championships,,TRA,11-12 Years Male,Qualification,1,,7,TRUE,3,68500,0,99,0,,1,0,Peawini,Noah,Christchurch School of Gymnastics,01/01/0001,,2,36800,10,0,0,E1,71,2,3,3,3,2,3,3,3,3,3,1,0
972,8050cb81-30bf-47a6-4b0f-a892199e19c8,TCI #1 2023 AGE Interclub Trampoline Championships,,TRA,11-12 Years Male,Qualification,1,,7,TRUE,3,68500,0,99,0,,1,0,Peawini,Noah,Christchurch School of Gymnastics,01/01/0001,,2,36800,10,0,0,E2,83,2,2,1,2,2,1,1,2,1,2,1,0
973,8050cb81-30bf-47a6-4b0f-a892199e19c8,TCI #1 2023 AGE Interclub Trampoline Championships,,TRA,11-12 Years Male,Qualification,1,,7,TRUE,3,68500,0,99,0,,1,0,Peawini,Noah,Christchurch School of Gymnastics,01/01/0001,,2,36800,10,0,0,E3,75,2,3,3,2,1,2,3,2,2,3,2,0
974,8050cb81-30bf-47a6-4b0f-a892199e19c8,TCI #1 2023 AGE Interclub Trampoline Championships,,TRA,11-12 Years Male,Qualification,1,,7,TRUE,3,68500,0,99,0,,1,0,Peawini,Noah,Christchurch School of Gymnastics,01/01/0001,,2,36800,10,0,0,E4,100,,,,,,,,,,,,
975,8050cb81-30bf-47a6-4b0f-a892199e19c8,TCI #1 2023 AGE Interclub Trampoline Championships,,TRA,11-12 Years Male,Qualification,1,,7,TRUE,3,68500,0,99,0,,1,0,Peawini,Noah,Christchurch School of Gymnastics,01/01/0001,,2,36800,10,0,0,E5,100,,,,,,,,,,,,
976,8050cb81-30bf-47a6-4b0f-a892199e19c8,TCI #1 2023 AGE Interclub Trampoline Championships,,TRA,11-12 Years Male,Qualification,1,,7,TRUE,3,68500,0,99,0,,1,0,Peawini,Noah,Christchurch School of Gymnastics,01/01/0001,,2,36800,10,0,0,E8,100,,,,,,,,,,,,
977,8050cb81-30bf-47a6-4b0f-a892199e19c8,TCI #1 2023 AGE Interclub Trampoline Championships,,TRA,11-12 Years Male,Qualification,1,,7,TRUE,3,68500,0,99,0,,1,0,Peawini,Noah,Christchurch School of Gymnastics,01/01/0001,,2,36800,10,0,0,E∑,22900,4,5,4,4,3,3,4,4,3,5,2,0
978,8050cb81-30bf-47a6-4b0f-a892199e19c8,TCI #1 2023 AGE Interclub Trampoline Championships,,TRA,11-12 Years Male,Qualification,1,,7,TRUE,3,68500,0,99,0,,1,0,Peawini,Noah,Christchurch School of Gymnastics,01/01/0001,,2,36800,10,0,0,T,0,,,,,,,,,,,,
979,8050cb81-30bf-47a6-4b0f-a892199e19c8,TCI #1 2023 AGE Interclub Trampoline Championships,,TRA,11-12 Years Male,Qualification,1,,7,TRUE,3,68500,0,99,0,,1,0,Peawini,Noah,Christchurch School of Gymnastics,01/01/0001,,2,36800,10,0,0,D,41,0,,,,,,,,,,,
980,8050cb81-30bf-47a6-4b0f-a892199e19c8,TCI #1 2023 AGE Interclub Trampoline Championships,,TRA,11-12 Years Male,Qualification,1,,7,TRUE,3,68500,0,99,0,,1,0,Peawini,Noah,Christchurch School of Gymnastics,01/01/0001,,2,36800,10,0,0,H,980,980,0,,,,,,,,,,
981,8050cb81-30bf-47a6-4b0f-a892199e19c8,TCI #1 2023 AGE Interclub Trampoline Championships,,TRA,11-12 Years Male,Qualification,1,,8,TRUE,4,67600,0,99,0,,1,0,Milne,Nate,Christchurch School of Gymnastics,01/01/0001,,1,32000,10,0,0,E1,71,3,2,2,2,2,4,3,3,2,4,2,0
982,8050cb81-30bf-47a6-4b0f-a892199e19c8,TCI #1 2023 AGE Interclub Trampoline Championships,,TRA,11-12 Years Male,Qualification,1,,8,TRUE,4,67600,0,99,0,,1,0,Milne,Nate,Christchurch School of Gymnastics,01/01/0001,,1,32000,10,0,0,E2,76,3,2,3,1,1,2,3,3,3,3,0,0
983,8050cb81-30bf-47a6-4b0f-a892199e19c8,TCI #1 2023 AGE Interclub Trampoline Championships,,TRA,11-12 Years Male,Qualification,1,,8,TRUE,4,67600,0,99,0,,1,0,Milne,Nate,Christchurch School of Gymnastics,01/01/0001,,1,32000,10,0,0,E3,75,3,2,2,1,2,2,3,2,3,3,2,0
984,8050cb81-30bf-47a6-4b0f-a892199e19c8,TCI #1 2023 AGE Interclub Trampoline Championships,,TRA,11-12 Years Male,Qualification,1,,8,TRUE,4,67600,0,99,0,,1,0,Milne,Nate,Christchurch School of Gymnastics,01/01/0001,,1,32000,10,0,0,E4,100,,,,,,,,,,,,
985,8050cb81-30bf-47a6-4b0f-a892199e19c8,TCI #1 2023 AGE Interclub Trampoline Championships,,TRA,11-12 Years Male,Qualification,1,,8,TRUE,4,67600,0,99,0,,1,0,Milne,Nate,Christchurch School of Gymnastics,01/01/0001,,1,32000,10,0,0,E5,100,,,,,,,,,,,,
986,8050cb81-30bf-47a6-4b0f-a892199e19c8,TCI #1 2023 AGE Interclub Trampoline Championships,,TRA,11-12 Years Male,Qualification,1,,8,TRUE,4,67600,0,99,0,,1,0,Milne,Nate,Christchurch School of Gymnastics,01/01/0001,,1,32000,10,0,0,E8,100,,,,,,,,,,,,
987,8050cb81-30bf-47a6-4b0f-a892199e19c8,TCI #1 2023 AGE Interclub Trampoline Championships,,TRA,11-12 Years Male,Qualification,1,,8,TRUE,4,67600,0,99,0,,1,0,Milne,Nate,Christchurch School of Gymnastics,01/01/0001,,1,32000,10,0,0,E∑,22200,6,4,4,2,3,4,6,5,5,6,2,0
988,8050cb81-30bf-47a6-4b0f-a892199e19c8,TCI #1 2023 AGE Interclub Trampoline Championships,,TRA,11-12 Years Male,Qualification,1,,8,TRUE,4,67600,0,99,0,,1,0,Milne,Nate,Christchurch School of Gymnastics,01/01/0001,,1,32000,10,0,0,T,0,,,,,,,,,,,,
989,8050cb81-30bf-47a6-4b0f-a892199e19c8,TCI #1 2023 AGE Interclub Trampoline Championships,,TRA,11-12 Years Male,Qualification,1,,8,TRUE,4,67600,0,99,0,,1,0,Milne,Nate,Christchurch School of Gymnastics,01/01/0001,,1,32000,10,0,0,D,0,0,,,,,,,,,,,
990,8050cb81-30bf-47a6-4b0f-a892199e19c8,TCI #1 2023 AGE Interclub Trampoline Championships,,TRA,11-12 Years Male,Qualification,1,,8,TRUE,4,67600,0,99,0,,1,0,Milne,Nate,Christchurch School of Gymnastics,01/01/0001,,1,32000,10,0,0,H,980,980,0,,,,,,,,,,
991,8050cb81-30bf-47a6-4b0f-a892199e19c8,TCI #1 2023 AGE Interclub Trampoline Championships,,TRA,11-12 Years Male,Qualification,1,,8,TRUE,4,67600,0,99,0,,1,0,Milne,Nate,Christchurch School of Gymnastics,01/01/0001,,2,35600,10,0,0,E1,68,3,3,3,4,3,3,4,3,3,3,0,0
992,8050cb81-30bf-47a6-4b0f-a892199e19c8,TCI #1 2023 AGE Interclub Trampoline Championships,,TRA,11-12 Years Male,Qualification,1,,8,TRUE,4,67600,0,99,0,,1,0,Milne,Nate,Christchurch School of Gymnastics,01/01/0001,,2,35600,10,0,0,E2,77,3,2,2,3,2,2,2,3,2,2,0,0
993,8050cb81-30bf-47a6-4b0f-a892199e19c8,TCI #1 2023 AGE Interclub Trampoline Championships,,TRA,11-12 Years Male,Qualification,1,,8,TRUE,4,67600,0,99,0,,1,0,Milne,Nate,Christchurch School of Gymnastics,01/01/0001,,2,35600,10,0,0,E3,74,3,3,2,3,3,2,3,3,2,2,0,0
994,8050cb81-30bf-47a6-4b0f-a892199e19c8,TCI #1 2023 AGE Interclub Trampoline Championships,,TRA,11-12 Years Male,Qualification,1,,8,TRUE,4,67600,0,99,0,,1,0,Milne,Nate,Christchurch School of Gymnastics,01/01/0001,,2,35600,10,0,0,E4,100,,,,,,,,,,,,
995,8050cb81-30bf-47a6-4b0f-a892199e19c8,TCI #1 2023 AGE Interclub Trampoline Championships,,TRA,11-12 Years Male,Qualification,1,,8,TRUE,4,67600,0,99,0,,1,0,Milne,Nate,Christchurch School of Gymnastics,01/01/0001,,2,35600,10,0,0,E5,100,,,,,,,,,,,,
996,8050cb81-30bf-47a6-4b0f-a892199e19c8,TCI #1 2023 AGE Interclub Trampoline Championships,,TRA,11-12 Years Male,Qualification,1,,8,TRUE,4,67600,0,99,0,,1,0,Milne,Nate,Christchurch School of Gymnastics,01/01/0001,,2,35600,10,0,0,E8,100,,,,,,,,,,,,
997,8050cb81-30bf-47a6-4b0f-a892199e19c8,TCI #1 2023 AGE Interclub Trampoline Championships,,TRA,11-12 Years Male,Qualification,1,,8,TRUE,4,67600,0,99,0,,1,0,Milne,Nate,Christchurch School of Gymnastics,01/01/0001,,2,35600,10,0,0,E∑,21900,6,5,4,6,5,4,5,6,4,4,0,0
998,8050cb81-30bf-47a6-4b0f-a892199e19c8,TCI #1 2023 AGE Interclub Trampoline Championships,,TRA,11-12 Years Male,Qualification,1,,8,TRUE,4,67600,0,99,0,,1,0,Milne,Nate,Christchurch School of Gymnastics,01/01/0001,,2,35600,10,0,0,T,0,,,,,,,,,,,,
999,8050cb81-30bf-47a6-4b0f-a892199e19c8,TCI #1 2023 AGE Interclub Trampoline Championships,,TRA,11-12 Years Male,Qualification,1,,8,TRUE,4,67600,0,99,0,,1,0,Milne,Nate,Christchurch School of Gymnastics,01/01/0001,,2,35600,10,0,0,D,41,0,,,,,,,,,,,
1000,8050cb81-30bf-47a6-4b0f-a892199e19c8,TCI #1 2023 AGE Interclub Trampoline Championships,,TRA,11-12 Years Male,Qualification,1,,8,TRUE,4,67600,0,99,0,,1,0,Milne,Nate,Christchurch School of Gymnastics,01/01/0001,,2,35600,10,0,0,H,960,960,0,,,,,,,,,,
1001,8050cb81-30bf-47a6-4b0f-a892199e19c8,TCI #1 2023 AGE Interclub Trampoline Championships,,TRA,15-16 Years Female,Qualification,1,,1,TRUE,1,74800,0,99,0,,1,0,Penney,Jessica,ICE Gymsports North Canterbury,01/01/0001,,1,34700,10,0,0,E1,84,1,1,1,2,3,2,2,2,2,0,0,0
1002,8050cb81-30bf-47a6-4b0f-a892199e19c8,TCI #1 2023 AGE Interclub Trampoline Championships,,TRA,15-16 Years Female,Qualification,1,,1,TRUE,1,74800,0,99,0,,1,0,Penney,Jessica,ICE Gymsports North Canterbury,01/01/0001,,1,34700,10,0,0,E2,86,2,2,1,1,2,1,2,1,1,0,1,0
1003,8050cb81-30bf-47a6-4b0f-a892199e19c8,TCI #1 2023 AGE Interclub Trampoline Championships,,TRA,15-16 Years Female,Qualification,1,,1,TRUE,1,74800,0,99,0,,1,0,Penney,Jessica,ICE Gymsports North Canterbury,01/01/0001,,1,34700,10,0,0,E3,83,1,1,1,2,2,2,2,2,3,1,0,0
1004,8050cb81-30bf-47a6-4b0f-a892199e19c8,TCI #1 2023 AGE Interclub Trampoline Championships,,TRA,15-16 Years Female,Qualification,1,,1,TRUE,1,74800,0,99,0,,1,0,Penney,Jessica,ICE Gymsports North Canterbury,01/01/0001,,1,34700,10,0,0,E4,100,,,,,,,,,,,,
1005,8050cb81-30bf-47a6-4b0f-a892199e19c8,TCI #1 2023 AGE Interclub Trampoline Championships,,TRA,15-16 Years Female,Qualification,1,,1,TRUE,1,74800,0,99,0,,1,0,Penney,Jessica,ICE Gymsports North Canterbury,01/01/0001,,1,34700,10,0,0,E5,100,,,,,,,,,,,,
1006,8050cb81-30bf-47a6-4b0f-a892199e19c8,TCI #1 2023 AGE Interclub Trampoline Championships,,TRA,15-16 Years Female,Qualification,1,,1,TRUE,1,74800,0,99,0,,1,0,Penney,Jessica,ICE Gymsports North Canterbury,01/01/0001,,1,34700,10,0,0,E8,100,,,,,,,,,,,,
1007,8050cb81-30bf-47a6-4b0f-a892199e19c8,TCI #1 2023 AGE Interclub Trampoline Championships,,TRA,15-16 Years Female,Qualification,1,,1,TRUE,1,74800,0,99,0,,1,0,Penney,Jessica,ICE Gymsports North Canterbury,01/01/0001,,1,34700,10,0,0,E∑,25300,2,2,2,3,4,3,4,3,3,0,0,0
1008,8050cb81-30bf-47a6-4b0f-a892199e19c8,TCI #1 2023 AGE Interclub Trampoline Championships,,TRA,15-16 Years Female,Qualification,1,,1,TRUE,1,74800,0,99,0,,1,0,Penney,Jessica,ICE Gymsports North Canterbury,01/01/0001,,1,34700,10,0,0,T,0,,,,,,,,,,,,
1009,8050cb81-30bf-47a6-4b0f-a892199e19c8,TCI #1 2023 AGE Interclub Trampoline Championships,,TRA,15-16 Years Female,Qualification,1,,1,TRUE,1,74800,0,99,0,,1,0,Penney,Jessica,ICE Gymsports North Canterbury,01/01/0001,,1,34700,10,0,0,D,0,0,,,,,,,,,,,
1010,8050cb81-30bf-47a6-4b0f-a892199e19c8,TCI #1 2023 AGE Interclub Trampoline Championships,,TRA,15-16 Years Female,Qualification,1,,1,TRUE,1,74800,0,99,0,,1,0,Penney,Jessica,ICE Gymsports North Canterbury,01/01/0001,,1,34700,10,0,0,H,940,940,0,,,,,,,,,,
1011,8050cb81-30bf-47a6-4b0f-a892199e19c8,TCI #1 2023 AGE Interclub Trampoline Championships,,TRA,15-16 Years Female,Qualification,1,,1,TRUE,1,74800,0,99,0,,1,0,Penney,Jessica,ICE Gymsports North Canterbury,01/01/0001,,2,40100,10,0,0,E1,79,1,1,3,2,2,2,3,2,2,3,0,0
1012,8050cb81-30bf-47a6-4b0f-a892199e19c8,TCI #1 2023 AGE Interclub Trampoline Championships,,TRA,15-16 Years Female,Qualification,1,,1,TRUE,1,74800,0,99,0,,1,0,Penney,Jessica,ICE Gymsports North Canterbury,01/01/0001,,2,40100,10,0,0,E2,85,2,1,2,2,1,2,1,1,1,2,0,0
1013,8050cb81-30bf-47a6-4b0f-a892199e19c8,TCI #1 2023 AGE Interclub Trampoline Championships,,TRA,15-16 Years Female,Qualification,1,,1,TRUE,1,74800,0,99,0,,1,0,Penney,Jessica,ICE Gymsports North Canterbury,01/01/0001,,2,40100,10,0,0,E3,83,1,1,2,2,2,2,1,2,2,2,0,0
1014,8050cb81-30bf-47a6-4b0f-a892199e19c8,TCI #1 2023 AGE Interclub Trampoline Championships,,TRA,15-16 Years Female,Qualification,1,,1,TRUE,1,74800,0,99,0,,1,0,Penney,Jessica,ICE Gymsports North Canterbury,01/01/0001,,2,40100,10,0,0,E4,100,,,,,,,,,,,,
1015,8050cb81-30bf-47a6-4b0f-a892199e19c8,TCI #1 2023 AGE Interclub Trampoline Championships,,TRA,15-16 Years Female,Qualification,1,,1,TRUE,1,74800,0,99,0,,1,0,Penney,Jessica,ICE Gymsports North Canterbury,01/01/0001,,2,40100,10,0,0,E5,100,,,,,,,,,,,,
1016,8050cb81-30bf-47a6-4b0f-a892199e19c8,TCI #1 2023 AGE Interclub Trampoline Championships,,TRA,15-16 Years Female,Qualification,1,,1,TRUE,1,74800,0,99,0,,1,0,Penney,Jessica,ICE Gymsports North Canterbury,01/01/0001,,2,40100,10,0,0,E8,100,,,,,,,,,,,,
1017,8050cb81-30bf-47a6-4b0f-a892199e19c8,TCI #1 2023 AGE Interclub Trampoline Championships,,TRA,15-16 Years Female,Qualification,1,,1,TRUE,1,74800,0,99,0,,1,0,Penney,Jessica,ICE Gymsports North Canterbury,01/01/0001,,2,40100,10,0,0,E∑,24700,2,2,4,4,3,4,2,3,3,4,0,0
1018,8050cb81-30bf-47a6-4b0f-a892199e19c8,TCI #1 2023 AGE Interclub Trampoline Championships,,TRA,15-16 Years Female,Qualification,1,,1,TRUE,1,74800,0,99,0,,1,0,Penney,Jessica,ICE Gymsports North Canterbury,01/01/0001,,2,40100,10,0,0,T,0,,,,,,,,,,,,
1019,8050cb81-30bf-47a6-4b0f-a892199e19c8,TCI #1 2023 AGE Interclub Trampoline Championships,,TRA,15-16 Years Female,Qualification,1,,1,TRUE,1,74800,0,99,0,,1,0,Penney,Jessica,ICE Gymsports North Canterbury,01/01/0001,,2,40100,10,0,0,D,59,0,,,,,,,,,,,
1020,8050cb81-30bf-47a6-4b0f-a892199e19c8,TCI #1 2023 AGE Interclub Trampoline Championships,,TRA,15-16 Years Female,Qualification,1,,1,TRUE,1,74800,0,99,0,,1,0,Penney,Jessica,ICE Gymsports North Canterbury,01/01/0001,,2,40100,10,0,0,H,950,950,0,,,,,,,,,,
1021,8050cb81-30bf-47a6-4b0f-a892199e19c8,TCI #1 2023 AGE Interclub Trampoline Championships,,TRA,15-16 Years Female,Qualification,1,,2,TRUE,3,67100,0,99,0,,1,0,Glanville,Jamie,Dynamic Gymnastics Sports,01/01/0001,,1,32000,10,0,0,E1,75,3,3,3,4,2,2,1,2,2,3,0,0
1022,8050cb81-30bf-47a6-4b0f-a892199e19c8,TCI #1 2023 AGE Interclub Trampoline Championships,,TRA,15-16 Years Female,Qualification,1,,2,TRUE,3,67100,0,99,0,,1,0,Glanville,Jamie,Dynamic Gymnastics Sports,01/01/0001,,1,32000,10,0,0,E2,77,2,3,3,3,2,2,2,2,2,2,0,0
1023,8050cb81-30bf-47a6-4b0f-a892199e19c8,TCI #1 2023 AGE Interclub Trampoline Championships,,TRA,15-16 Years Female,Qualification,1,,2,TRUE,3,67100,0,99,0,,1,0,Glanville,Jamie,Dynamic Gymnastics Sports,01/01/0001,,1,32000,10,0,0,E3,71,3,3,3,3,3,3,3,3,3,2,0,0
1024,8050cb81-30bf-47a6-4b0f-a892199e19c8,TCI #1 2023 AGE Interclub Trampoline Championships,,TRA,15-16 Years Female,Qualification,1,,2,TRUE,3,67100,0,99,0,,1,0,Glanville,Jamie,Dynamic Gymnastics Sports,01/01/0001,,1,32000,10,0,0,E4,100,,,,,,,,,,,,
1025,8050cb81-30bf-47a6-4b0f-a892199e19c8,TCI #1 2023 AGE Interclub Trampoline Championships,,TRA,15-16 Years Female,Qualification,1,,2,TRUE,3,67100,0,99,0,,1,0,Glanville,Jamie,Dynamic Gymnastics Sports,01/01/0001,,1,32000,10,0,0,E5,100,,,,,,,,,,,,
1026,8050cb81-30bf-47a6-4b0f-a892199e19c8,TCI #1 2023 AGE Interclub Trampoline Championships,,TRA,15-16 Years Female,Qualification,1,,2,TRUE,3,67100,0,99,0,,1,0,Glanville,Jamie,Dynamic Gymnastics Sports,01/01/0001,,1,32000,10,0,0,E8,100,,,,,,,,,,,,
1027,8050cb81-30bf-47a6-4b0f-a892199e19c8,TCI #1 2023 AGE Interclub Trampoline Championships,,TRA,15-16 Years Female,Qualification,1,,2,TRUE,3,67100,0,99,0,,1,0,Glanville,Jamie,Dynamic Gymnastics Sports,01/01/0001,,1,32000,10,0,0,E∑,22300,5,6,6,6,4,4,3,4,4,4,0,0
1028,8050cb81-30bf-47a6-4b0f-a892199e19c8,TCI #1 2023 AGE Interclub Trampoline Championships,,TRA,15-16 Years Female,Qualification,1,,2,TRUE,3,67100,0,99,0,,1,0,Glanville,Jamie,Dynamic Gymnastics Sports,01/01/0001,,1,32000,10,0,0,T,0,,,,,,,,,,,,
1029,8050cb81-30bf-47a6-4b0f-a892199e19c8,TCI #1 2023 AGE Interclub Trampoline Championships,,TRA,15-16 Years Female,Qualification,1,,2,TRUE,3,67100,0,99,0,,1,0,Glanville,Jamie,Dynamic Gymnastics Sports,01/01/0001,,1,32000,10,0,0,D,0,0,,,,,,,,,,,
1030,8050cb81-30bf-47a6-4b0f-a892199e19c8,TCI #1 2023 AGE Interclub Trampoline Championships,,TRA,15-16 Years Female,Qualification,1,,2,TRUE,3,67100,0,99,0,,1,0,Glanville,Jamie,Dynamic Gymnastics Sports,01/01/0001,,1,32000,10,0,0,H,970,970,0,,,,,,,,,,
1031,8050cb81-30bf-47a6-4b0f-a892199e19c8,TCI #1 2023 AGE Interclub Trampoline Championships,,TRA,15-16 Years Female,Qualification,1,,2,TRUE,3,67100,0,99,0,,1,0,Glanville,Jamie,Dynamic Gymnastics Sports,01/01/0001,,2,35100,10,0,0,E1,67,3,4,4,4,3,3,3,3,3,2,1,0
1032,8050cb81-30bf-47a6-4b0f-a892199e19c8,TCI #1 2023 AGE Interclub Trampoline Championships,,TRA,15-16 Years Female,Qualification,1,,2,TRUE,3,67100,0,99,0,,1,0,Glanville,Jamie,Dynamic Gymnastics Sports,01/01/0001,,2,35100,10,0,0,E2,69,2,3,2,3,3,3,4,3,3,3,2,0
1033,8050cb81-30bf-47a6-4b0f-a892199e19c8,TCI #1 2023 AGE Interclub Trampoline Championships,,TRA,15-16 Years Female,Qualification,1,,2,TRUE,3,67100,0,99,0,,1,0,Glanville,Jamie,Dynamic Gymnastics Sports,01/01/0001,,2,35100,10,0,0,E3,69,3,3,3,3,3,3,4,3,3,3,0,0
1034,8050cb81-30bf-47a6-4b0f-a892199e19c8,TCI #1 2023 AGE Interclub Trampoline Championships,,TRA,15-16 Years Female,Qualification,1,,2,TRUE,3,67100,0,99,0,,1,0,Glanville,Jamie,Dynamic Gymnastics Sports,01/01/0001,,2,35100,10,0,0,E4,100,,,,,,,,,,,,
1035,8050cb81-30bf-47a6-4b0f-a892199e19c8,TCI #1 2023 AGE Interclub Trampoline Championships,,TRA,15-16 Years Female,Qualification,1,,2,TRUE,3,67100,0,99,0,,1,0,Glanville,Jamie,Dynamic Gymnastics Sports,01/01/0001,,2,35100,10,0,0,E5,100,,,,,,,,,,,,
1036,8050cb81-30bf-47a6-4b0f-a892199e19c8,TCI #1 2023 AGE Interclub Trampoline Championships,,TRA,15-16 Years Female,Qualification,1,,2,TRUE,3,67100,0,99,0,,1,0,Glanville,Jamie,Dynamic Gymnastics Sports,01/01/0001,,2,35100,10,0,0,E8,100,,,,,,,,,,,,
1037,8050cb81-30bf-47a6-4b0f-a892199e19c8,TCI #1 2023 AGE Interclub Trampoline Championships,,TRA,15-16 Years Female,Qualification,1,,2,TRUE,3,67100,0,99,0,,1,0,Glanville,Jamie,Dynamic Gymnastics Sports,01/01/0001,,2,35100,10,0,0,E∑,20500,5,6,5,6,6,6,7,6,6,5,1,0
1038,8050cb81-30bf-47a6-4b0f-a892199e19c8,TCI #1 2023 AGE Interclub Trampoline Championships,,TRA,15-16 Years Female,Qualification,1,,2,TRUE,3,67100,0,99,0,,1,0,Glanville,Jamie,Dynamic Gymnastics Sports,01/01/0001,,2,35100,10,0,0,T,0,,,,,,,,,,,,
1039,8050cb81-30bf-47a6-4b0f-a892199e19c8,TCI #1 2023 AGE Interclub Trampoline Championships,,TRA,15-16 Years Female,Qualification,1,,2,TRUE,3,67100,0,99,0,,1,0,Glanville,Jamie,Dynamic Gymnastics Sports,01/01/0001,,2,35100,10,0,0,D,54,0,,,,,,,,,,,
1040,8050cb81-30bf-47a6-4b0f-a892199e19c8,TCI #1 2023 AGE Interclub Trampoline Championships,,TRA,15-16 Years Female,Qualification,1,,2,TRUE,3,67100,0,99,0,,1,0,Glanville,Jamie,Dynamic Gymnastics Sports,01/01/0001,,2,35100,10,0,0,H,920,920,0,,,,,,,,,,
1041,8050cb81-30bf-47a6-4b0f-a892199e19c8,TCI #1 2023 AGE Interclub Trampoline Championships,,TRA,15-16 Years Female,Qualification,1,,3,TRUE,4,66800,0,99,0,,1,0,McLachlan,Nicola,Christchurch School of Gymnastics,01/01/0001,,1,33200,10,0,0,E1,81,2,2,2,1,1,2,2,0,3,3,1,0
1042,8050cb81-30bf-47a6-4b0f-a892199e19c8,TCI #1 2023 AGE Interclub Trampoline Championships,,TRA,15-16 Years Female,Qualification,1,,3,TRUE,4,66800,0,99,0,,1,0,McLachlan,Nicola,Christchurch School of Gymnastics,01/01/0001,,1,33200,10,0,0,E2,82,2,1,2,2,2,2,1,1,2,2,1,0
1043,8050cb81-30bf-47a6-4b0f-a892199e19c8,TCI #1 2023 AGE Interclub Trampoline Championships,,TRA,15-16 Years Female,Qualification,1,,3,TRUE,4,66800,0,99,0,,1,0,McLachlan,Nicola,Christchurch School of Gymnastics,01/01/0001,,1,33200,10,0,0,E3,75,3,2,2,2,2,3,3,1,3,3,1,0
1044,8050cb81-30bf-47a6-4b0f-a892199e19c8,TCI #1 2023 AGE Interclub Trampoline Championships,,TRA,15-16 Years Female,Qualification,1,,3,TRUE,4,66800,0,99,0,,1,0,McLachlan,Nicola,Christchurch School of Gymnastics,01/01/0001,,1,33200,10,0,0,E4,100,,,,,,,,,,,,
1045,8050cb81-30bf-47a6-4b0f-a892199e19c8,TCI #1 2023 AGE Interclub Trampoline Championships,,TRA,15-16 Years Female,Qualification,1,,3,TRUE,4,66800,0,99,0,,1,0,McLachlan,Nicola,Christchurch School of Gymnastics,01/01/0001,,1,33200,10,0,0,E5,100,,,,,,,,,,,,
1046,8050cb81-30bf-47a6-4b0f-a892199e19c8,TCI #1 2023 AGE Interclub Trampoline Championships,,TRA,15-16 Years Female,Qualification,1,,3,TRUE,4,66800,0,99,0,,1,0,McLachlan,Nicola,Christchurch School of Gymnastics,01/01/0001,,1,33200,10,0,0,E8,100,,,,,,,,,,,,
1047,8050cb81-30bf-47a6-4b0f-a892199e19c8,TCI #1 2023 AGE Interclub Trampoline Championships,,TRA,15-16 Years Female,Qualification,1,,3,TRUE,4,66800,0,99,0,,1,0,McLachlan,Nicola,Christchurch School of Gymnastics,01/01/0001,,1,33200,10,0,0,E∑,23800,4,3,4,3,3,4,3,1,5,5,2,0
1048,8050cb81-30bf-47a6-4b0f-a892199e19c8,TCI #1 2023 AGE Interclub Trampoline Championships,,TRA,15-16 Years Female,Qualification,1,,3,TRUE,4,66800,0,99,0,,1,0,McLachlan,Nicola,Christchurch School of Gymnastics,01/01/0001,,1,33200,10,0,0,T,0,,,,,,,,,,,,
1049,8050cb81-30bf-47a6-4b0f-a892199e19c8,TCI #1 2023 AGE Interclub Trampoline Championships,,TRA,15-16 Years Female,Qualification,1,,3,TRUE,4,66800,0,99,0,,1,0,McLachlan,Nicola,Christchurch School of Gymnastics,01/01/0001,,1,33200,10,0,0,D,0,0,,,,,,,,,,,
1050,8050cb81-30bf-47a6-4b0f-a892199e19c8,TCI #1 2023 AGE Interclub Trampoline Championships,,TRA,15-16 Years Female,Qualification,1,,3,TRUE,4,66800,0,99,0,,1,0,McLachlan,Nicola,Christchurch School of Gymnastics,01/01/0001,,1,33200,10,0,0,H,940,940,0,,,,,,,,,,
1051,8050cb81-30bf-47a6-4b0f-a892199e19c8,TCI #1 2023 AGE Interclub Trampoline Championships,,TRA,15-16 Years Female,Qualification,1,,3,TRUE,4,66800,0,99,0,,1,0,McLachlan,Nicola,Christchurch School of Gymnastics,01/01/0001,,2,33600,9,0,0,E1,72,2,2,1,1,1,2,2,3,4,,,0
1052,8050cb81-30bf-47a6-4b0f-a892199e19c8,TCI #1 2023 AGE Interclub Trampoline Championships,,TRA,15-16 Years Female,Qualification,1,,3,TRUE,4,66800,0,99,0,,1,0,McLachlan,Nicola,Christchurch School of Gymnastics,01/01/0001,,2,33600,9,0,0,E2,70,2,3,2,2,2,3,2,2,2,3,,0
1053,8050cb81-30bf-47a6-4b0f-a892199e19c8,TCI #1 2023 AGE Interclub Trampoline Championships,,TRA,15-16 Years Female,Qualification,1,,3,TRUE,4,66800,0,99,0,,1,0,McLachlan,Nicola,Christchurch School of Gymnastics,01/01/0001,,2,33600,9,0,0,E3,68,3,2,2,2,2,2,3,3,3,,,0
1054,8050cb81-30bf-47a6-4b0f-a892199e19c8,TCI #1 2023 AGE Interclub Trampoline Championships,,TRA,15-16 Years Female,Qualification,1,,3,TRUE,4,66800,0,99,0,,1,0,McLachlan,Nicola,Christchurch School of Gymnastics,01/01/0001,,2,33600,9,0,0,E4,90,,,,,,,,,,,,
1055,8050cb81-30bf-47a6-4b0f-a892199e19c8,TCI #1 2023 AGE Interclub Trampoline Championships,,TRA,15-16 Years Female,Qualification,1,,3,TRUE,4,66800,0,99,0,,1,0,McLachlan,Nicola,Christchurch School of Gymnastics,01/01/0001,,2,33600,9,0,0,E5,90,,,,,,,,,,,,
1056,8050cb81-30bf-47a6-4b0f-a892199e19c8,TCI #1 2023 AGE Interclub Trampoline Championships,,TRA,15-16 Years Female,Qualification,1,,3,TRUE,4,66800,0,99,0,,1,0,McLachlan,Nicola,Christchurch School of Gymnastics,01/01/0001,,2,33600,9,0,0,E8,90,,,,,,,,,,,,
1057,8050cb81-30bf-47a6-4b0f-a892199e19c8,TCI #1 2023 AGE Interclub Trampoline Championships,,TRA,15-16 Years Female,Qualification,1,,3,TRUE,4,66800,0,99,0,,1,0,McLachlan,Nicola,Christchurch School of Gymnastics,01/01/0001,,2,33600,9,0,0,E∑,21000,4,4,3,3,3,4,4,5,5,0,0,0
1058,8050cb81-30bf-47a6-4b0f-a892199e19c8,TCI #1 2023 AGE Interclub Trampoline Championships,,TRA,15-16 Years Female,Qualification,1,,3,TRUE,4,66800,0,99,0,,1,0,McLachlan,Nicola,Christchurch School of Gymnastics,01/01/0001,,2,33600,9,0,0,T,0,,,,,,,,,,,,
1059,8050cb81-30bf-47a6-4b0f-a892199e19c8,TCI #1 2023 AGE Interclub Trampoline Championships,,TRA,15-16 Years Female,Qualification,1,,3,TRUE,4,66800,0,99,0,,1,0,McLachlan,Nicola,Christchurch School of Gymnastics,01/01/0001,,2,33600,9,0,0,D,42,0,,,,,,,,,,,
1060,8050cb81-30bf-47a6-4b0f-a892199e19c8,TCI #1 2023 AGE Interclub Trampoline Championships,,TRA,15-16 Years Female,Qualification,1,,3,TRUE,4,66800,0,99,0,,1,0,McLachlan,Nicola,Christchurch School of Gymnastics,01/01/0001,,2,33600,9,0,0,H,840,840,0,,,,,,,,,,
1061,8050cb81-30bf-47a6-4b0f-a892199e19c8,TCI #1 2023 AGE Interclub Trampoline Championships,,TRA,15-16 Years Female,Qualification,1,,4,TRUE,2,67600,0,99,0,,1,0,Stan,Veronica,Christchurch School of Gymnastics,01/01/0001,,1,29600,10,0,0,E1,66,1,3,3,3,3,1,2,3,3,2,0,10
1062,8050cb81-30bf-47a6-4b0f-a892199e19c8,TCI #1 2023 AGE Interclub Trampoline Championships,,TRA,15-16 Years Female,Qualification,1,,4,TRUE,2,67600,0,99,0,,1,0,Stan,Veronica,Christchurch School of Gymnastics,01/01/0001,,1,29600,10,0,0,E2,71,2,3,2,2,2,1,2,2,2,1,0,10
1063,8050cb81-30bf-47a6-4b0f-a892199e19c8,TCI #1 2023 AGE Interclub Trampoline Championships,,TRA,15-16 Years Female,Qualification,1,,4,TRUE,2,67600,0,99,0,,1,0,Stan,Veronica,Christchurch School of Gymnastics,01/01/0001,,1,29600,10,0,0,E3,66,1,4,3,3,3,2,2,2,2,2,0,10
1064,8050cb81-30bf-47a6-4b0f-a892199e19c8,TCI #1 2023 AGE Interclub Trampoline Championships,,TRA,15-16 Years Female,Qualification,1,,4,TRUE,2,67600,0,99,0,,1,0,Stan,Veronica,Christchurch School of Gymnastics,01/01/0001,,1,29600,10,0,0,E4,100,,,,,,,,,,,,
1065,8050cb81-30bf-47a6-4b0f-a892199e19c8,TCI #1 2023 AGE Interclub Trampoline Championships,,TRA,15-16 Years Female,Qualification,1,,4,TRUE,2,67600,0,99,0,,1,0,Stan,Veronica,Christchurch School of Gymnastics,01/01/0001,,1,29600,10,0,0,E5,100,,,,,,,,,,,,
1066,8050cb81-30bf-47a6-4b0f-a892199e19c8,TCI #1 2023 AGE Interclub Trampoline Championships,,TRA,15-16 Years Female,Qualification,1,,4,TRUE,2,67600,0,99,0,,1,0,Stan,Veronica,Christchurch School of Gymnastics,01/01/0001,,1,29600,10,0,0,E8,100,,,,,,,,,,,,
1067,8050cb81-30bf-47a6-4b0f-a892199e19c8,TCI #1 2023 AGE Interclub Trampoline Championships,,TRA,15-16 Years Female,Qualification,1,,4,TRUE,2,67600,0,99,0,,1,0,Stan,Veronica,Christchurch School of Gymnastics,01/01/0001,,1,29600,10,0,0,E∑,20300,2,6,5,5,5,2,4,4,4,3,0,20
1068,8050cb81-30bf-47a6-4b0f-a892199e19c8,TCI #1 2023 AGE Interclub Trampoline Championships,,TRA,15-16 Years Female,Qualification,1,,4,TRUE,2,67600,0,99,0,,1,0,Stan,Veronica,Christchurch School of Gymnastics,01/01/0001,,1,29600,10,0,0,T,0,,,,,,,,,,,,
1069,8050cb81-30bf-47a6-4b0f-a892199e19c8,TCI #1 2023 AGE Interclub Trampoline Championships,,TRA,15-16 Years Female,Qualification,1,,4,TRUE,2,67600,0,99,0,,1,0,Stan,Veronica,Christchurch School of Gymnastics,01/01/0001,,1,29600,10,0,0,D,0,0,,,,,,,,,,,
1070,8050cb81-30bf-47a6-4b0f-a892199e19c8,TCI #1 2023 AGE Interclub Trampoline Championships,,TRA,15-16 Years Female,Qualification,1,,4,TRUE,2,67600,0,99,0,,1,0,Stan,Veronica,Christchurch School of Gymnastics,01/01/0001,,1,29600,10,0,0,H,930,930,0,,,,,,,,,,
1071,8050cb81-30bf-47a6-4b0f-a892199e19c8,TCI #1 2023 AGE Interclub Trampoline Championships,,TRA,15-16 Years Female,Qualification,1,,4,TRUE,2,67600,0,99,0,,1,0,Stan,Veronica,Christchurch School of Gymnastics,01/01/0001,,2,38000,10,0,0,E1,76,1,2,3,3,1,2,3,3,2,2,2,0
1072,8050cb81-30bf-47a6-4b0f-a892199e19c8,TCI #1 2023 AGE Interclub Trampoline Championships,,TRA,15-16 Years Female,Qualification,1,,4,TRUE,2,67600,0,99,0,,1,0,Stan,Veronica,Christchurch School of Gymnastics,01/01/0001,,2,38000,10,0,0,E2,84,1,2,2,1,2,1,2,1,1,1,2,0
1073,8050cb81-30bf-47a6-4b0f-a892199e19c8,TCI #1 2023 AGE Interclub Trampoline Championships,,TRA,15-16 Years Female,Qualification,1,,4,TRUE,2,67600,0,99,0,,1,0,Stan,Veronica,Christchurch School of Gymnastics,01/01/0001,,2,38000,10,0,0,E3,78,1,2,3,1,2,3,2,2,2,2,2,0
1074,8050cb81-30bf-47a6-4b0f-a892199e19c8,TCI #1 2023 AGE Interclub Trampoline Championships,,TRA,15-16 Years Female,Qualification,1,,4,TRUE,2,67600,0,99,0,,1,0,Stan,Veronica,Christchurch School of Gymnastics,01/01/0001,,2,38000,10,0,0,E4,100,,,,,,,,,,,,
1075,8050cb81-30bf-47a6-4b0f-a892199e19c8,TCI #1 2023 AGE Interclub Trampoline Championships,,TRA,15-16 Years Female,Qualification,1,,4,TRUE,2,67600,0,99,0,,1,0,Stan,Veronica,Christchurch School of Gymnastics,01/01/0001,,2,38000,10,0,0,E5,100,,,,,,,,,,,,
1076,8050cb81-30bf-47a6-4b0f-a892199e19c8,TCI #1 2023 AGE Interclub Trampoline Championships,,TRA,15-16 Years Female,Qualification,1,,4,TRUE,2,67600,0,99,0,,1,0,Stan,Veronica,Christchurch School of Gymnastics,01/01/0001,,2,38000,10,0,0,E8,100,,,,,,,,,,,,
1077,8050cb81-30bf-47a6-4b0f-a892199e19c8,TCI #1 2023 AGE Interclub Trampoline Championships,,TRA,15-16 Years Female,Qualification,1,,4,TRUE,2,67600,0,99,0,,1,0,Stan,Veronica,Christchurch School of Gymnastics,01/01/0001,,2,38000,10,0,0,E∑,23800,2,4,5,2,3,3,4,3,3,3,4,0
1078,8050cb81-30bf-47a6-4b0f-a892199e19c8,TCI #1 2023 AGE Interclub Trampoline Championships,,TRA,15-16 Years Female,Qualification,1,,4,TRUE,2,67600,0,99,0,,1,0,Stan,Veronica,Christchurch School of Gymnastics,01/01/0001,,2,38000,10,0,0,T,0,,,,,,,,,,,,
1079,8050cb81-30bf-47a6-4b0f-a892199e19c8,TCI #1 2023 AGE Interclub Trampoline Championships,,TRA,15-16 Years Female,Qualification,1,,4,TRUE,2,67600,0,99,0,,1,0,Stan,Veronica,Christchurch School of Gymnastics,01/01/0001,,2,38000,10,0,0,D,50,0,,,,,,,,,,,
1080,8050cb81-30bf-47a6-4b0f-a892199e19c8,TCI #1 2023 AGE Interclub Trampoline Championships,,TRA,15-16 Years Female,Qualification,1,,4,TRUE,2,67600,0,99,0,,1,0,Stan,Veronica,Christchurch School of Gymnastics,01/01/0001,,2,38000,10,0,0,H,920,920,0,,,,,,,,,,
1081,8050cb81-30bf-47a6-4b0f-a892199e19c8,TCI #1 2023 AGE Interclub Trampoline Championships,,TRA,17 Years and Over Female,Qualification,1,,1,TRUE,2,70700,0,99,0,,1,0,Ross,Lexi,ICE Gymsports North Canterbury,01/01/0001,,1,33400,10,0,0,E1,78,2,2,2,2,2,3,2,2,1,3,1,0
1082,8050cb81-30bf-47a6-4b0f-a892199e19c8,TCI #1 2023 AGE Interclub Trampoline Championships,,TRA,17 Years and Over Female,Qualification,1,,1,TRUE,2,70700,0,99,0,,1,0,Ross,Lexi,ICE Gymsports North Canterbury,01/01/0001,,1,33400,10,0,0,E2,81,2,2,1,1,2,2,2,1,2,2,2,0
1083,8050cb81-30bf-47a6-4b0f-a892199e19c8,TCI #1 2023 AGE Interclub Trampoline Championships,,TRA,17 Years and Over Female,Qualification,1,,1,TRUE,2,70700,0,99,0,,1,0,Ross,Lexi,ICE Gymsports North Canterbury,01/01/0001,,1,33400,10,0,0,E3,77,1,2,2,3,2,2,2,2,3,3,1,0
1084,8050cb81-30bf-47a6-4b0f-a892199e19c8,TCI #1 2023 AGE Interclub Trampoline Championships,,TRA,17 Years and Over Female,Qualification,1,,1,TRUE,2,70700,0,99,0,,1,0,Ross,Lexi,ICE Gymsports North Canterbury,01/01/0001,,1,33400,10,0,0,E4,100,,,,,,,,,,,,
1085,8050cb81-30bf-47a6-4b0f-a892199e19c8,TCI #1 2023 AGE Interclub Trampoline Championships,,TRA,17 Years and Over Female,Qualification,1,,1,TRUE,2,70700,0,99,0,,1,0,Ross,Lexi,ICE Gymsports North Canterbury,01/01/0001,,1,33400,10,0,0,E5,100,,,,,,,,,,,,
1086,8050cb81-30bf-47a6-4b0f-a892199e19c8,TCI #1 2023 AGE Interclub Trampoline Championships,,TRA,17 Years and Over Female,Qualification,1,,1,TRUE,2,70700,0,99,0,,1,0,Ross,Lexi,ICE Gymsports North Canterbury,01/01/0001,,1,33400,10,0,0,E8,100,,,,,,,,,,,,
1087,8050cb81-30bf-47a6-4b0f-a892199e19c8,TCI #1 2023 AGE Interclub Trampoline Championships,,TRA,17 Years and Over Female,Qualification,1,,1,TRUE,2,70700,0,99,0,,1,0,Ross,Lexi,ICE Gymsports North Canterbury,01/01/0001,,1,33400,10,0,0,E∑,23600,3,4,3,3,4,4,4,3,3,5,2,0
1088,8050cb81-30bf-47a6-4b0f-a892199e19c8,TCI #1 2023 AGE Interclub Trampoline Championships,,TRA,17 Years and Over Female,Qualification,1,,1,TRUE,2,70700,0,99,0,,1,0,Ross,Lexi,ICE Gymsports North Canterbury,01/01/0001,,1,33400,10,0,0,T,0,,,,,,,,,,,,
1089,8050cb81-30bf-47a6-4b0f-a892199e19c8,TCI #1 2023 AGE Interclub Trampoline Championships,,TRA,17 Years and Over Female,Qualification,1,,1,TRUE,2,70700,0,99,0,,1,0,Ross,Lexi,ICE Gymsports North Canterbury,01/01/0001,,1,33400,10,0,0,D,0,0,,,,,,,,,,,
1090,8050cb81-30bf-47a6-4b0f-a892199e19c8,TCI #1 2023 AGE Interclub Trampoline Championships,,TRA,17 Years and Over Female,Qualification,1,,1,TRUE,2,70700,0,99,0,,1,0,Ross,Lexi,ICE Gymsports North Canterbury,01/01/0001,,1,33400,10,0,0,H,980,980,0,,,,,,,,,,
1091,8050cb81-30bf-47a6-4b0f-a892199e19c8,TCI #1 2023 AGE Interclub Trampoline Championships,,TRA,17 Years and Over Female,Qualification,1,,1,TRUE,2,70700,0,99,0,,1,0,Ross,Lexi,ICE Gymsports North Canterbury,01/01/0001,,2,37300,10,0,0,E1,78,2,1,2,2,2,3,2,2,2,3,1,0
1092,8050cb81-30bf-47a6-4b0f-a892199e19c8,TCI #1 2023 AGE Interclub Trampoline Championships,,TRA,17 Years and Over Female,Qualification,1,,1,TRUE,2,70700,0,99,0,,1,0,Ross,Lexi,ICE Gymsports North Canterbury,01/01/0001,,2,37300,10,0,0,E2,80,2,1,2,2,2,2,2,1,2,3,1,0
1093,8050cb81-30bf-47a6-4b0f-a892199e19c8,TCI #1 2023 AGE Interclub Trampoline Championships,,TRA,17 Years and Over Female,Qualification,1,,1,TRUE,2,70700,0,99,0,,1,0,Ross,Lexi,ICE Gymsports North Canterbury,01/01/0001,,2,37300,10,0,0,E3,74,1,2,2,3,3,2,3,3,3,3,1,0
1094,8050cb81-30bf-47a6-4b0f-a892199e19c8,TCI #1 2023 AGE Interclub Trampoline Championships,,TRA,17 Years and Over Female,Qualification,1,,1,TRUE,2,70700,0,99,0,,1,0,Ross,Lexi,ICE Gymsports North Canterbury,01/01/0001,,2,37300,10,0,0,E4,100,,,,,,,,,,,,
1095,8050cb81-30bf-47a6-4b0f-a892199e19c8,TCI #1 2023 AGE Interclub Trampoline Championships,,TRA,17 Years and Over Female,Qualification,1,,1,TRUE,2,70700,0,99,0,,1,0,Ross,Lexi,ICE Gymsports North Canterbury,01/01/0001,,2,37300,10,0,0,E5,100,,,,,,,,,,,,
1096,8050cb81-30bf-47a6-4b0f-a892199e19c8,TCI #1 2023 AGE Interclub Trampoline Championships,,TRA,17 Years and Over Female,Qualification,1,,1,TRUE,2,70700,0,99,0,,1,0,Ross,Lexi,ICE Gymsports North Canterbury,01/01/0001,,2,37300,10,0,0,E8,100,,,,,,,,,,,,
1097,8050cb81-30bf-47a6-4b0f-a892199e19c8,TCI #1 2023 AGE Interclub Trampoline Championships,,TRA,17 Years and Over Female,Qualification,1,,1,TRUE,2,70700,0,99,0,,1,0,Ross,Lexi,ICE Gymsports North Canterbury,01/01/0001,,2,37300,10,0,0,E∑,23200,3,2,4,4,4,4,4,3,4,6,2,0
1098,8050cb81-30bf-47a6-4b0f-a892199e19c8,TCI #1 2023 AGE Interclub Trampoline Championships,,TRA,17 Years and Over Female,Qualification,1,,1,TRUE,2,70700,0,99,0,,1,0,Ross,Lexi,ICE Gymsports North Canterbury,01/01/0001,,2,37300,10,0,0,T,0,,,,,,,,,,,,
1099,8050cb81-30bf-47a6-4b0f-a892199e19c8,TCI #1 2023 AGE Interclub Trampoline Championships,,TRA,17 Years and Over Female,Qualification,1,,1,TRUE,2,70700,0,99,0,,1,0,Ross,Lexi,ICE Gymsports North Canterbury,01/01/0001,,2,37300,10,0,0,D,47,0,,,,,,,,,,,
1100,8050cb81-30bf-47a6-4b0f-a892199e19c8,TCI #1 2023 AGE Interclub Trampoline Championships,,TRA,17 Years and Over Female,Qualification,1,,1,TRUE,2,70700,0,99,0,,1,0,Ross,Lexi,ICE Gymsports North Canterbury,01/01/0001,,2,37300,10,0,0,H,940,940,0,,,,,,,,,,
1101,8050cb81-30bf-47a6-4b0f-a892199e19c8,TCI #1 2023 AGE Interclub Trampoline Championships,,TRA,17 Years and Over Female,Qualification,1,,2,TRUE,5,37099,0,99,0,,1,0,Ward,Hollie,Christchurch School of Gymnastics,01/01/0001,,1,22500,10,0,0,E1,72,3,3,2,3,3,3,3,2,3,3,0,0
1102,8050cb81-30bf-47a6-4b0f-a892199e19c8,TCI #1 2023 AGE Interclub Trampoline Championships,,TRA,17 Years and Over Female,Qualification,1,,2,TRUE,5,37099,0,99,0,,1,0,Ward,Hollie,Christchurch School of Gymnastics,01/01/0001,,1,22500,10,0,0,E2,74,2,2,3,3,3,3,2,2,2,3,1,0
1103,8050cb81-30bf-47a6-4b0f-a892199e19c8,TCI #1 2023 AGE Interclub Trampoline Championships,,TRA,17 Years and Over Female,Qualification,1,,2,TRUE,5,37099,0,99,0,,1,0,Ward,Hollie,Christchurch School of Gymnastics,01/01/0001,,1,22500,10,0,0,E3,70,3,3,3,3,3,3,3,3,3,3,0,0
1104,8050cb81-30bf-47a6-4b0f-a892199e19c8,TCI #1 2023 AGE Interclub Trampoline Championships,,TRA,17 Years and Over Female,Qualification,1,,2,TRUE,5,37099,0,99,0,,1,0,Ward,Hollie,Christchurch School of Gymnastics,01/01/0001,,1,22500,10,0,0,E4,100,,,,,,,,,,,,
1105,8050cb81-30bf-47a6-4b0f-a892199e19c8,TCI #1 2023 AGE Interclub Trampoline Championships,,TRA,17 Years and Over Female,Qualification,1,,2,TRUE,5,37099,0,99,0,,1,0,Ward,Hollie,Christchurch School of Gymnastics,01/01/0001,,1,22500,10,0,0,E5,100,,,,,,,,,,,,
1106,8050cb81-30bf-47a6-4b0f-a892199e19c8,TCI #1 2023 AGE Interclub Trampoline Championships,,TRA,17 Years and Over Female,Qualification,1,,2,TRUE,5,37099,0,99,0,,1,0,Ward,Hollie,Christchurch School of Gymnastics,01/01/0001,,1,22500,10,0,0,E8,100,,,,,,,,,,,,
1107,8050cb81-30bf-47a6-4b0f-a892199e19c8,TCI #1 2023 AGE Interclub Trampoline Championships,,TRA,17 Years and Over Female,Qualification,1,,2,TRUE,5,37099,0,99,0,,1,0,Ward,Hollie,Christchurch School of Gymnastics,01/01/0001,,1,22500,10,0,0,E∑,21600,5,5,5,6,6,6,5,4,5,6,0,0
1108,8050cb81-30bf-47a6-4b0f-a892199e19c8,TCI #1 2023 AGE Interclub Trampoline Championships,,TRA,17 Years and Over Female,Qualification,1,,2,TRUE,5,37099,0,99,0,,1,0,Ward,Hollie,Christchurch School of Gymnastics,01/01/0001,,1,22500,10,0,0,T,0,,,,,,,,,,,,
1109,8050cb81-30bf-47a6-4b0f-a892199e19c8,TCI #1 2023 AGE Interclub Trampoline Championships,,TRA,17 Years and Over Female,Qualification,1,,2,TRUE,5,37099,0,99,0,,1,0,Ward,Hollie,Christchurch School of Gymnastics,01/01/0001,,1,22500,10,0,0,D,0,0,,,,,,,,,,,
1110,8050cb81-30bf-47a6-4b0f-a892199e19c8,TCI #1 2023 AGE Interclub Trampoline Championships,,TRA,17 Years and Over Female,Qualification,1,,2,TRUE,5,37099,0,99,0,,1,0,Ward,Hollie,Christchurch School of Gymnastics,01/01/0001,,1,22500,10,0,0,H,90,90,0,,,,,,,,,,
1111,8050cb81-30bf-47a6-4b0f-a892199e19c8,TCI #1 2023 AGE Interclub Trampoline Championships,,TRA,17 Years and Over Female,Qualification,1,,2,TRUE,5,37099,0,99,0,,1,0,Ward,Hollie,Christchurch School of Gymnastics,01/01/0001,,2,14599,10,0,0,E1,100,,,,,,,,,,,,
1112,8050cb81-30bf-47a6-4b0f-a892199e19c8,TCI #1 2023 AGE Interclub Trampoline Championships,,TRA,17 Years and Over Female,Qualification,1,,2,TRUE,5,37099,0,99,0,,1,0,Ward,Hollie,Christchurch School of Gymnastics,01/01/0001,,2,14599,10,0,0,E2,100,,,,,,,,,,,,
1113,8050cb81-30bf-47a6-4b0f-a892199e19c8,TCI #1 2023 AGE Interclub Trampoline Championships,,TRA,17 Years and Over Female,Qualification,1,,2,TRUE,5,37099,0,99,0,,1,0,Ward,Hollie,Christchurch School of Gymnastics,01/01/0001,,2,14599,10,0,0,E3,100,,,,,,,,,,,,
1114,8050cb81-30bf-47a6-4b0f-a892199e19c8,TCI #1 2023 AGE Interclub Trampoline Championships,,TRA,17 Years and Over Female,Qualification,1,,2,TRUE,5,37099,0,99,0,,1,0,Ward,Hollie,Christchurch School of Gymnastics,01/01/0001,,2,14599,10,0,0,E4,100,,,,,,,,,,,,
1115,8050cb81-30bf-47a6-4b0f-a892199e19c8,TCI #1 2023 AGE Interclub Trampoline Championships,,TRA,17 Years and Over Female,Qualification,1,,2,TRUE,5,37099,0,99,0,,1,0,Ward,Hollie,Christchurch School of Gymnastics,01/01/0001,,2,14599,10,0,0,E5,100,,,,,,,,,,,,
1116,8050cb81-30bf-47a6-4b0f-a892199e19c8,TCI #1 2023 AGE Interclub Trampoline Championships,,TRA,17 Years and Over Female,Qualification,1,,2,TRUE,5,37099,0,99,0,,1,0,Ward,Hollie,Christchurch School of Gymnastics,01/01/0001,,2,14599,10,0,0,E8,100,,,,,,,,,,,,
1117,8050cb81-30bf-47a6-4b0f-a892199e19c8,TCI #1 2023 AGE Interclub Trampoline Championships,,TRA,17 Years and Over Female,Qualification,1,,2,TRUE,5,37099,0,99,0,,1,0,Ward,Hollie,Christchurch School of Gymnastics,01/01/0001,,2,14599,10,0,0,E∑,-1,0,0,0,0,0,0,0,0,0,0,0,0
1118,8050cb81-30bf-47a6-4b0f-a892199e19c8,TCI #1 2023 AGE Interclub Trampoline Championships,,TRA,17 Years and Over Female,Qualification,1,,2,TRUE,5,37099,0,99,0,,1,0,Ward,Hollie,Christchurch School of Gymnastics,01/01/0001,,2,14599,10,0,0,T,0,,,,,,,,,,,,
1119,8050cb81-30bf-47a6-4b0f-a892199e19c8,TCI #1 2023 AGE Interclub Trampoline Championships,,TRA,17 Years and Over Female,Qualification,1,,2,TRUE,5,37099,0,99,0,,1,0,Ward,Hollie,Christchurch School of Gymnastics,01/01/0001,,2,14599,10,0,0,D,50,0,,,,,,,,,,,
1120,8050cb81-30bf-47a6-4b0f-a892199e19c8,TCI #1 2023 AGE Interclub Trampoline Championships,,TRA,17 Years and Over Female,Qualification,1,,2,TRUE,5,37099,0,99,0,,1,0,Ward,Hollie,Christchurch School of Gymnastics,01/01/0001,,2,14599,10,0,0,H,960,960,0,,,,,,,,,,
1121,8050cb81-30bf-47a6-4b0f-a892199e19c8,TCI #1 2023 AGE Interclub Trampoline Championships,,TRA,17 Years and Over Female,Qualification,1,,3,TRUE,3,67800,0,99,0,,1,0,Ward,Ericka,Christchurch School of Gymnastics,01/01/0001,,1,31600,10,0,0,E1,73,3,2,2,2,3,3,2,3,3,2,2,0
1122,8050cb81-30bf-47a6-4b0f-a892199e19c8,TCI #1 2023 AGE Interclub Trampoline Championships,,TRA,17 Years and Over Female,Qualification,1,,3,TRUE,3,67800,0,99,0,,1,0,Ward,Ericka,Christchurch School of Gymnastics,01/01/0001,,1,31600,10,0,0,E2,74,3,2,3,2,3,2,2,2,2,3,2,0
1123,8050cb81-30bf-47a6-4b0f-a892199e19c8,TCI #1 2023 AGE Interclub Trampoline Championships,,TRA,17 Years and Over Female,Qualification,1,,3,TRUE,3,67800,0,99,0,,1,0,Ward,Ericka,Christchurch School of Gymnastics,01/01/0001,,1,31600,10,0,0,E3,72,3,3,3,3,2,2,2,3,3,3,1,0
1124,8050cb81-30bf-47a6-4b0f-a892199e19c8,TCI #1 2023 AGE Interclub Trampoline Championships,,TRA,17 Years and Over Female,Qualification,1,,3,TRUE,3,67800,0,99,0,,1,0,Ward,Ericka,Christchurch School of Gymnastics,01/01/0001,,1,31600,10,0,0,E4,100,,,,,,,,,,,,
1125,8050cb81-30bf-47a6-4b0f-a892199e19c8,TCI #1 2023 AGE Interclub Trampoline Championships,,TRA,17 Years and Over Female,Qualification,1,,3,TRUE,3,67800,0,99,0,,1,0,Ward,Ericka,Christchurch School of Gymnastics,01/01/0001,,1,31600,10,0,0,E5,100,,,,,,,,,,,,
1126,8050cb81-30bf-47a6-4b0f-a892199e19c8,TCI #1 2023 AGE Interclub Trampoline Championships,,TRA,17 Years and Over Female,Qualification,1,,3,TRUE,3,67800,0,99,0,,1,0,Ward,Ericka,Christchurch School of Gymnastics,01/01/0001,,1,31600,10,0,0,E8,100,,,,,,,,,,,,
1127,8050cb81-30bf-47a6-4b0f-a892199e19c8,TCI #1 2023 AGE Interclub Trampoline Championships,,TRA,17 Years and Over Female,Qualification,1,,3,TRUE,3,67800,0,99,0,,1,0,Ward,Ericka,Christchurch School of Gymnastics,01/01/0001,,1,31600,10,0,0,E∑,21900,6,4,5,4,5,4,4,5,5,5,3,0
1128,8050cb81-30bf-47a6-4b0f-a892199e19c8,TCI #1 2023 AGE Interclub Trampoline Championships,,TRA,17 Years and Over Female,Qualification,1,,3,TRUE,3,67800,0,99,0,,1,0,Ward,Ericka,Christchurch School of Gymnastics,01/01/0001,,1,31600,10,0,0,T,0,,,,,,,,,,,,
1129,8050cb81-30bf-47a6-4b0f-a892199e19c8,TCI #1 2023 AGE Interclub Trampoline Championships,,TRA,17 Years and Over Female,Qualification,1,,3,TRUE,3,67800,0,99,0,,1,0,Ward,Ericka,Christchurch School of Gymnastics,01/01/0001,,1,31600,10,0,0,D,0,0,,,,,,,,,,,
1130,8050cb81-30bf-47a6-4b0f-a892199e19c8,TCI #1 2023 AGE Interclub Trampoline Championships,,TRA,17 Years and Over Female,Qualification,1,,3,TRUE,3,67800,0,99,0,,1,0,Ward,Ericka,Christchurch School of Gymnastics,01/01/0001,,1,31600,10,0,0,H,970,970,0,,,,,,,,,,
1131,8050cb81-30bf-47a6-4b0f-a892199e19c8,TCI #1 2023 AGE Interclub Trampoline Championships,,TRA,17 Years and Over Female,Qualification,1,,3,TRUE,3,67800,0,99,0,,1,0,Ward,Ericka,Christchurch School of Gymnastics,01/01/0001,,2,36200,10,0,0,E1,73,2,3,2,3,2,3,3,2,2,3,2,0
1132,8050cb81-30bf-47a6-4b0f-a892199e19c8,TCI #1 2023 AGE Interclub Trampoline Championships,,TRA,17 Years and Over Female,Qualification,1,,3,TRUE,3,67800,0,99,0,,1,0,Ward,Ericka,Christchurch School of Gymnastics,01/01/0001,,2,36200,10,0,0,E2,70,3,3,2,3,3,3,3,2,3,3,2,0
1133,8050cb81-30bf-47a6-4b0f-a892199e19c8,TCI #1 2023 AGE Interclub Trampoline Championships,,TRA,17 Years and Over Female,Qualification,1,,3,TRUE,3,67800,0,99,0,,1,0,Ward,Ericka,Christchurch School of Gymnastics,01/01/0001,,2,36200,10,0,0,E3,74,2,3,3,3,2,3,2,2,2,3,1,0
1134,8050cb81-30bf-47a6-4b0f-a892199e19c8,TCI #1 2023 AGE Interclub Trampoline Championships,,TRA,17 Years and Over Female,Qualification,1,,3,TRUE,3,67800,0,99,0,,1,0,Ward,Ericka,Christchurch School of Gymnastics,01/01/0001,,2,36200,10,0,0,E4,100,,,,,,,,,,,,
1135,8050cb81-30bf-47a6-4b0f-a892199e19c8,TCI #1 2023 AGE Interclub Trampoline Championships,,TRA,17 Years and Over Female,Qualification,1,,3,TRUE,3,67800,0,99,0,,1,0,Ward,Ericka,Christchurch School of Gymnastics,01/01/0001,,2,36200,10,0,0,E5,100,,,,,,,,,,,,
1136,8050cb81-30bf-47a6-4b0f-a892199e19c8,TCI #1 2023 AGE Interclub Trampoline Championships,,TRA,17 Years and Over Female,Qualification,1,,3,TRUE,3,67800,0,99,0,,1,0,Ward,Ericka,Christchurch School of Gymnastics,01/01/0001,,2,36200,10,0,0,E8,100,,,,,,,,,,,,
1137,8050cb81-30bf-47a6-4b0f-a892199e19c8,TCI #1 2023 AGE Interclub Trampoline Championships,,TRA,17 Years and Over Female,Qualification,1,,3,TRUE,3,67800,0,99,0,,1,0,Ward,Ericka,Christchurch School of Gymnastics,01/01/0001,,2,36200,10,0,0,E∑,21700,4,6,4,6,4,6,5,4,4,6,3,0
1138,8050cb81-30bf-47a6-4b0f-a892199e19c8,TCI #1 2023 AGE Interclub Trampoline Championships,,TRA,17 Years and Over Female,Qualification,1,,3,TRUE,3,67800,0,99,0,,1,0,Ward,Ericka,Christchurch School of Gymnastics,01/01/0001,,2,36200,10,0,0,T,0,,,,,,,,,,,,
1139,8050cb81-30bf-47a6-4b0f-a892199e19c8,TCI #1 2023 AGE Interclub Trampoline Championships,,TRA,17 Years and Over Female,Qualification,1,,3,TRUE,3,67800,0,99,0,,1,0,Ward,Ericka,Christchurch School of Gymnastics,01/01/0001,,2,36200,10,0,0,D,51,0,,,,,,,,,,,
1140,8050cb81-30bf-47a6-4b0f-a892199e19c8,TCI #1 2023 AGE Interclub Trampoline Championships,,TRA,17 Years and Over Female,Qualification,1,,3,TRUE,3,67800,0,99,0,,1,0,Ward,Ericka,Christchurch School of Gymnastics,01/01/0001,,2,36200,10,0,0,H,940,940,0,,,,,,,,,,
1141,8050cb81-30bf-47a6-4b0f-a892199e19c8,TCI #1 2023 AGE Interclub Trampoline Championships,,TRA,17 Years and Over Female,Qualification,1,,4,TRUE,1,71000,0,99,0,,1,0,Sutherland,Carmen,Christchurch School of Gymnastics,01/01/0001,,1,32200,10,0,0,E1,76,3,2,2,2,1,2,2,3,3,3,1,0
1142,8050cb81-30bf-47a6-4b0f-a892199e19c8,TCI #1 2023 AGE Interclub Trampoline Championships,,TRA,17 Years and Over Female,Qualification,1,,4,TRUE,1,71000,0,99,0,,1,0,Sutherland,Carmen,Christchurch School of Gymnastics,01/01/0001,,1,32200,10,0,0,E2,77,3,2,2,1,3,2,3,2,2,2,1,0
1143,8050cb81-30bf-47a6-4b0f-a892199e19c8,TCI #1 2023 AGE Interclub Trampoline Championships,,TRA,17 Years and Over Female,Qualification,1,,4,TRUE,1,71000,0,99,0,,1,0,Sutherland,Carmen,Christchurch School of Gymnastics,01/01/0001,,1,32200,10,0,0,E3,75,3,3,2,3,1,2,2,3,3,3,0,0
1144,8050cb81-30bf-47a6-4b0f-a892199e19c8,TCI #1 2023 AGE Interclub Trampoline Championships,,TRA,17 Years and Over Female,Qualification,1,,4,TRUE,1,71000,0,99,0,,1,0,Sutherland,Carmen,Christchurch School of Gymnastics,01/01/0001,,1,32200,10,0,0,E4,100,,,,,,,,,,,,
1145,8050cb81-30bf-47a6-4b0f-a892199e19c8,TCI #1 2023 AGE Interclub Trampoline Championships,,TRA,17 Years and Over Female,Qualification,1,,4,TRUE,1,71000,0,99,0,,1,0,Sutherland,Carmen,Christchurch School of Gymnastics,01/01/0001,,1,32200,10,0,0,E5,100,,,,,,,,,,,,
1146,8050cb81-30bf-47a6-4b0f-a892199e19c8,TCI #1 2023 AGE Interclub Trampoline Championships,,TRA,17 Years and Over Female,Qualification,1,,4,TRUE,1,71000,0,99,0,,1,0,Sutherland,Carmen,Christchurch School of Gymnastics,01/01/0001,,1,32200,10,0,0,E8,100,,,,,,,,,,,,
1147,8050cb81-30bf-47a6-4b0f-a892199e19c8,TCI #1 2023 AGE Interclub Trampoline Championships,,TRA,17 Years and Over Female,Qualification,1,,4,TRUE,1,71000,0,99,0,,1,0,Sutherland,Carmen,Christchurch School of Gymnastics,01/01/0001,,1,32200,10,0,0,E∑,22800,6,4,4,3,2,4,4,5,5,5,1,0
1148,8050cb81-30bf-47a6-4b0f-a892199e19c8,TCI #1 2023 AGE Interclub Trampoline Championships,,TRA,17 Years and Over Female,Qualification,1,,4,TRUE,1,71000,0,99,0,,1,0,Sutherland,Carmen,Christchurch School of Gymnastics,01/01/0001,,1,32200,10,0,0,T,0,,,,,,,,,,,,
1149,8050cb81-30bf-47a6-4b0f-a892199e19c8,TCI #1 2023 AGE Interclub Trampoline Championships,,TRA,17 Years and Over Female,Qualification,1,,4,TRUE,1,71000,0,99,0,,1,0,Sutherland,Carmen,Christchurch School of Gymnastics,01/01/0001,,1,32200,10,0,0,D,0,0,,,,,,,,,,,
1150,8050cb81-30bf-47a6-4b0f-a892199e19c8,TCI #1 2023 AGE Interclub Trampoline Championships,,TRA,17 Years and Over Female,Qualification,1,,4,TRUE,1,71000,0,99,0,,1,0,Sutherland,Carmen,Christchurch School of Gymnastics,01/01/0001,,1,32200,10,0,0,H,940,940,0,,,,,,,,,,
1151,8050cb81-30bf-47a6-4b0f-a892199e19c8,TCI #1 2023 AGE Interclub Trampoline Championships,,TRA,17 Years and Over Female,Qualification,1,,4,TRUE,1,71000,0,99,0,,1,0,Sutherland,Carmen,Christchurch School of Gymnastics,01/01/0001,,2,38800,10,0,0,E1,78,2,2,1,2,2,2,3,2,2,3,1,0
1152,8050cb81-30bf-47a6-4b0f-a892199e19c8,TCI #1 2023 AGE Interclub Trampoline Championships,,TRA,17 Years and Over Female,Qualification,1,,4,TRUE,1,71000,0,99,0,,1,0,Sutherland,Carmen,Christchurch School of Gymnastics,01/01/0001,,2,38800,10,0,0,E2,77,2,2,2,2,2,2,3,3,2,2,1,0
1153,8050cb81-30bf-47a6-4b0f-a892199e19c8,TCI #1 2023 AGE Interclub Trampoline Championships,,TRA,17 Years and Over Female,Qualification,1,,4,TRUE,1,71000,0,99,0,,1,0,Sutherland,Carmen,Christchurch School of Gymnastics,01/01/0001,,2,38800,10,0,0,E3,75,2,3,2,2,3,2,3,3,3,2,0,0
1154,8050cb81-30bf-47a6-4b0f-a892199e19c8,TCI #1 2023 AGE Interclub Trampoline Championships,,TRA,17 Years and Over Female,Qualification,1,,4,TRUE,1,71000,0,99,0,,1,0,Sutherland,Carmen,Christchurch School of Gymnastics,01/01/0001,,2,38800,10,0,0,E4,100,,,,,,,,,,,,
1155,8050cb81-30bf-47a6-4b0f-a892199e19c8,TCI #1 2023 AGE Interclub Trampoline Championships,,TRA,17 Years and Over Female,Qualification,1,,4,TRUE,1,71000,0,99,0,,1,0,Sutherland,Carmen,Christchurch School of Gymnastics,01/01/0001,,2,38800,10,0,0,E5,100,,,,,,,,,,,,
1156,8050cb81-30bf-47a6-4b0f-a892199e19c8,TCI #1 2023 AGE Interclub Trampoline Championships,,TRA,17 Years and Over Female,Qualification,1,,4,TRUE,1,71000,0,99,0,,1,0,Sutherland,Carmen,Christchurch School of Gymnastics,01/01/0001,,2,38800,10,0,0,E8,100,,,,,,,,,,,,
1157,8050cb81-30bf-47a6-4b0f-a892199e19c8,TCI #1 2023 AGE Interclub Trampoline Championships,,TRA,17 Years and Over Female,Qualification,1,,4,TRUE,1,71000,0,99,0,,1,0,Sutherland,Carmen,Christchurch School of Gymnastics,01/01/0001,,2,38800,10,0,0,E∑,23000,4,4,3,4,4,4,6,5,4,4,1,0
1158,8050cb81-30bf-47a6-4b0f-a892199e19c8,TCI #1 2023 AGE Interclub Trampoline Championships,,TRA,17 Years and Over Female,Qualification,1,,4,TRUE,1,71000,0,99,0,,1,0,Sutherland,Carmen,Christchurch School of Gymnastics,01/01/0001,,2,38800,10,0,0,T,0,,,,,,,,,,,,
1159,8050cb81-30bf-47a6-4b0f-a892199e19c8,TCI #1 2023 AGE Interclub Trampoline Championships,,TRA,17 Years and Over Female,Qualification,1,,4,TRUE,1,71000,0,99,0,,1,0,Sutherland,Carmen,Christchurch School of Gymnastics,01/01/0001,,2,38800,10,0,0,D,59,0,,,,,,,,,,,
1160,8050cb81-30bf-47a6-4b0f-a892199e19c8,TCI #1 2023 AGE Interclub Trampoline Championships,,TRA,17 Years and Over Female,Qualification,1,,4,TRUE,1,71000,0,99,0,,1,0,Sutherland,Carmen,Christchurch School of Gymnastics,01/01/0001,,2,38800,10,0,0,H,990,990,0,,,,,,,,,,
1161,8050cb81-30bf-47a6-4b0f-a892199e19c8,TCI #1 2023 AGE Interclub Trampoline Championships,,TRA,17 Years and Over Female,Qualification,1,,5,TRUE,4,63000,0,99,0,,1,0,Watson,Ami,Christchurch School of Gymnastics,01/01/0001,,1,28300,10,0,20,E1,72,3,3,2,3,3,3,2,3,3,2,1,0
1162,8050cb81-30bf-47a6-4b0f-a892199e19c8,TCI #1 2023 AGE Interclub Trampoline Championships,,TRA,17 Years and Over Female,Qualification,1,,5,TRUE,4,63000,0,99,0,,1,0,Watson,Ami,Christchurch School of Gymnastics,01/01/0001,,1,28300,10,0,20,E2,70,3,3,3,3,2,3,3,3,3,3,1,0
1163,8050cb81-30bf-47a6-4b0f-a892199e19c8,TCI #1 2023 AGE Interclub Trampoline Championships,,TRA,17 Years and Over Female,Qualification,1,,5,TRUE,4,63000,0,99,0,,1,0,Watson,Ami,Christchurch School of Gymnastics,01/01/0001,,1,28300,10,0,20,E3,70,3,3,3,3,2,3,3,3,3,3,1,0
1164,8050cb81-30bf-47a6-4b0f-a892199e19c8,TCI #1 2023 AGE Interclub Trampoline Championships,,TRA,17 Years and Over Female,Qualification,1,,5,TRUE,4,63000,0,99,0,,1,0,Watson,Ami,Christchurch School of Gymnastics,01/01/0001,,1,28300,10,0,20,E4,100,,,,,,,,,,,,
1165,8050cb81-30bf-47a6-4b0f-a892199e19c8,TCI #1 2023 AGE Interclub Trampoline Championships,,TRA,17 Years and Over Female,Qualification,1,,5,TRUE,4,63000,0,99,0,,1,0,Watson,Ami,Christchurch School of Gymnastics,01/01/0001,,1,28300,10,0,20,E5,100,,,,,,,,,,,,
1166,8050cb81-30bf-47a6-4b0f-a892199e19c8,TCI #1 2023 AGE Interclub Trampoline Championships,,TRA,17 Years and Over Female,Qualification,1,,5,TRUE,4,63000,0,99,0,,1,0,Watson,Ami,Christchurch School of Gymnastics,01/01/0001,,1,28300,10,0,20,E8,100,,,,,,,,,,,,
1167,8050cb81-30bf-47a6-4b0f-a892199e19c8,TCI #1 2023 AGE Interclub Trampoline Championships,,TRA,17 Years and Over Female,Qualification,1,,5,TRUE,4,63000,0,99,0,,1,0,Watson,Ami,Christchurch School of Gymnastics,01/01/0001,,1,28300,10,0,20,E∑,21200,6,6,5,6,4,6,5,6,6,5,2,0
1168,8050cb81-30bf-47a6-4b0f-a892199e19c8,TCI #1 2023 AGE Interclub Trampoline Championships,,TRA,17 Years and Over Female,Qualification,1,,5,TRUE,4,63000,0,99,0,,1,0,Watson,Ami,Christchurch School of Gymnastics,01/01/0001,,1,28300,10,0,20,T,0,,,,,,,,,,,,
1169,8050cb81-30bf-47a6-4b0f-a892199e19c8,TCI #1 2023 AGE Interclub Trampoline Championships,,TRA,17 Years and Over Female,Qualification,1,,5,TRUE,4,63000,0,99,0,,1,0,Watson,Ami,Christchurch School of Gymnastics,01/01/0001,,1,28300,10,0,20,D,0,0,,,,,,,,,,,
1170,8050cb81-30bf-47a6-4b0f-a892199e19c8,TCI #1 2023 AGE Interclub Trampoline Championships,,TRA,17 Years and Over Female,Qualification,1,,5,TRUE,4,63000,0,99,0,,1,0,Watson,Ami,Christchurch School of Gymnastics,01/01/0001,,1,28300,10,0,20,H,910,910,0,,,,,,,,,,
1171,8050cb81-30bf-47a6-4b0f-a892199e19c8,TCI #1 2023 AGE Interclub Trampoline Championships,,TRA,17 Years and Over Female,Qualification,1,,5,TRUE,4,63000,0,99,0,,1,0,Watson,Ami,Christchurch School of Gymnastics,01/01/0001,,2,34700,10,0,0,E1,73,3,3,2,3,3,2,2,3,3,3,0,0
1172,8050cb81-30bf-47a6-4b0f-a892199e19c8,TCI #1 2023 AGE Interclub Trampoline Championships,,TRA,17 Years and Over Female,Qualification,1,,5,TRUE,4,63000,0,99,0,,1,0,Watson,Ami,Christchurch School of Gymnastics,01/01/0001,,2,34700,10,0,0,E2,70,3,2,3,3,3,4,3,3,3,3,0,0
1173,8050cb81-30bf-47a6-4b0f-a892199e19c8,TCI #1 2023 AGE Interclub Trampoline Championships,,TRA,17 Years and Over Female,Qualification,1,,5,TRUE,4,63000,0,99,0,,1,0,Watson,Ami,Christchurch School of Gymnastics,01/01/0001,,2,34700,10,0,0,E3,70,3,3,3,3,3,2,3,4,3,3,0,0
1174,8050cb81-30bf-47a6-4b0f-a892199e19c8,TCI #1 2023 AGE Interclub Trampoline Championships,,TRA,17 Years and Over Female,Qualification,1,,5,TRUE,4,63000,0,99,0,,1,0,Watson,Ami,Christchurch School of Gymnastics,01/01/0001,,2,34700,10,0,0,E4,100,,,,,,,,,,,,
1175,8050cb81-30bf-47a6-4b0f-a892199e19c8,TCI #1 2023 AGE Interclub Trampoline Championships,,TRA,17 Years and Over Female,Qualification,1,,5,TRUE,4,63000,0,99,0,,1,0,Watson,Ami,Christchurch School of Gymnastics,01/01/0001,,2,34700,10,0,0,E5,100,,,,,,,,,,,,
1176,8050cb81-30bf-47a6-4b0f-a892199e19c8,TCI #1 2023 AGE Interclub Trampoline Championships,,TRA,17 Years and Over Female,Qualification,1,,5,TRUE,4,63000,0,99,0,,1,0,Watson,Ami,Christchurch School of Gymnastics,01/01/0001,,2,34700,10,0,0,E8,100,,,,,,,,,,,,
1177,8050cb81-30bf-47a6-4b0f-a892199e19c8,TCI #1 2023 AGE Interclub Trampoline Championships,,TRA,17 Years and Over Female,Qualification,1,,5,TRUE,4,63000,0,99,0,,1,0,Watson,Ami,Christchurch School of Gymnastics,01/01/0001,,2,34700,10,0,0,E∑,21300,6,5,5,6,6,4,5,6,6,6,0,0
1178,8050cb81-30bf-47a6-4b0f-a892199e19c8,TCI #1 2023 AGE Interclub Trampoline Championships,,TRA,17 Years and Over Female,Qualification,1,,5,TRUE,4,63000,0,99,0,,1,0,Watson,Ami,Christchurch School of Gymnastics,01/01/0001,,2,34700,10,0,0,T,0,,,,,,,,,,,,
1179,8050cb81-30bf-47a6-4b0f-a892199e19c8,TCI #1 2023 AGE Interclub Trampoline Championships,,TRA,17 Years and Over Female,Qualification,1,,5,TRUE,4,63000,0,99,0,,1,0,Watson,Ami,Christchurch School of Gymnastics,01/01/0001,,2,34700,10,0,0,D,44,0,,,,,,,,,,,
1180,8050cb81-30bf-47a6-4b0f-a892199e19c8,TCI #1 2023 AGE Interclub Trampoline Championships,,TRA,17 Years and Over Female,Qualification,1,,5,TRUE,4,63000,0,99,0,,1,0,Watson,Ami,Christchurch School of Gymnastics,01/01/0001,,2,34700,10,0,0,H,900,900,0,,,,,,,,,,
1181,8050cb81-30bf-47a6-4b0f-a892199e19c8,TCI #1 2023 AGE Interclub Trampoline Championships,,TRA,15-16 Years Male,Qualification,1,,1,TRUE,1,66700,0,99,0,,1,0,Johnston,Luke,Christchurch School of Gymnastics,01/01/0001,,1,32300,10,0,0,E1,74,2,2,3,2,3,1,2,2,3,3,3,0
1182,8050cb81-30bf-47a6-4b0f-a892199e19c8,TCI #1 2023 AGE Interclub Trampoline Championships,,TRA,15-16 Years Male,Qualification,1,,1,TRUE,1,66700,0,99,0,,1,0,Johnston,Luke,Christchurch School of Gymnastics,01/01/0001,,1,32300,10,0,0,E2,82,1,1,2,1,2,2,2,2,2,2,1,0
1183,8050cb81-30bf-47a6-4b0f-a892199e19c8,TCI #1 2023 AGE Interclub Trampoline Championships,,TRA,15-16 Years Male,Qualification,1,,1,TRUE,1,66700,0,99,0,,1,0,Johnston,Luke,Christchurch School of Gymnastics,01/01/0001,,1,32300,10,0,0,E3,72,2,3,3,3,3,3,2,2,3,3,1,0
1184,8050cb81-30bf-47a6-4b0f-a892199e19c8,TCI #1 2023 AGE Interclub Trampoline Championships,,TRA,15-16 Years Male,Qualification,1,,1,TRUE,1,66700,0,99,0,,1,0,Johnston,Luke,Christchurch School of Gymnastics,01/01/0001,,1,32300,10,0,0,E4,100,,,,,,,,,,,,
1185,8050cb81-30bf-47a6-4b0f-a892199e19c8,TCI #1 2023 AGE Interclub Trampoline Championships,,TRA,15-16 Years Male,Qualification,1,,1,TRUE,1,66700,0,99,0,,1,0,Johnston,Luke,Christchurch School of Gymnastics,01/01/0001,,1,32300,10,0,0,E5,100,,,,,,,,,,,,
1186,8050cb81-30bf-47a6-4b0f-a892199e19c8,TCI #1 2023 AGE Interclub Trampoline Championships,,TRA,15-16 Years Male,Qualification,1,,1,TRUE,1,66700,0,99,0,,1,0,Johnston,Luke,Christchurch School of Gymnastics,01/01/0001,,1,32300,10,0,0,E8,100,,,,,,,,,,,,
1187,8050cb81-30bf-47a6-4b0f-a892199e19c8,TCI #1 2023 AGE Interclub Trampoline Championships,,TRA,15-16 Years Male,Qualification,1,,1,TRUE,1,66700,0,99,0,,1,0,Johnston,Luke,Christchurch School of Gymnastics,01/01/0001,,1,32300,10,0,0,E∑,22800,3,3,5,3,5,3,4,4,5,5,2,0
1188,8050cb81-30bf-47a6-4b0f-a892199e19c8,TCI #1 2023 AGE Interclub Trampoline Championships,,TRA,15-16 Years Male,Qualification,1,,1,TRUE,1,66700,0,99,0,,1,0,Johnston,Luke,Christchurch School of Gymnastics,01/01/0001,,1,32300,10,0,0,T,0,,,,,,,,,,,,
1189,8050cb81-30bf-47a6-4b0f-a892199e19c8,TCI #1 2023 AGE Interclub Trampoline Championships,,TRA,15-16 Years Male,Qualification,1,,1,TRUE,1,66700,0,99,0,,1,0,Johnston,Luke,Christchurch School of Gymnastics,01/01/0001,,1,32300,10,0,0,D,0,0,,,,,,,,,,,
1190,8050cb81-30bf-47a6-4b0f-a892199e19c8,TCI #1 2023 AGE Interclub Trampoline Championships,,TRA,15-16 Years Male,Qualification,1,,1,TRUE,1,66700,0,99,0,,1,0,Johnston,Luke,Christchurch School of Gymnastics,01/01/0001,,1,32300,10,0,0,H,950,950,0,,,,,,,,,,
1191,8050cb81-30bf-47a6-4b0f-a892199e19c8,TCI #1 2023 AGE Interclub Trampoline Championships,,TRA,15-16 Years Male,Qualification,1,,1,TRUE,1,66700,0,99,0,,1,0,Johnston,Luke,Christchurch School of Gymnastics,01/01/0001,,2,34400,10,0,0,E1,70,2,2,4,3,4,3,2,2,3,3,2,0
1192,8050cb81-30bf-47a6-4b0f-a892199e19c8,TCI #1 2023 AGE Interclub Trampoline Championships,,TRA,15-16 Years Male,Qualification,1,,1,TRUE,1,66700,0,99,0,,1,0,Johnston,Luke,Christchurch School of Gymnastics,01/01/0001,,2,34400,10,0,0,E2,71,2,2,3,2,3,3,3,3,3,3,2,0
1193,8050cb81-30bf-47a6-4b0f-a892199e19c8,TCI #1 2023 AGE Interclub Trampoline Championships,,TRA,15-16 Years Male,Qualification,1,,1,TRUE,1,66700,0,99,0,,1,0,Johnston,Luke,Christchurch School of Gymnastics,01/01/0001,,2,34400,10,0,0,E3,69,3,3,3,3,3,3,3,3,3,3,1,0
1194,8050cb81-30bf-47a6-4b0f-a892199e19c8,TCI #1 2023 AGE Interclub Trampoline Championships,,TRA,15-16 Years Male,Qualification,1,,1,TRUE,1,66700,0,99,0,,1,0,Johnston,Luke,Christchurch School of Gymnastics,01/01/0001,,2,34400,10,0,0,E4,100,,,,,,,,,,,,
1195,8050cb81-30bf-47a6-4b0f-a892199e19c8,TCI #1 2023 AGE Interclub Trampoline Championships,,TRA,15-16 Years Male,Qualification,1,,1,TRUE,1,66700,0,99,0,,1,0,Johnston,Luke,Christchurch School of Gymnastics,01/01/0001,,2,34400,10,0,0,E5,100,,,,,,,,,,,,
1196,8050cb81-30bf-47a6-4b0f-a892199e19c8,TCI #1 2023 AGE Interclub Trampoline Championships,,TRA,15-16 Years Male,Qualification,1,,1,TRUE,1,66700,0,99,0,,1,0,Johnston,Luke,Christchurch School of Gymnastics,01/01/0001,,2,34400,10,0,0,E8,100,,,,,,,,,,,,
1197,8050cb81-30bf-47a6-4b0f-a892199e19c8,TCI #1 2023 AGE Interclub Trampoline Championships,,TRA,15-16 Years Male,Qualification,1,,1,TRUE,1,66700,0,99,0,,1,0,Johnston,Luke,Christchurch School of Gymnastics,01/01/0001,,2,34400,10,0,0,E∑,21000,4,4,6,5,6,6,5,5,6,6,3,0
1198,8050cb81-30bf-47a6-4b0f-a892199e19c8,TCI #1 2023 AGE Interclub Trampoline Championships,,TRA,15-16 Years Male,Qualification,1,,1,TRUE,1,66700,0,99,0,,1,0,Johnston,Luke,Christchurch School of Gymnastics,01/01/0001,,2,34400,10,0,0,T,0,,,,,,,,,,,,
1199,8050cb81-30bf-47a6-4b0f-a892199e19c8,TCI #1 2023 AGE Interclub Trampoline Championships,,TRA,15-16 Years Male,Qualification,1,,1,TRUE,1,66700,0,99,0,,1,0,Johnston,Luke,Christchurch School of Gymnastics,01/01/0001,,2,34400,10,0,0,D,41,0,,,,,,,,,,,
1200,8050cb81-30bf-47a6-4b0f-a892199e19c8,TCI #1 2023 AGE Interclub Trampoline Championships,,TRA,15-16 Years Male,Qualification,1,,1,TRUE,1,66700,0,99,0,,1,0,Johnston,Luke,Christchurch School of Gymnastics,01/01/0001,,2,34400,10,0,0,H,930,930,0,,,,,,,,,,
1201,8050cb81-30bf-47a6-4b0f-a892199e19c8,TCI #1 2023 AGE Interclub Trampoline Championships,,DMT,9-10 Years Female,Qualification,1,,1,TRUE,4,58900,0,99,0,,1,0,Middelberg,Amelia,Olympia Gymnastic Sports,01/01/0001,,1,19300,2,0,0,E1,93,2,3,,,,,,,,,2,0
1202,8050cb81-30bf-47a6-4b0f-a892199e19c8,TCI #1 2023 AGE Interclub Trampoline Championships,,DMT,9-10 Years Female,Qualification,1,,1,TRUE,4,58900,0,99,0,,1,0,Middelberg,Amelia,Olympia Gymnastic Sports,01/01/0001,,1,19300,2,0,0,E2,94,2,2,,,,,,,,,2,0
1203,8050cb81-30bf-47a6-4b0f-a892199e19c8,TCI #1 2023 AGE Interclub Trampoline Championships,,DMT,9-10 Years Female,Qualification,1,,1,TRUE,4,58900,0,99,0,,1,0,Middelberg,Amelia,Olympia Gymnastic Sports,01/01/0001,,1,19300,2,0,0,E3,94,2,2,,,,,,,,,2,0
1204,8050cb81-30bf-47a6-4b0f-a892199e19c8,TCI #1 2023 AGE Interclub Trampoline Championships,,DMT,9-10 Years Female,Qualification,1,,1,TRUE,4,58900,0,99,0,,1,0,Middelberg,Amelia,Olympia Gymnastic Sports,01/01/0001,,1,19300,2,0,0,E4,100,,,,,,,,,,,,
1205,8050cb81-30bf-47a6-4b0f-a892199e19c8,TCI #1 2023 AGE Interclub Trampoline Championships,,DMT,9-10 Years Female,Qualification,1,,1,TRUE,4,58900,0,99,0,,1,0,Middelberg,Amelia,Olympia Gymnastic Sports,01/01/0001,,1,19300,2,0,0,E5,100,,,,,,,,,,,,
1206,8050cb81-30bf-47a6-4b0f-a892199e19c8,TCI #1 2023 AGE Interclub Trampoline Championships,,DMT,9-10 Years Female,Qualification,1,,1,TRUE,4,58900,0,99,0,,1,0,Middelberg,Amelia,Olympia Gymnastic Sports,01/01/0001,,1,19300,2,0,0,E8,100,,,,,,,,,,,,
1207,8050cb81-30bf-47a6-4b0f-a892199e19c8,TCI #1 2023 AGE Interclub Trampoline Championships,,DMT,9-10 Years Female,Qualification,1,,1,TRUE,4,58900,0,99,0,,1,0,Middelberg,Amelia,Olympia Gymnastic Sports,01/01/0001,,1,19300,2,0,0,E∑,188,4,4,0,0,0,0,0,0,0,0,4,0
1208,8050cb81-30bf-47a6-4b0f-a892199e19c8,TCI #1 2023 AGE Interclub Trampoline Championships,,DMT,9-10 Years Female,Qualification,1,,1,TRUE,4,58900,0,99,0,,1,0,Middelberg,Amelia,Olympia Gymnastic Sports,01/01/0001,,1,19300,2,0,0,T,0,,,,,,,,,,,,
1209,8050cb81-30bf-47a6-4b0f-a892199e19c8,TCI #1 2023 AGE Interclub Trampoline Championships,,DMT,9-10 Years Female,Qualification,1,,1,TRUE,4,58900,0,99,0,,1,0,Middelberg,Amelia,Olympia Gymnastic Sports,01/01/0001,,1,19300,2,0,0,D,5,0,,,,,,,,,,,
1210,8050cb81-30bf-47a6-4b0f-a892199e19c8,TCI #1 2023 AGE Interclub Trampoline Championships,,DMT,9-10 Years Female,Qualification,1,,1,TRUE,4,58900,0,99,0,,1,0,Middelberg,Amelia,Olympia Gymnastic Sports,01/01/0001,,1,19300,2,0,0,H,0,0,0,,,,,,,,,,
1211,8050cb81-30bf-47a6-4b0f-a892199e19c8,TCI #1 2023 AGE Interclub Trampoline Championships,,DMT,9-10 Years Female,Qualification,1,,1,TRUE,4,58900,0,99,0,,1,0,Middelberg,Amelia,Olympia Gymnastic Sports,01/01/0001,,2,20000,2,0,0,E1,97,1,2,,,,,,,,,0,0
1212,8050cb81-30bf-47a6-4b0f-a892199e19c8,TCI #1 2023 AGE Interclub Trampoline Championships,,DMT,9-10 Years Female,Qualification,1,,1,TRUE,4,58900,0,99,0,,1,0,Middelberg,Amelia,Olympia Gymnastic Sports,01/01/0001,,2,20000,2,0,0,E2,96,2,2,,,,,,,,,0,0
1213,8050cb81-30bf-47a6-4b0f-a892199e19c8,TCI #1 2023 AGE Interclub Trampoline Championships,,DMT,9-10 Years Female,Qualification,1,,1,TRUE,4,58900,0,99,0,,1,0,Middelberg,Amelia,Olympia Gymnastic Sports,01/01/0001,,2,20000,2,0,0,E3,97,2,1,,,,,,,,,0,0
1214,8050cb81-30bf-47a6-4b0f-a892199e19c8,TCI #1 2023 AGE Interclub Trampoline Championships,,DMT,9-10 Years Female,Qualification,1,,1,TRUE,4,58900,0,99,0,,1,0,Middelberg,Amelia,Olympia Gymnastic Sports,01/01/0001,,2,20000,2,0,0,E4,100,,,,,,,,,,,,
1215,8050cb81-30bf-47a6-4b0f-a892199e19c8,TCI #1 2023 AGE Interclub Trampoline Championships,,DMT,9-10 Years Female,Qualification,1,,1,TRUE,4,58900,0,99,0,,1,0,Middelberg,Amelia,Olympia Gymnastic Sports,01/01/0001,,2,20000,2,0,0,E5,100,,,,,,,,,,,,
1216,8050cb81-30bf-47a6-4b0f-a892199e19c8,TCI #1 2023 AGE Interclub Trampoline Championships,,DMT,9-10 Years Female,Qualification,1,,1,TRUE,4,58900,0,99,0,,1,0,Middelberg,Amelia,Olympia Gymnastic Sports,01/01/0001,,2,20000,2,0,0,E8,100,,,,,,,,,,,,
1217,8050cb81-30bf-47a6-4b0f-a892199e19c8,TCI #1 2023 AGE Interclub Trampoline Championships,,DMT,9-10 Years Female,Qualification,1,,1,TRUE,4,58900,0,99,0,,1,0,Middelberg,Amelia,Olympia Gymnastic Sports,01/01/0001,,2,20000,2,0,0,E∑,194,3,3,0,0,0,0,0,0,0,0,0,0
1218,8050cb81-30bf-47a6-4b0f-a892199e19c8,TCI #1 2023 AGE Interclub Trampoline Championships,,DMT,9-10 Years Female,Qualification,1,,1,TRUE,4,58900,0,99,0,,1,0,Middelberg,Amelia,Olympia Gymnastic Sports,01/01/0001,,2,20000,2,0,0,T,0,,,,,,,,,,,,
1219,8050cb81-30bf-47a6-4b0f-a892199e19c8,TCI #1 2023 AGE Interclub Trampoline Championships,,DMT,9-10 Years Female,Qualification,1,,1,TRUE,4,58900,0,99,0,,1,0,Middelberg,Amelia,Olympia Gymnastic Sports,01/01/0001,,2,20000,2,0,0,D,6,0,,,,,,,,,,,
1220,8050cb81-30bf-47a6-4b0f-a892199e19c8,TCI #1 2023 AGE Interclub Trampoline Championships,,DMT,9-10 Years Female,Qualification,1,,1,TRUE,4,58900,0,99,0,,1,0,Middelberg,Amelia,Olympia Gymnastic Sports,01/01/0001,,2,20000,2,0,0,H,0,0,0,,,,,,,,,,
1221,8050cb81-30bf-47a6-4b0f-a892199e19c8,TCI #1 2023 AGE Interclub Trampoline Championships,,DMT,9-10 Years Female,Qualification,1,,1,TRUE,4,58900,0,99,0,,1,0,Middelberg,Amelia,Olympia Gymnastic Sports,01/01/0001,,3,19600,2,0,0,E1,95,2,2,,,,,,,,,1,0
1222,8050cb81-30bf-47a6-4b0f-a892199e19c8,TCI #1 2023 AGE Interclub Trampoline Championships,,DMT,9-10 Years Female,Qualification,1,,1,TRUE,4,58900,0,99,0,,1,0,Middelberg,Amelia,Olympia Gymnastic Sports,01/01/0001,,3,19600,2,0,0,E2,94,2,3,,,,,,,,,1,0
1223,8050cb81-30bf-47a6-4b0f-a892199e19c8,TCI #1 2023 AGE Interclub Trampoline Championships,,DMT,9-10 Years Female,Qualification,1,,1,TRUE,4,58900,0,99,0,,1,0,Middelberg,Amelia,Olympia Gymnastic Sports,01/01/0001,,3,19600,2,0,0,E3,97,2,1,,,,,,,,,0,0
1224,8050cb81-30bf-47a6-4b0f-a892199e19c8,TCI #1 2023 AGE Interclub Trampoline Championships,,DMT,9-10 Years Female,Qualification,1,,1,TRUE,4,58900,0,99,0,,1,0,Middelberg,Amelia,Olympia Gymnastic Sports,01/01/0001,,3,19600,2,0,0,E4,100,,,,,,,,,,,,
1225,8050cb81-30bf-47a6-4b0f-a892199e19c8,TCI #1 2023 AGE Interclub Trampoline Championships,,DMT,9-10 Years Female,Qualification,1,,1,TRUE,4,58900,0,99,0,,1,0,Middelberg,Amelia,Olympia Gymnastic Sports,01/01/0001,,3,19600,2,0,0,E5,100,,,,,,,,,,,,
1226,8050cb81-30bf-47a6-4b0f-a892199e19c8,TCI #1 2023 AGE Interclub Trampoline Championships,,DMT,9-10 Years Female,Qualification,1,,1,TRUE,4,58900,0,99,0,,1,0,Middelberg,Amelia,Olympia Gymnastic Sports,01/01/0001,,3,19600,2,0,0,E8,100,,,,,,,,,,,,
1227,8050cb81-30bf-47a6-4b0f-a892199e19c8,TCI #1 2023 AGE Interclub Trampoline Championships,,DMT,9-10 Years Female,Qualification,1,,1,TRUE,4,58900,0,99,0,,1,0,Middelberg,Amelia,Olympia Gymnastic Sports,01/01/0001,,3,19600,2,0,0,E∑,192,4,3,0,0,0,0,0,0,0,0,1,0
1228,8050cb81-30bf-47a6-4b0f-a892199e19c8,TCI #1 2023 AGE Interclub Trampoline Championships,,DMT,9-10 Years Female,Qualification,1,,1,TRUE,4,58900,0,99,0,,1,0,Middelberg,Amelia,Olympia Gymnastic Sports,01/01/0001,,3,19600,2,0,0,T,0,,,,,,,,,,,,
1229,8050cb81-30bf-47a6-4b0f-a892199e19c8,TCI #1 2023 AGE Interclub Trampoline Championships,,DMT,9-10 Years Female,Qualification,1,,1,TRUE,4,58900,0,99,0,,1,0,Middelberg,Amelia,Olympia Gymnastic Sports,01/01/0001,,3,19600,2,0,0,D,4,0,,,,,,,,,,,
1230,8050cb81-30bf-47a6-4b0f-a892199e19c8,TCI #1 2023 AGE Interclub Trampoline Championships,,DMT,9-10 Years Female,Qualification,1,,1,TRUE,4,58900,0,99,0,,1,0,Middelberg,Amelia,Olympia Gymnastic Sports,01/01/0001,,3,19600,2,0,0,H,0,0,0,,,,,,,,,,
1231,8050cb81-30bf-47a6-4b0f-a892199e19c8,TCI #1 2023 AGE Interclub Trampoline Championships,,DMT,9-10 Years Female,Qualification,1,,2,TRUE,2,59500,0,99,0,,1,0,Wicksteed,Sienna,ICE Gymsports North Canterbury,01/01/0001,,1,19900,2,0,0,E1,96,1,2,,,,,,,,,1,0
1232,8050cb81-30bf-47a6-4b0f-a892199e19c8,TCI #1 2023 AGE Interclub Trampoline Championships,,DMT,9-10 Years Female,Qualification,1,,2,TRUE,2,59500,0,99,0,,1,0,Wicksteed,Sienna,ICE Gymsports North Canterbury,01/01/0001,,1,19900,2,0,0,E2,94,3,2,,,,,,,,,1,0
1233,8050cb81-30bf-47a6-4b0f-a892199e19c8,TCI #1 2023 AGE Interclub Trampoline Championships,,DMT,9-10 Years Female,Qualification,1,,2,TRUE,2,59500,0,99,0,,1,0,Wicksteed,Sienna,ICE Gymsports North Canterbury,01/01/0001,,1,19900,2,0,0,E3,96,1,2,,,,,,,,,1,0
1234,8050cb81-30bf-47a6-4b0f-a892199e19c8,TCI #1 2023 AGE Interclub Trampoline Championships,,DMT,9-10 Years Female,Qualification,1,,2,TRUE,2,59500,0,99,0,,1,0,Wicksteed,Sienna,ICE Gymsports North Canterbury,01/01/0001,,1,19900,2,0,0,E4,100,,,,,,,,,,,,
1235,8050cb81-30bf-47a6-4b0f-a892199e19c8,TCI #1 2023 AGE Interclub Trampoline Championships,,DMT,9-10 Years Female,Qualification,1,,2,TRUE,2,59500,0,99,0,,1,0,Wicksteed,Sienna,ICE Gymsports North Canterbury,01/01/0001,,1,19900,2,0,0,E5,100,,,,,,,,,,,,
1236,8050cb81-30bf-47a6-4b0f-a892199e19c8,TCI #1 2023 AGE Interclub Trampoline Championships,,DMT,9-10 Years Female,Qualification,1,,2,TRUE,2,59500,0,99,0,,1,0,Wicksteed,Sienna,ICE Gymsports North Canterbury,01/01/0001,,1,19900,2,0,0,E8,100,,,,,,,,,,,,
1237,8050cb81-30bf-47a6-4b0f-a892199e19c8,TCI #1 2023 AGE Interclub Trampoline Championships,,DMT,9-10 Years Female,Qualification,1,,2,TRUE,2,59500,0,99,0,,1,0,Wicksteed,Sienna,ICE Gymsports North Canterbury,01/01/0001,,1,19900,2,0,0,E∑,192,2,4,0,0,0,0,0,0,0,0,2,0
1238,8050cb81-30bf-47a6-4b0f-a892199e19c8,TCI #1 2023 AGE Interclub Trampoline Championships,,DMT,9-10 Years Female,Qualification,1,,2,TRUE,2,59500,0,99,0,,1,0,Wicksteed,Sienna,ICE Gymsports North Canterbury,01/01/0001,,1,19900,2,0,0,T,0,,,,,,,,,,,,
1239,8050cb81-30bf-47a6-4b0f-a892199e19c8,TCI #1 2023 AGE Interclub Trampoline Championships,,DMT,9-10 Years Female,Qualification,1,,2,TRUE,2,59500,0,99,0,,1,0,Wicksteed,Sienna,ICE Gymsports North Canterbury,01/01/0001,,1,19900,2,0,0,D,7,0,,,,,,,,,,,
1240,8050cb81-30bf-47a6-4b0f-a892199e19c8,TCI #1 2023 AGE Interclub Trampoline Championships,,DMT,9-10 Years Female,Qualification,1,,2,TRUE,2,59500,0,99,0,,1,0,Wicksteed,Sienna,ICE Gymsports North Canterbury,01/01/0001,,1,19900,2,0,0,H,0,0,0,,,,,,,,,,
1241,8050cb81-30bf-47a6-4b0f-a892199e19c8,TCI #1 2023 AGE Interclub Trampoline Championships,,DMT,9-10 Years Female,Qualification,1,,2,TRUE,2,59500,0,99,0,,1,0,Wicksteed,Sienna,ICE Gymsports North Canterbury,01/01/0001,,2,20000,2,0,0,E1,96,1,2,,,,,,,,,1,0
1242,8050cb81-30bf-47a6-4b0f-a892199e19c8,TCI #1 2023 AGE Interclub Trampoline Championships,,DMT,9-10 Years Female,Qualification,1,,2,TRUE,2,59500,0,99,0,,1,0,Wicksteed,Sienna,ICE Gymsports North Canterbury,01/01/0001,,2,20000,2,0,0,E2,96,1,2,,,,,,,,,1,0
1243,8050cb81-30bf-47a6-4b0f-a892199e19c8,TCI #1 2023 AGE Interclub Trampoline Championships,,DMT,9-10 Years Female,Qualification,1,,2,TRUE,2,59500,0,99,0,,1,0,Wicksteed,Sienna,ICE Gymsports North Canterbury,01/01/0001,,2,20000,2,0,0,E3,96,2,1,,,,,,,,,1,0
1244,8050cb81-30bf-47a6-4b0f-a892199e19c8,TCI #1 2023 AGE Interclub Trampoline Championships,,DMT,9-10 Years Female,Qualification,1,,2,TRUE,2,59500,0,99,0,,1,0,Wicksteed,Sienna,ICE Gymsports North Canterbury,01/01/0001,,2,20000,2,0,0,E4,100,,,,,,,,,,,,
1245,8050cb81-30bf-47a6-4b0f-a892199e19c8,TCI #1 2023 AGE Interclub Trampoline Championships,,DMT,9-10 Years Female,Qualification,1,,2,TRUE,2,59500,0,99,0,,1,0,Wicksteed,Sienna,ICE Gymsports North Canterbury,01/01/0001,,2,20000,2,0,0,E5,100,,,,,,,,,,,,
1246,8050cb81-30bf-47a6-4b0f-a892199e19c8,TCI #1 2023 AGE Interclub Trampoline Championships,,DMT,9-10 Years Female,Qualification,1,,2,TRUE,2,59500,0,99,0,,1,0,Wicksteed,Sienna,ICE Gymsports North Canterbury,01/01/0001,,2,20000,2,0,0,E8,100,,,,,,,,,,,,
1247,8050cb81-30bf-47a6-4b0f-a892199e19c8,TCI #1 2023 AGE Interclub Trampoline Championships,,DMT,9-10 Years Female,Qualification,1,,2,TRUE,2,59500,0,99,0,,1,0,Wicksteed,Sienna,ICE Gymsports North Canterbury,01/01/0001,,2,20000,2,0,0,E∑,193,2,3,0,0,0,0,0,0,0,0,2,0
1248,8050cb81-30bf-47a6-4b0f-a892199e19c8,TCI #1 2023 AGE Interclub Trampoline Championships,,DMT,9-10 Years Female,Qualification,1,,2,TRUE,2,59500,0,99,0,,1,0,Wicksteed,Sienna,ICE Gymsports North Canterbury,01/01/0001,,2,20000,2,0,0,T,0,,,,,,,,,,,,
1249,8050cb81-30bf-47a6-4b0f-a892199e19c8,TCI #1 2023 AGE Interclub Trampoline Championships,,DMT,9-10 Years Female,Qualification,1,,2,TRUE,2,59500,0,99,0,,1,0,Wicksteed,Sienna,ICE Gymsports North Canterbury,01/01/0001,,2,20000,2,0,0,D,7,0,,,,,,,,,,,
1250,8050cb81-30bf-47a6-4b0f-a892199e19c8,TCI #1 2023 AGE Interclub Trampoline Championships,,DMT,9-10 Years Female,Qualification,1,,2,TRUE,2,59500,0,99,0,,1,0,Wicksteed,Sienna,ICE Gymsports North Canterbury,01/01/0001,,2,20000,2,0,0,H,0,0,0,,,,,,,,,,
1251,8050cb81-30bf-47a6-4b0f-a892199e19c8,TCI #1 2023 AGE Interclub Trampoline Championships,,DMT,9-10 Years Female,Qualification,1,,2,TRUE,2,59500,0,99,0,,1,0,Wicksteed,Sienna,ICE Gymsports North Canterbury,01/01/0001,,3,19600,2,0,6,E1,96,2,2,,,,,,,,,0,0
1252,8050cb81-30bf-47a6-4b0f-a892199e19c8,TCI #1 2023 AGE Interclub Trampoline Championships,,DMT,9-10 Years Female,Qualification,1,,2,TRUE,2,59500,0,99,0,,1,0,Wicksteed,Sienna,ICE Gymsports North Canterbury,01/01/0001,,3,19600,2,0,6,E2,95,4,1,,,,,,,,,0,0
1253,8050cb81-30bf-47a6-4b0f-a892199e19c8,TCI #1 2023 AGE Interclub Trampoline Championships,,DMT,9-10 Years Female,Qualification,1,,2,TRUE,2,59500,0,99,0,,1,0,Wicksteed,Sienna,ICE Gymsports North Canterbury,01/01/0001,,3,19600,2,0,6,E3,97,2,1,,,,,,,,,0,0
1254,8050cb81-30bf-47a6-4b0f-a892199e19c8,TCI #1 2023 AGE Interclub Trampoline Championships,,DMT,9-10 Years Female,Qualification,1,,2,TRUE,2,59500,0,99,0,,1,0,Wicksteed,Sienna,ICE Gymsports North Canterbury,01/01/0001,,3,19600,2,0,6,E4,100,,,,,,,,,,,,
1255,8050cb81-30bf-47a6-4b0f-a892199e19c8,TCI #1 2023 AGE Interclub Trampoline Championships,,DMT,9-10 Years Female,Qualification,1,,2,TRUE,2,59500,0,99,0,,1,0,Wicksteed,Sienna,ICE Gymsports North Canterbury,01/01/0001,,3,19600,2,0,6,E5,100,,,,,,,,,,,,
1256,8050cb81-30bf-47a6-4b0f-a892199e19c8,TCI #1 2023 AGE Interclub Trampoline Championships,,DMT,9-10 Years Female,Qualification,1,,2,TRUE,2,59500,0,99,0,,1,0,Wicksteed,Sienna,ICE Gymsports North Canterbury,01/01/0001,,3,19600,2,0,6,E8,100,,,,,,,,,,,,
1257,8050cb81-30bf-47a6-4b0f-a892199e19c8,TCI #1 2023 AGE Interclub Trampoline Championships,,DMT,9-10 Years Female,Qualification,1,,2,TRUE,2,59500,0,99,0,,1,0,Wicksteed,Sienna,ICE Gymsports North Canterbury,01/01/0001,,3,19600,2,0,6,E∑,194,4,2,0,0,0,0,0,0,0,0,0,0
1258,8050cb81-30bf-47a6-4b0f-a892199e19c8,TCI #1 2023 AGE Interclub Trampoline Championships,,DMT,9-10 Years Female,Qualification,1,,2,TRUE,2,59500,0,99,0,,1,0,Wicksteed,Sienna,ICE Gymsports North Canterbury,01/01/0001,,3,19600,2,0,6,T,0,,,,,,,,,,,,
1259,8050cb81-30bf-47a6-4b0f-a892199e19c8,TCI #1 2023 AGE Interclub Trampoline Championships,,DMT,9-10 Years Female,Qualification,1,,2,TRUE,2,59500,0,99,0,,1,0,Wicksteed,Sienna,ICE Gymsports North Canterbury,01/01/0001,,3,19600,2,0,6,D,8,0,,,,,,,,,,,
1260,8050cb81-30bf-47a6-4b0f-a892199e19c8,TCI #1 2023 AGE Interclub Trampoline Championships,,DMT,9-10 Years Female,Qualification,1,,2,TRUE,2,59500,0,99,0,,1,0,Wicksteed,Sienna,ICE Gymsports North Canterbury,01/01/0001,,3,19600,2,0,6,H,0,0,0,,,,,,,,,,
1261,8050cb81-30bf-47a6-4b0f-a892199e19c8,TCI #1 2023 AGE Interclub Trampoline Championships,,DMT,9-10 Years Female,Qualification,1,,3,TRUE,6,56200,0,99,0,,1,0,Hedges,Rebecca,ICE Gymsports North Canterbury,01/01/0001,,1,18400,2,0,6,E1,95,2,3,,,,,,,,,0,0
1262,8050cb81-30bf-47a6-4b0f-a892199e19c8,TCI #1 2023 AGE Interclub Trampoline Championships,,DMT,9-10 Years Female,Qualification,1,,3,TRUE,6,56200,0,99,0,,1,0,Hedges,Rebecca,ICE Gymsports North Canterbury,01/01/0001,,1,18400,2,0,6,E2,93,3,4,,,,,,,,,0,0
1263,8050cb81-30bf-47a6-4b0f-a892199e19c8,TCI #1 2023 AGE Interclub Trampoline Championships,,DMT,9-10 Years Female,Qualification,1,,3,TRUE,6,56200,0,99,0,,1,0,Hedges,Rebecca,ICE Gymsports North Canterbury,01/01/0001,,1,18400,2,0,6,E3,93,3,4,,,,,,,,,0,0
1264,8050cb81-30bf-47a6-4b0f-a892199e19c8,TCI #1 2023 AGE Interclub Trampoline Championships,,DMT,9-10 Years Female,Qualification,1,,3,TRUE,6,56200,0,99,0,,1,0,Hedges,Rebecca,ICE Gymsports North Canterbury,01/01/0001,,1,18400,2,0,6,E4,100,,,,,,,,,,,,
1265,8050cb81-30bf-47a6-4b0f-a892199e19c8,TCI #1 2023 AGE Interclub Trampoline Championships,,DMT,9-10 Years Female,Qualification,1,,3,TRUE,6,56200,0,99,0,,1,0,Hedges,Rebecca,ICE Gymsports North Canterbury,01/01/0001,,1,18400,2,0,6,E5,100,,,,,,,,,,,,
1266,8050cb81-30bf-47a6-4b0f-a892199e19c8,TCI #1 2023 AGE Interclub Trampoline Championships,,DMT,9-10 Years Female,Qualification,1,,3,TRUE,6,56200,0,99,0,,1,0,Hedges,Rebecca,ICE Gymsports North Canterbury,01/01/0001,,1,18400,2,0,6,E8,100,,,,,,,,,,,,
1267,8050cb81-30bf-47a6-4b0f-a892199e19c8,TCI #1 2023 AGE Interclub Trampoline Championships,,DMT,9-10 Years Female,Qualification,1,,3,TRUE,6,56200,0,99,0,,1,0,Hedges,Rebecca,ICE Gymsports North Canterbury,01/01/0001,,1,18400,2,0,6,E∑,188,5,7,0,0,0,0,0,0,0,0,0,0
1268,8050cb81-30bf-47a6-4b0f-a892199e19c8,TCI #1 2023 AGE Interclub Trampoline Championships,,DMT,9-10 Years Female,Qualification,1,,3,TRUE,6,56200,0,99,0,,1,0,Hedges,Rebecca,ICE Gymsports North Canterbury,01/01/0001,,1,18400,2,0,6,T,0,,,,,,,,,,,,
1269,8050cb81-30bf-47a6-4b0f-a892199e19c8,TCI #1 2023 AGE Interclub Trampoline Championships,,DMT,9-10 Years Female,Qualification,1,,3,TRUE,6,56200,0,99,0,,1,0,Hedges,Rebecca,ICE Gymsports North Canterbury,01/01/0001,,1,18400,2,0,6,D,2,0,,,,,,,,,,,
1270,8050cb81-30bf-47a6-4b0f-a892199e19c8,TCI #1 2023 AGE Interclub Trampoline Championships,,DMT,9-10 Years Female,Qualification,1,,3,TRUE,6,56200,0,99,0,,1,0,Hedges,Rebecca,ICE Gymsports North Canterbury,01/01/0001,,1,18400,2,0,6,H,0,0,0,,,,,,,,,,
1271,8050cb81-30bf-47a6-4b0f-a892199e19c8,TCI #1 2023 AGE Interclub Trampoline Championships,,DMT,9-10 Years Female,Qualification,1,,3,TRUE,6,56200,0,99,0,,1,0,Hedges,Rebecca,ICE Gymsports North Canterbury,01/01/0001,,2,18900,2,0,0,E1,94,3,3,,,,,,,,,0,0
1272,8050cb81-30bf-47a6-4b0f-a892199e19c8,TCI #1 2023 AGE Interclub Trampoline Championships,,DMT,9-10 Years Female,Qualification,1,,3,TRUE,6,56200,0,99,0,,1,0,Hedges,Rebecca,ICE Gymsports North Canterbury,01/01/0001,,2,18900,2,0,0,E2,94,3,3,,,,,,,,,0,0
1273,8050cb81-30bf-47a6-4b0f-a892199e19c8,TCI #1 2023 AGE Interclub Trampoline Championships,,DMT,9-10 Years Female,Qualification,1,,3,TRUE,6,56200,0,99,0,,1,0,Hedges,Rebecca,ICE Gymsports North Canterbury,01/01/0001,,2,18900,2,0,0,E3,95,2,3,,,,,,,,,0,0
1274,8050cb81-30bf-47a6-4b0f-a892199e19c8,TCI #1 2023 AGE Interclub Trampoline Championships,,DMT,9-10 Years Female,Qualification,1,,3,TRUE,6,56200,0,99,0,,1,0,Hedges,Rebecca,ICE Gymsports North Canterbury,01/01/0001,,2,18900,2,0,0,E4,100,,,,,,,,,,,,
1275,8050cb81-30bf-47a6-4b0f-a892199e19c8,TCI #1 2023 AGE Interclub Trampoline Championships,,DMT,9-10 Years Female,Qualification,1,,3,TRUE,6,56200,0,99,0,,1,0,Hedges,Rebecca,ICE Gymsports North Canterbury,01/01/0001,,2,18900,2,0,0,E5,100,,,,,,,,,,,,
1276,8050cb81-30bf-47a6-4b0f-a892199e19c8,TCI #1 2023 AGE Interclub Trampoline Championships,,DMT,9-10 Years Female,Qualification,1,,3,TRUE,6,56200,0,99,0,,1,0,Hedges,Rebecca,ICE Gymsports North Canterbury,01/01/0001,,2,18900,2,0,0,E8,100,,,,,,,,,,,,
1277,8050cb81-30bf-47a6-4b0f-a892199e19c8,TCI #1 2023 AGE Interclub Trampoline Championships,,DMT,9-10 Years Female,Qualification,1,,3,TRUE,6,56200,0,99,0,,1,0,Hedges,Rebecca,ICE Gymsports North Canterbury,01/01/0001,,2,18900,2,0,0,E∑,189,5,6,0,0,0,0,0,0,0,0,0,0
1278,8050cb81-30bf-47a6-4b0f-a892199e19c8,TCI #1 2023 AGE Interclub Trampoline Championships,,DMT,9-10 Years Female,Qualification,1,,3,TRUE,6,56200,0,99,0,,1,0,Hedges,Rebecca,ICE Gymsports North Canterbury,01/01/0001,,2,18900,2,0,0,T,0,,,,,,,,,,,,
1279,8050cb81-30bf-47a6-4b0f-a892199e19c8,TCI #1 2023 AGE Interclub Trampoline Championships,,DMT,9-10 Years Female,Qualification,1,,3,TRUE,6,56200,0,99,0,,1,0,Hedges,Rebecca,ICE Gymsports North Canterbury,01/01/0001,,2,18900,2,0,0,D,0,0,,,,,,,,,,,
1280,8050cb81-30bf-47a6-4b0f-a892199e19c8,TCI #1 2023 AGE Interclub Trampoline Championships,,DMT,9-10 Years Female,Qualification,1,,3,TRUE,6,56200,0,99,0,,1,0,Hedges,Rebecca,ICE Gymsports North Canterbury,01/01/0001,,2,18900,2,0,0,H,0,0,0,,,,,,,,,,
1281,8050cb81-30bf-47a6-4b0f-a892199e19c8,TCI #1 2023 AGE Interclub Trampoline Championships,,DMT,9-10 Years Female,Qualification,1,,3,TRUE,6,56200,0,99,0,,1,0,Hedges,Rebecca,ICE Gymsports North Canterbury,01/01/0001,,3,18900,2,0,0,E1,95,3,2,,,,,,,,,0,0
1282,8050cb81-30bf-47a6-4b0f-a892199e19c8,TCI #1 2023 AGE Interclub Trampoline Championships,,DMT,9-10 Years Female,Qualification,1,,3,TRUE,6,56200,0,99,0,,1,0,Hedges,Rebecca,ICE Gymsports North Canterbury,01/01/0001,,3,18900,2,0,0,E2,94,3,3,,,,,,,,,0,0
1283,8050cb81-30bf-47a6-4b0f-a892199e19c8,TCI #1 2023 AGE Interclub Trampoline Championships,,DMT,9-10 Years Female,Qualification,1,,3,TRUE,6,56200,0,99,0,,1,0,Hedges,Rebecca,ICE Gymsports North Canterbury,01/01/0001,,3,18900,2,0,0,E3,93,4,3,,,,,,,,,0,0
1284,8050cb81-30bf-47a6-4b0f-a892199e19c8,TCI #1 2023 AGE Interclub Trampoline Championships,,DMT,9-10 Years Female,Qualification,1,,3,TRUE,6,56200,0,99,0,,1,0,Hedges,Rebecca,ICE Gymsports North Canterbury,01/01/0001,,3,18900,2,0,0,E4,100,,,,,,,,,,,,
1285,8050cb81-30bf-47a6-4b0f-a892199e19c8,TCI #1 2023 AGE Interclub Trampoline Championships,,DMT,9-10 Years Female,Qualification,1,,3,TRUE,6,56200,0,99,0,,1,0,Hedges,Rebecca,ICE Gymsports North Canterbury,01/01/0001,,3,18900,2,0,0,E5,100,,,,,,,,,,,,
1286,8050cb81-30bf-47a6-4b0f-a892199e19c8,TCI #1 2023 AGE Interclub Trampoline Championships,,DMT,9-10 Years Female,Qualification,1,,3,TRUE,6,56200,0,99,0,,1,0,Hedges,Rebecca,ICE Gymsports North Canterbury,01/01/0001,,3,18900,2,0,0,E8,100,,,,,,,,,,,,
1287,8050cb81-30bf-47a6-4b0f-a892199e19c8,TCI #1 2023 AGE Interclub Trampoline Championships,,DMT,9-10 Years Female,Qualification,1,,3,TRUE,6,56200,0,99,0,,1,0,Hedges,Rebecca,ICE Gymsports North Canterbury,01/01/0001,,3,18900,2,0,0,E∑,189,6,5,0,0,0,0,0,0,0,0,0,0
1288,8050cb81-30bf-47a6-4b0f-a892199e19c8,TCI #1 2023 AGE Interclub Trampoline Championships,,DMT,9-10 Years Female,Qualification,1,,3,TRUE,6,56200,0,99,0,,1,0,Hedges,Rebecca,ICE Gymsports North Canterbury,01/01/0001,,3,18900,2,0,0,T,0,,,,,,,,,,,,
1289,8050cb81-30bf-47a6-4b0f-a892199e19c8,TCI #1 2023 AGE Interclub Trampoline Championships,,DMT,9-10 Years Female,Qualification,1,,3,TRUE,6,56200,0,99,0,,1,0,Hedges,Rebecca,ICE Gymsports North Canterbury,01/01/0001,,3,18900,2,0,0,D,0,0,,,,,,,,,,,
1290,8050cb81-30bf-47a6-4b0f-a892199e19c8,TCI #1 2023 AGE Interclub Trampoline Championships,,DMT,9-10 Years Female,Qualification,1,,3,TRUE,6,56200,0,99,0,,1,0,Hedges,Rebecca,ICE Gymsports North Canterbury,01/01/0001,,3,18900,2,0,0,H,0,0,0,,,,,,,,,,
1291,8050cb81-30bf-47a6-4b0f-a892199e19c8,TCI #1 2023 AGE Interclub Trampoline Championships,,DMT,9-10 Years Female,Qualification,1,,4,TRUE,7,55000,0,99,0,,1,0,Murphy,Eden,ICE Gymsports North Canterbury,01/01/0001,,1,17500,1,0,0,E1,88,2,,,,,,,,,,,0
1292,8050cb81-30bf-47a6-4b0f-a892199e19c8,TCI #1 2023 AGE Interclub Trampoline Championships,,DMT,9-10 Years Female,Qualification,1,,4,TRUE,7,55000,0,99,0,,1,0,Murphy,Eden,ICE Gymsports North Canterbury,01/01/0001,,1,17500,1,0,0,E2,87,3,,,,,,,,,,,0
1293,8050cb81-30bf-47a6-4b0f-a892199e19c8,TCI #1 2023 AGE Interclub Trampoline Championships,,DMT,9-10 Years Female,Qualification,1,,4,TRUE,7,55000,0,99,0,,1,0,Murphy,Eden,ICE Gymsports North Canterbury,01/01/0001,,1,17500,1,0,0,E3,87,3,,,,,,,,,,,0
1294,8050cb81-30bf-47a6-4b0f-a892199e19c8,TCI #1 2023 AGE Interclub Trampoline Championships,,DMT,9-10 Years Female,Qualification,1,,4,TRUE,7,55000,0,99,0,,1,0,Murphy,Eden,ICE Gymsports North Canterbury,01/01/0001,,1,17500,1,0,0,E4,90,,,,,,,,,,,,
1295,8050cb81-30bf-47a6-4b0f-a892199e19c8,TCI #1 2023 AGE Interclub Trampoline Championships,,DMT,9-10 Years Female,Qualification,1,,4,TRUE,7,55000,0,99,0,,1,0,Murphy,Eden,ICE Gymsports North Canterbury,01/01/0001,,1,17500,1,0,0,E5,90,,,,,,,,,,,,
1296,8050cb81-30bf-47a6-4b0f-a892199e19c8,TCI #1 2023 AGE Interclub Trampoline Championships,,DMT,9-10 Years Female,Qualification,1,,4,TRUE,7,55000,0,99,0,,1,0,Murphy,Eden,ICE Gymsports North Canterbury,01/01/0001,,1,17500,1,0,0,E8,90,,,,,,,,,,,,
1297,8050cb81-30bf-47a6-4b0f-a892199e19c8,TCI #1 2023 AGE Interclub Trampoline Championships,,DMT,9-10 Years Female,Qualification,1,,4,TRUE,7,55000,0,99,0,,1,0,Murphy,Eden,ICE Gymsports North Canterbury,01/01/0001,,1,17500,1,0,0,E∑,175,5,0,0,0,0,0,0,0,0,0,0,0
1298,8050cb81-30bf-47a6-4b0f-a892199e19c8,TCI #1 2023 AGE Interclub Trampoline Championships,,DMT,9-10 Years Female,Qualification,1,,4,TRUE,7,55000,0,99,0,,1,0,Murphy,Eden,ICE Gymsports North Canterbury,01/01/0001,,1,17500,1,0,0,T,0,,,,,,,,,,,,
1299,8050cb81-30bf-47a6-4b0f-a892199e19c8,TCI #1 2023 AGE Interclub Trampoline Championships,,DMT,9-10 Years Female,Qualification,1,,4,TRUE,7,55000,0,99,0,,1,0,Murphy,Eden,ICE Gymsports North Canterbury,01/01/0001,,1,17500,1,0,0,D,0,0,,,,,,,,,,,
1300,8050cb81-30bf-47a6-4b0f-a892199e19c8,TCI #1 2023 AGE Interclub Trampoline Championships,,DMT,9-10 Years Female,Qualification,1,,4,TRUE,7,55000,0,99,0,,1,0,Murphy,Eden,ICE Gymsports North Canterbury,01/01/0001,,1,17500,1,0,0,H,0,0,0,,,,,,,,,,
1301,8050cb81-30bf-47a6-4b0f-a892199e19c8,TCI #1 2023 AGE Interclub Trampoline Championships,,DMT,9-10 Years Female,Qualification,1,,4,TRUE,7,55000,0,99,0,,1,0,Murphy,Eden,ICE Gymsports North Canterbury,01/01/0001,,2,19000,2,0,6,E1,91,4,4,,,,,,,,,1,0
1302,8050cb81-30bf-47a6-4b0f-a892199e19c8,TCI #1 2023 AGE Interclub Trampoline Championships,,DMT,9-10 Years Female,Qualification,1,,4,TRUE,7,55000,0,99,0,,1,0,Murphy,Eden,ICE Gymsports North Canterbury,01/01/0001,,2,19000,2,0,6,E2,94,2,3,,,,,,,,,1,0
1303,8050cb81-30bf-47a6-4b0f-a892199e19c8,TCI #1 2023 AGE Interclub Trampoline Championships,,DMT,9-10 Years Female,Qualification,1,,4,TRUE,7,55000,0,99,0,,1,0,Murphy,Eden,ICE Gymsports North Canterbury,01/01/0001,,2,19000,2,0,6,E3,94,2,2,,,,,,,,,2,0
1304,8050cb81-30bf-47a6-4b0f-a892199e19c8,TCI #1 2023 AGE Interclub Trampoline Championships,,DMT,9-10 Years Female,Qualification,1,,4,TRUE,7,55000,0,99,0,,1,0,Murphy,Eden,ICE Gymsports North Canterbury,01/01/0001,,2,19000,2,0,6,E4,100,,,,,,,,,,,,
1305,8050cb81-30bf-47a6-4b0f-a892199e19c8,TCI #1 2023 AGE Interclub Trampoline Championships,,DMT,9-10 Years Female,Qualification,1,,4,TRUE,7,55000,0,99,0,,1,0,Murphy,Eden,ICE Gymsports North Canterbury,01/01/0001,,2,19000,2,0,6,E5,100,,,,,,,,,,,,
1306,8050cb81-30bf-47a6-4b0f-a892199e19c8,TCI #1 2023 AGE Interclub Trampoline Championships,,DMT,9-10 Years Female,Qualification,1,,4,TRUE,7,55000,0,99,0,,1,0,Murphy,Eden,ICE Gymsports North Canterbury,01/01/0001,,2,19000,2,0,6,E8,100,,,,,,,,,,,,
1307,8050cb81-30bf-47a6-4b0f-a892199e19c8,TCI #1 2023 AGE Interclub Trampoline Championships,,DMT,9-10 Years Female,Qualification,1,,4,TRUE,7,55000,0,99,0,,1,0,Murphy,Eden,ICE Gymsports North Canterbury,01/01/0001,,2,19000,2,0,6,E∑,189,4,5,0,0,0,0,0,0,0,0,2,0
1308,8050cb81-30bf-47a6-4b0f-a892199e19c8,TCI #1 2023 AGE Interclub Trampoline Championships,,DMT,9-10 Years Female,Qualification,1,,4,TRUE,7,55000,0,99,0,,1,0,Murphy,Eden,ICE Gymsports North Canterbury,01/01/0001,,2,19000,2,0,6,T,0,,,,,,,,,,,,
1309,8050cb81-30bf-47a6-4b0f-a892199e19c8,TCI #1 2023 AGE Interclub Trampoline Championships,,DMT,9-10 Years Female,Qualification,1,,4,TRUE,7,55000,0,99,0,,1,0,Murphy,Eden,ICE Gymsports North Canterbury,01/01/0001,,2,19000,2,0,6,D,7,0,,,,,,,,,,,
1310,8050cb81-30bf-47a6-4b0f-a892199e19c8,TCI #1 2023 AGE Interclub Trampoline Championships,,DMT,9-10 Years Female,Qualification,1,,4,TRUE,7,55000,0,99,0,,1,0,Murphy,Eden,ICE Gymsports North Canterbury,01/01/0001,,2,19000,2,0,6,H,0,0,0,,,,,,,,,,
1311,8050cb81-30bf-47a6-4b0f-a892199e19c8,TCI #1 2023 AGE Interclub Trampoline Championships,,DMT,9-10 Years Female,Qualification,1,,4,TRUE,7,55000,0,99,0,,1,0,Murphy,Eden,ICE Gymsports North Canterbury,01/01/0001,,3,18500,2,0,0,E1,90,2,3,,,,,,,,,0,5
1312,8050cb81-30bf-47a6-4b0f-a892199e19c8,TCI #1 2023 AGE Interclub Trampoline Championships,,DMT,9-10 Years Female,Qualification,1,,4,TRUE,7,55000,0,99,0,,1,0,Murphy,Eden,ICE Gymsports North Canterbury,01/01/0001,,3,18500,2,0,0,E2,90,2,3,,,,,,,,,0,5
1313,8050cb81-30bf-47a6-4b0f-a892199e19c8,TCI #1 2023 AGE Interclub Trampoline Championships,,DMT,9-10 Years Female,Qualification,1,,4,TRUE,7,55000,0,99,0,,1,0,Murphy,Eden,ICE Gymsports North Canterbury,01/01/0001,,3,18500,2,0,0,E3,90,2,3,,,,,,,,,0,5
1314,8050cb81-30bf-47a6-4b0f-a892199e19c8,TCI #1 2023 AGE Interclub Trampoline Championships,,DMT,9-10 Years Female,Qualification,1,,4,TRUE,7,55000,0,99,0,,1,0,Murphy,Eden,ICE Gymsports North Canterbury,01/01/0001,,3,18500,2,0,0,E4,100,,,,,,,,,,,,
1315,8050cb81-30bf-47a6-4b0f-a892199e19c8,TCI #1 2023 AGE Interclub Trampoline Championships,,DMT,9-10 Years Female,Qualification,1,,4,TRUE,7,55000,0,99,0,,1,0,Murphy,Eden,ICE Gymsports North Canterbury,01/01/0001,,3,18500,2,0,0,E5,100,,,,,,,,,,,,
1316,8050cb81-30bf-47a6-4b0f-a892199e19c8,TCI #1 2023 AGE Interclub Trampoline Championships,,DMT,9-10 Years Female,Qualification,1,,4,TRUE,7,55000,0,99,0,,1,0,Murphy,Eden,ICE Gymsports North Canterbury,01/01/0001,,3,18500,2,0,0,E8,100,,,,,,,,,,,,
1317,8050cb81-30bf-47a6-4b0f-a892199e19c8,TCI #1 2023 AGE Interclub Trampoline Championships,,DMT,9-10 Years Female,Qualification,1,,4,TRUE,7,55000,0,99,0,,1,0,Murphy,Eden,ICE Gymsports North Canterbury,01/01/0001,,3,18500,2,0,0,E∑,180,4,6,0,0,0,0,0,0,0,0,0,10
1318,8050cb81-30bf-47a6-4b0f-a892199e19c8,TCI #1 2023 AGE Interclub Trampoline Championships,,DMT,9-10 Years Female,Qualification,1,,4,TRUE,7,55000,0,99,0,,1,0,Murphy,Eden,ICE Gymsports North Canterbury,01/01/0001,,3,18500,2,0,0,T,0,,,,,,,,,,,,
1319,8050cb81-30bf-47a6-4b0f-a892199e19c8,TCI #1 2023 AGE Interclub Trampoline Championships,,DMT,9-10 Years Female,Qualification,1,,4,TRUE,7,55000,0,99,0,,1,0,Murphy,Eden,ICE Gymsports North Canterbury,01/01/0001,,3,18500,2,0,0,D,5,0,,,,,,,,,,,
1320,8050cb81-30bf-47a6-4b0f-a892199e19c8,TCI #1 2023 AGE Interclub Trampoline Championships,,DMT,9-10 Years Female,Qualification,1,,4,TRUE,7,55000,0,99,0,,1,0,Murphy,Eden,ICE Gymsports North Canterbury,01/01/0001,,3,18500,2,0,0,H,0,0,0,,,,,,,,,,
1321,8050cb81-30bf-47a6-4b0f-a892199e19c8,TCI #1 2023 AGE Interclub Trampoline Championships,,DMT,9-10 Years Female,Qualification,1,,5,TRUE,5,56500,0,99,0,,1,0,Grayling,Evette,ICE Gymsports North Canterbury,01/01/0001,,1,18500,2,0,0,E1,91,1,3,,,,,,,,,0,5
1322,8050cb81-30bf-47a6-4b0f-a892199e19c8,TCI #1 2023 AGE Interclub Trampoline Championships,,DMT,9-10 Years Female,Qualification,1,,5,TRUE,5,56500,0,99,0,,1,0,Grayling,Evette,ICE Gymsports North Canterbury,01/01/0001,,1,18500,2,0,0,E2,89,2,4,,,,,,,,,0,5
1323,8050cb81-30bf-47a6-4b0f-a892199e19c8,TCI #1 2023 AGE Interclub Trampoline Championships,,DMT,9-10 Years Female,Qualification,1,,5,TRUE,5,56500,0,99,0,,1,0,Grayling,Evette,ICE Gymsports North Canterbury,01/01/0001,,1,18500,2,0,0,E3,92,1,2,,,,,,,,,0,5
1324,8050cb81-30bf-47a6-4b0f-a892199e19c8,TCI #1 2023 AGE Interclub Trampoline Championships,,DMT,9-10 Years Female,Qualification,1,,5,TRUE,5,56500,0,99,0,,1,0,Grayling,Evette,ICE Gymsports North Canterbury,01/01/0001,,1,18500,2,0,0,E4,100,,,,,,,,,,,,
1325,8050cb81-30bf-47a6-4b0f-a892199e19c8,TCI #1 2023 AGE Interclub Trampoline Championships,,DMT,9-10 Years Female,Qualification,1,,5,TRUE,5,56500,0,99,0,,1,0,Grayling,Evette,ICE Gymsports North Canterbury,01/01/0001,,1,18500,2,0,0,E5,100,,,,,,,,,,,,
1326,8050cb81-30bf-47a6-4b0f-a892199e19c8,TCI #1 2023 AGE Interclub Trampoline Championships,,DMT,9-10 Years Female,Qualification,1,,5,TRUE,5,56500,0,99,0,,1,0,Grayling,Evette,ICE Gymsports North Canterbury,01/01/0001,,1,18500,2,0,0,E8,100,,,,,,,,,,,,
1327,8050cb81-30bf-47a6-4b0f-a892199e19c8,TCI #1 2023 AGE Interclub Trampoline Championships,,DMT,9-10 Years Female,Qualification,1,,5,TRUE,5,56500,0,99,0,,1,0,Grayling,Evette,ICE Gymsports North Canterbury,01/01/0001,,1,18500,2,0,0,E∑,183,2,5,0,0,0,0,0,0,0,0,0,10
1328,8050cb81-30bf-47a6-4b0f-a892199e19c8,TCI #1 2023 AGE Interclub Trampoline Championships,,DMT,9-10 Years Female,Qualification,1,,5,TRUE,5,56500,0,99,0,,1,0,Grayling,Evette,ICE Gymsports North Canterbury,01/01/0001,,1,18500,2,0,0,T,0,,,,,,,,,,,,
1329,8050cb81-30bf-47a6-4b0f-a892199e19c8,TCI #1 2023 AGE Interclub Trampoline Championships,,DMT,9-10 Years Female,Qualification,1,,5,TRUE,5,56500,0,99,0,,1,0,Grayling,Evette,ICE Gymsports North Canterbury,01/01/0001,,1,18500,2,0,0,D,2,0,,,,,,,,,,,
1330,8050cb81-30bf-47a6-4b0f-a892199e19c8,TCI #1 2023 AGE Interclub Trampoline Championships,,DMT,9-10 Years Female,Qualification,1,,5,TRUE,5,56500,0,99,0,,1,0,Grayling,Evette,ICE Gymsports North Canterbury,01/01/0001,,1,18500,2,0,0,H,0,0,0,,,,,,,,,,
1331,8050cb81-30bf-47a6-4b0f-a892199e19c8,TCI #1 2023 AGE Interclub Trampoline Championships,,DMT,9-10 Years Female,Qualification,1,,5,TRUE,5,56500,0,99,0,,1,0,Grayling,Evette,ICE Gymsports North Canterbury,01/01/0001,,2,18600,2,0,2,E1,92,2,3,,,,,,,,,3,0
1332,8050cb81-30bf-47a6-4b0f-a892199e19c8,TCI #1 2023 AGE Interclub Trampoline Championships,,DMT,9-10 Years Female,Qualification,1,,5,TRUE,5,56500,0,99,0,,1,0,Grayling,Evette,ICE Gymsports North Canterbury,01/01/0001,,2,18600,2,0,2,E2,91,3,3,,,,,,,,,3,0
1333,8050cb81-30bf-47a6-4b0f-a892199e19c8,TCI #1 2023 AGE Interclub Trampoline Championships,,DMT,9-10 Years Female,Qualification,1,,5,TRUE,5,56500,0,99,0,,1,0,Grayling,Evette,ICE Gymsports North Canterbury,01/01/0001,,2,18600,2,0,2,E3,91,3,3,,,,,,,,,3,0
1334,8050cb81-30bf-47a6-4b0f-a892199e19c8,TCI #1 2023 AGE Interclub Trampoline Championships,,DMT,9-10 Years Female,Qualification,1,,5,TRUE,5,56500,0,99,0,,1,0,Grayling,Evette,ICE Gymsports North Canterbury,01/01/0001,,2,18600,2,0,2,E4,100,,,,,,,,,,,,
1335,8050cb81-30bf-47a6-4b0f-a892199e19c8,TCI #1 2023 AGE Interclub Trampoline Championships,,DMT,9-10 Years Female,Qualification,1,,5,TRUE,5,56500,0,99,0,,1,0,Grayling,Evette,ICE Gymsports North Canterbury,01/01/0001,,2,18600,2,0,2,E5,100,,,,,,,,,,,,
1336,8050cb81-30bf-47a6-4b0f-a892199e19c8,TCI #1 2023 AGE Interclub Trampoline Championships,,DMT,9-10 Years Female,Qualification,1,,5,TRUE,5,56500,0,99,0,,1,0,Grayling,Evette,ICE Gymsports North Canterbury,01/01/0001,,2,18600,2,0,2,E8,100,,,,,,,,,,,,
1337,8050cb81-30bf-47a6-4b0f-a892199e19c8,TCI #1 2023 AGE Interclub Trampoline Championships,,DMT,9-10 Years Female,Qualification,1,,5,TRUE,5,56500,0,99,0,,1,0,Grayling,Evette,ICE Gymsports North Canterbury,01/01/0001,,2,18600,2,0,2,E∑,183,5,6,0,0,0,0,0,0,0,0,6,0
1338,8050cb81-30bf-47a6-4b0f-a892199e19c8,TCI #1 2023 AGE Interclub Trampoline Championships,,DMT,9-10 Years Female,Qualification,1,,5,TRUE,5,56500,0,99,0,,1,0,Grayling,Evette,ICE Gymsports North Canterbury,01/01/0001,,2,18600,2,0,2,T,0,,,,,,,,,,,,
1339,8050cb81-30bf-47a6-4b0f-a892199e19c8,TCI #1 2023 AGE Interclub Trampoline Championships,,DMT,9-10 Years Female,Qualification,1,,5,TRUE,5,56500,0,99,0,,1,0,Grayling,Evette,ICE Gymsports North Canterbury,01/01/0001,,2,18600,2,0,2,D,5,0,,,,,,,,,,,
1340,8050cb81-30bf-47a6-4b0f-a892199e19c8,TCI #1 2023 AGE Interclub Trampoline Championships,,DMT,9-10 Years Female,Qualification,1,,5,TRUE,5,56500,0,99,0,,1,0,Grayling,Evette,ICE Gymsports North Canterbury,01/01/0001,,2,18600,2,0,2,H,0,0,0,,,,,,,,,,
1341,8050cb81-30bf-47a6-4b0f-a892199e19c8,TCI #1 2023 AGE Interclub Trampoline Championships,,DMT,9-10 Years Female,Qualification,1,,5,TRUE,5,56500,0,99,0,,1,0,Grayling,Evette,ICE Gymsports North Canterbury,01/01/0001,,3,19400,2,0,0,E1,95,2,2,,,,,,,,,1,0
1342,8050cb81-30bf-47a6-4b0f-a892199e19c8,TCI #1 2023 AGE Interclub Trampoline Championships,,DMT,9-10 Years Female,Qualification,1,,5,TRUE,5,56500,0,99,0,,1,0,Grayling,Evette,ICE Gymsports North Canterbury,01/01/0001,,3,19400,2,0,0,E2,96,2,2,,,,,,,,,0,0
1343,8050cb81-30bf-47a6-4b0f-a892199e19c8,TCI #1 2023 AGE Interclub Trampoline Championships,,DMT,9-10 Years Female,Qualification,1,,5,TRUE,5,56500,0,99,0,,1,0,Grayling,Evette,ICE Gymsports North Canterbury,01/01/0001,,3,19400,2,0,0,E3,98,1,1,,,,,,,,,0,0
1344,8050cb81-30bf-47a6-4b0f-a892199e19c8,TCI #1 2023 AGE Interclub Trampoline Championships,,DMT,9-10 Years Female,Qualification,1,,5,TRUE,5,56500,0,99,0,,1,0,Grayling,Evette,ICE Gymsports North Canterbury,01/01/0001,,3,19400,2,0,0,E4,100,,,,,,,,,,,,
1345,8050cb81-30bf-47a6-4b0f-a892199e19c8,TCI #1 2023 AGE Interclub Trampoline Championships,,DMT,9-10 Years Female,Qualification,1,,5,TRUE,5,56500,0,99,0,,1,0,Grayling,Evette,ICE Gymsports North Canterbury,01/01/0001,,3,19400,2,0,0,E5,100,,,,,,,,,,,,
1346,8050cb81-30bf-47a6-4b0f-a892199e19c8,TCI #1 2023 AGE Interclub Trampoline Championships,,DMT,9-10 Years Female,Qualification,1,,5,TRUE,5,56500,0,99,0,,1,0,Grayling,Evette,ICE Gymsports North Canterbury,01/01/0001,,3,19400,2,0,0,E8,100,,,,,,,,,,,,
1347,8050cb81-30bf-47a6-4b0f-a892199e19c8,TCI #1 2023 AGE Interclub Trampoline Championships,,DMT,9-10 Years Female,Qualification,1,,5,TRUE,5,56500,0,99,0,,1,0,Grayling,Evette,ICE Gymsports North Canterbury,01/01/0001,,3,19400,2,0,0,E∑,194,3,3,0,0,0,0,0,0,0,0,0,0
1348,8050cb81-30bf-47a6-4b0f-a892199e19c8,TCI #1 2023 AGE Interclub Trampoline Championships,,DMT,9-10 Years Female,Qualification,1,,5,TRUE,5,56500,0,99,0,,1,0,Grayling,Evette,ICE Gymsports North Canterbury,01/01/0001,,3,19400,2,0,0,T,0,,,,,,,,,,,,
1349,8050cb81-30bf-47a6-4b0f-a892199e19c8,TCI #1 2023 AGE Interclub Trampoline Championships,,DMT,9-10 Years Female,Qualification,1,,5,TRUE,5,56500,0,99,0,,1,0,Grayling,Evette,ICE Gymsports North Canterbury,01/01/0001,,3,19400,2,0,0,D,0,0,,,,,,,,,,,
1350,8050cb81-30bf-47a6-4b0f-a892199e19c8,TCI #1 2023 AGE Interclub Trampoline Championships,,DMT,9-10 Years Female,Qualification,1,,5,TRUE,5,56500,0,99,0,,1,0,Grayling,Evette,ICE Gymsports North Canterbury,01/01/0001,,3,19400,2,0,0,H,0,0,0,,,,,,,,,,
1351,8050cb81-30bf-47a6-4b0f-a892199e19c8,TCI #1 2023 AGE Interclub Trampoline Championships,,DMT,9-10 Years Female,Qualification,1,,6,TRUE,3,58900,0,99,0,,1,0,Brake,Eden,Dynamic Gymnastics Sports,01/01/0001,,1,19800,2,0,0,E1,95,2,3,,,,,,,,,0,0
1352,8050cb81-30bf-47a6-4b0f-a892199e19c8,TCI #1 2023 AGE Interclub Trampoline Championships,,DMT,9-10 Years Female,Qualification,1,,6,TRUE,3,58900,0,99,0,,1,0,Brake,Eden,Dynamic Gymnastics Sports,01/01/0001,,1,19800,2,0,0,E2,94,3,3,,,,,,,,,0,0
1353,8050cb81-30bf-47a6-4b0f-a892199e19c8,TCI #1 2023 AGE Interclub Trampoline Championships,,DMT,9-10 Years Female,Qualification,1,,6,TRUE,3,58900,0,99,0,,1,0,Brake,Eden,Dynamic Gymnastics Sports,01/01/0001,,1,19800,2,0,0,E3,96,2,2,,,,,,,,,0,0
1354,8050cb81-30bf-47a6-4b0f-a892199e19c8,TCI #1 2023 AGE Interclub Trampoline Championships,,DMT,9-10 Years Female,Qualification,1,,6,TRUE,3,58900,0,99,0,,1,0,Brake,Eden,Dynamic Gymnastics Sports,01/01/0001,,1,19800,2,0,0,E4,100,,,,,,,,,,,,
1355,8050cb81-30bf-47a6-4b0f-a892199e19c8,TCI #1 2023 AGE Interclub Trampoline Championships,,DMT,9-10 Years Female,Qualification,1,,6,TRUE,3,58900,0,99,0,,1,0,Brake,Eden,Dynamic Gymnastics Sports,01/01/0001,,1,19800,2,0,0,E5,100,,,,,,,,,,,,
1356,8050cb81-30bf-47a6-4b0f-a892199e19c8,TCI #1 2023 AGE Interclub Trampoline Championships,,DMT,9-10 Years Female,Qualification,1,,6,TRUE,3,58900,0,99,0,,1,0,Brake,Eden,Dynamic Gymnastics Sports,01/01/0001,,1,19800,2,0,0,E8,100,,,,,,,,,,,,
1357,8050cb81-30bf-47a6-4b0f-a892199e19c8,TCI #1 2023 AGE Interclub Trampoline Championships,,DMT,9-10 Years Female,Qualification,1,,6,TRUE,3,58900,0,99,0,,1,0,Brake,Eden,Dynamic Gymnastics Sports,01/01/0001,,1,19800,2,0,0,E∑,191,4,5,0,0,0,0,0,0,0,0,0,0
1358,8050cb81-30bf-47a6-4b0f-a892199e19c8,TCI #1 2023 AGE Interclub Trampoline Championships,,DMT,9-10 Years Female,Qualification,1,,6,TRUE,3,58900,0,99,0,,1,0,Brake,Eden,Dynamic Gymnastics Sports,01/01/0001,,1,19800,2,0,0,T,0,,,,,,,,,,,,
1359,8050cb81-30bf-47a6-4b0f-a892199e19c8,TCI #1 2023 AGE Interclub Trampoline Championships,,DMT,9-10 Years Female,Qualification,1,,6,TRUE,3,58900,0,99,0,,1,0,Brake,Eden,Dynamic Gymnastics Sports,01/01/0001,,1,19800,2,0,0,D,7,0,,,,,,,,,,,
1360,8050cb81-30bf-47a6-4b0f-a892199e19c8,TCI #1 2023 AGE Interclub Trampoline Championships,,DMT,9-10 Years Female,Qualification,1,,6,TRUE,3,58900,0,99,0,,1,0,Brake,Eden,Dynamic Gymnastics Sports,01/01/0001,,1,19800,2,0,0,H,0,0,0,,,,,,,,,,
1361,8050cb81-30bf-47a6-4b0f-a892199e19c8,TCI #1 2023 AGE Interclub Trampoline Championships,,DMT,9-10 Years Female,Qualification,1,,6,TRUE,3,58900,0,99,0,,1,0,Brake,Eden,Dynamic Gymnastics Sports,01/01/0001,,2,19600,2,0,0,E1,95,2,3,,,,,,,,,0,0
1362,8050cb81-30bf-47a6-4b0f-a892199e19c8,TCI #1 2023 AGE Interclub Trampoline Championships,,DMT,9-10 Years Female,Qualification,1,,6,TRUE,3,58900,0,99,0,,1,0,Brake,Eden,Dynamic Gymnastics Sports,01/01/0001,,2,19600,2,0,0,E2,95,3,2,,,,,,,,,0,0
1363,8050cb81-30bf-47a6-4b0f-a892199e19c8,TCI #1 2023 AGE Interclub Trampoline Championships,,DMT,9-10 Years Female,Qualification,1,,6,TRUE,3,58900,0,99,0,,1,0,Brake,Eden,Dynamic Gymnastics Sports,01/01/0001,,2,19600,2,0,0,E3,94,2,3,,,,,,,,,1,0
1364,8050cb81-30bf-47a6-4b0f-a892199e19c8,TCI #1 2023 AGE Interclub Trampoline Championships,,DMT,9-10 Years Female,Qualification,1,,6,TRUE,3,58900,0,99,0,,1,0,Brake,Eden,Dynamic Gymnastics Sports,01/01/0001,,2,19600,2,0,0,E4,100,,,,,,,,,,,,
1365,8050cb81-30bf-47a6-4b0f-a892199e19c8,TCI #1 2023 AGE Interclub Trampoline Championships,,DMT,9-10 Years Female,Qualification,1,,6,TRUE,3,58900,0,99,0,,1,0,Brake,Eden,Dynamic Gymnastics Sports,01/01/0001,,2,19600,2,0,0,E5,100,,,,,,,,,,,,
1366,8050cb81-30bf-47a6-4b0f-a892199e19c8,TCI #1 2023 AGE Interclub Trampoline Championships,,DMT,9-10 Years Female,Qualification,1,,6,TRUE,3,58900,0,99,0,,1,0,Brake,Eden,Dynamic Gymnastics Sports,01/01/0001,,2,19600,2,0,0,E8,100,,,,,,,,,,,,
1367,8050cb81-30bf-47a6-4b0f-a892199e19c8,TCI #1 2023 AGE Interclub Trampoline Championships,,DMT,9-10 Years Female,Qualification,1,,6,TRUE,3,58900,0,99,0,,1,0,Brake,Eden,Dynamic Gymnastics Sports,01/01/0001,,2,19600,2,0,0,E∑,191,4,5,0,0,0,0,0,0,0,0,0,0
1368,8050cb81-30bf-47a6-4b0f-a892199e19c8,TCI #1 2023 AGE Interclub Trampoline Championships,,DMT,9-10 Years Female,Qualification,1,,6,TRUE,3,58900,0,99,0,,1,0,Brake,Eden,Dynamic Gymnastics Sports,01/01/0001,,2,19600,2,0,0,T,0,,,,,,,,,,,,
1369,8050cb81-30bf-47a6-4b0f-a892199e19c8,TCI #1 2023 AGE Interclub Trampoline Championships,,DMT,9-10 Years Female,Qualification,1,,6,TRUE,3,58900,0,99,0,,1,0,Brake,Eden,Dynamic Gymnastics Sports,01/01/0001,,2,19600,2,0,0,D,5,0,,,,,,,,,,,
1370,8050cb81-30bf-47a6-4b0f-a892199e19c8,TCI #1 2023 AGE Interclub Trampoline Championships,,DMT,9-10 Years Female,Qualification,1,,6,TRUE,3,58900,0,99,0,,1,0,Brake,Eden,Dynamic Gymnastics Sports,01/01/0001,,2,19600,2,0,0,H,0,0,0,,,,,,,,,,
1371,8050cb81-30bf-47a6-4b0f-a892199e19c8,TCI #1 2023 AGE Interclub Trampoline Championships,,DMT,9-10 Years Female,Qualification,1,,6,TRUE,3,58900,0,99,0,,1,0,Brake,Eden,Dynamic Gymnastics Sports,01/01/0001,,3,19500,2,0,0,E1,96,2,2,,,,,,,,,0,0
1372,8050cb81-30bf-47a6-4b0f-a892199e19c8,TCI #1 2023 AGE Interclub Trampoline Championships,,DMT,9-10 Years Female,Qualification,1,,6,TRUE,3,58900,0,99,0,,1,0,Brake,Eden,Dynamic Gymnastics Sports,01/01/0001,,3,19500,2,0,0,E2,95,3,2,,,,,,,,,0,0
1373,8050cb81-30bf-47a6-4b0f-a892199e19c8,TCI #1 2023 AGE Interclub Trampoline Championships,,DMT,9-10 Years Female,Qualification,1,,6,TRUE,3,58900,0,99,0,,1,0,Brake,Eden,Dynamic Gymnastics Sports,01/01/0001,,3,19500,2,0,0,E3,95,3,2,,,,,,,,,0,0
1374,8050cb81-30bf-47a6-4b0f-a892199e19c8,TCI #1 2023 AGE Interclub Trampoline Championships,,DMT,9-10 Years Female,Qualification,1,,6,TRUE,3,58900,0,99,0,,1,0,Brake,Eden,Dynamic Gymnastics Sports,01/01/0001,,3,19500,2,0,0,E4,100,,,,,,,,,,,,
1375,8050cb81-30bf-47a6-4b0f-a892199e19c8,TCI #1 2023 AGE Interclub Trampoline Championships,,DMT,9-10 Years Female,Qualification,1,,6,TRUE,3,58900,0,99,0,,1,0,Brake,Eden,Dynamic Gymnastics Sports,01/01/0001,,3,19500,2,0,0,E5,100,,,,,,,,,,,,
1376,8050cb81-30bf-47a6-4b0f-a892199e19c8,TCI #1 2023 AGE Interclub Trampoline Championships,,DMT,9-10 Years Female,Qualification,1,,6,TRUE,3,58900,0,99,0,,1,0,Brake,Eden,Dynamic Gymnastics Sports,01/01/0001,,3,19500,2,0,0,E8,100,,,,,,,,,,,,
1377,8050cb81-30bf-47a6-4b0f-a892199e19c8,TCI #1 2023 AGE Interclub Trampoline Championships,,DMT,9-10 Years Female,Qualification,1,,6,TRUE,3,58900,0,99,0,,1,0,Brake,Eden,Dynamic Gymnastics Sports,01/01/0001,,3,19500,2,0,0,E∑,191,5,4,0,0,0,0,0,0,0,0,0,0
1378,8050cb81-30bf-47a6-4b0f-a892199e19c8,TCI #1 2023 AGE Interclub Trampoline Championships,,DMT,9-10 Years Female,Qualification,1,,6,TRUE,3,58900,0,99,0,,1,0,Brake,Eden,Dynamic Gymnastics Sports,01/01/0001,,3,19500,2,0,0,T,0,,,,,,,,,,,,
1379,8050cb81-30bf-47a6-4b0f-a892199e19c8,TCI #1 2023 AGE Interclub Trampoline Championships,,DMT,9-10 Years Female,Qualification,1,,6,TRUE,3,58900,0,99,0,,1,0,Brake,Eden,Dynamic Gymnastics Sports,01/01/0001,,3,19500,2,0,0,D,4,0,,,,,,,,,,,
1380,8050cb81-30bf-47a6-4b0f-a892199e19c8,TCI #1 2023 AGE Interclub Trampoline Championships,,DMT,9-10 Years Female,Qualification,1,,6,TRUE,3,58900,0,99,0,,1,0,Brake,Eden,Dynamic Gymnastics Sports,01/01/0001,,3,19500,2,0,0,H,0,0,0,,,,,,,,,,
1381,8050cb81-30bf-47a6-4b0f-a892199e19c8,TCI #1 2023 AGE Interclub Trampoline Championships,,DMT,9-10 Years Female,Qualification,1,,7,TRUE,8,55000,0,99,0,,1,0,Macgregor,Natalie,Dynamic Gymnastics Sports,01/01/0001,,1,18100,2,0,0,E1,86,1,3,,,,,,,,,0,10
1382,8050cb81-30bf-47a6-4b0f-a892199e19c8,TCI #1 2023 AGE Interclub Trampoline Championships,,DMT,9-10 Years Female,Qualification,1,,7,TRUE,8,55000,0,99,0,,1,0,Macgregor,Natalie,Dynamic Gymnastics Sports,01/01/0001,,1,18100,2,0,0,E2,87,1,2,,,,,,,,,0,10
1383,8050cb81-30bf-47a6-4b0f-a892199e19c8,TCI #1 2023 AGE Interclub Trampoline Championships,,DMT,9-10 Years Female,Qualification,1,,7,TRUE,8,55000,0,99,0,,1,0,Macgregor,Natalie,Dynamic Gymnastics Sports,01/01/0001,,1,18100,2,0,0,E3,87,1,2,,,,,,,,,0,10
1384,8050cb81-30bf-47a6-4b0f-a892199e19c8,TCI #1 2023 AGE Interclub Trampoline Championships,,DMT,9-10 Years Female,Qualification,1,,7,TRUE,8,55000,0,99,0,,1,0,Macgregor,Natalie,Dynamic Gymnastics Sports,01/01/0001,,1,18100,2,0,0,E4,100,,,,,,,,,,,,
1385,8050cb81-30bf-47a6-4b0f-a892199e19c8,TCI #1 2023 AGE Interclub Trampoline Championships,,DMT,9-10 Years Female,Qualification,1,,7,TRUE,8,55000,0,99,0,,1,0,Macgregor,Natalie,Dynamic Gymnastics Sports,01/01/0001,,1,18100,2,0,0,E5,100,,,,,,,,,,,,
1386,8050cb81-30bf-47a6-4b0f-a892199e19c8,TCI #1 2023 AGE Interclub Trampoline Championships,,DMT,9-10 Years Female,Qualification,1,,7,TRUE,8,55000,0,99,0,,1,0,Macgregor,Natalie,Dynamic Gymnastics Sports,01/01/0001,,1,18100,2,0,0,E8,100,,,,,,,,,,,,
1387,8050cb81-30bf-47a6-4b0f-a892199e19c8,TCI #1 2023 AGE Interclub Trampoline Championships,,DMT,9-10 Years Female,Qualification,1,,7,TRUE,8,55000,0,99,0,,1,0,Macgregor,Natalie,Dynamic Gymnastics Sports,01/01/0001,,1,18100,2,0,0,E∑,174,2,4,0,0,0,0,0,0,0,0,0,20
1388,8050cb81-30bf-47a6-4b0f-a892199e19c8,TCI #1 2023 AGE Interclub Trampoline Championships,,DMT,9-10 Years Female,Qualification,1,,7,TRUE,8,55000,0,99,0,,1,0,Macgregor,Natalie,Dynamic Gymnastics Sports,01/01/0001,,1,18100,2,0,0,T,0,,,,,,,,,,,,
1389,8050cb81-30bf-47a6-4b0f-a892199e19c8,TCI #1 2023 AGE Interclub Trampoline Championships,,DMT,9-10 Years Female,Qualification,1,,7,TRUE,8,55000,0,99,0,,1,0,Macgregor,Natalie,Dynamic Gymnastics Sports,01/01/0001,,1,18100,2,0,0,D,7,0,,,,,,,,,,,
1390,8050cb81-30bf-47a6-4b0f-a892199e19c8,TCI #1 2023 AGE Interclub Trampoline Championships,,DMT,9-10 Years Female,Qualification,1,,7,TRUE,8,55000,0,99,0,,1,0,Macgregor,Natalie,Dynamic Gymnastics Sports,01/01/0001,,1,18100,2,0,0,H,0,0,0,,,,,,,,,,
1391,8050cb81-30bf-47a6-4b0f-a892199e19c8,TCI #1 2023 AGE Interclub Trampoline Championships,,DMT,9-10 Years Female,Qualification,1,,7,TRUE,8,55000,0,99,0,,1,0,Macgregor,Natalie,Dynamic Gymnastics Sports,01/01/0001,,2,17500,1,0,0,E1,87,3,,,,,,,,,,,0
1392,8050cb81-30bf-47a6-4b0f-a892199e19c8,TCI #1 2023 AGE Interclub Trampoline Championships,,DMT,9-10 Years Female,Qualification,1,,7,TRUE,8,55000,0,99,0,,1,0,Macgregor,Natalie,Dynamic Gymnastics Sports,01/01/0001,,2,17500,1,0,0,E2,88,2,,,,,,,,,,,0
1393,8050cb81-30bf-47a6-4b0f-a892199e19c8,TCI #1 2023 AGE Interclub Trampoline Championships,,DMT,9-10 Years Female,Qualification,1,,7,TRUE,8,55000,0,99,0,,1,0,Macgregor,Natalie,Dynamic Gymnastics Sports,01/01/0001,,2,17500,1,0,0,E3,87,3,,,,,,,,,,,0
1394,8050cb81-30bf-47a6-4b0f-a892199e19c8,TCI #1 2023 AGE Interclub Trampoline Championships,,DMT,9-10 Years Female,Qualification,1,,7,TRUE,8,55000,0,99,0,,1,0,Macgregor,Natalie,Dynamic Gymnastics Sports,01/01/0001,,2,17500,1,0,0,E4,90,,,,,,,,,,,,
1395,8050cb81-30bf-47a6-4b0f-a892199e19c8,TCI #1 2023 AGE Interclub Trampoline Championships,,DMT,9-10 Years Female,Qualification,1,,7,TRUE,8,55000,0,99,0,,1,0,Macgregor,Natalie,Dynamic Gymnastics Sports,01/01/0001,,2,17500,1,0,0,E5,90,,,,,,,,,,,,
1396,8050cb81-30bf-47a6-4b0f-a892199e19c8,TCI #1 2023 AGE Interclub Trampoline Championships,,DMT,9-10 Years Female,Qualification,1,,7,TRUE,8,55000,0,99,0,,1,0,Macgregor,Natalie,Dynamic Gymnastics Sports,01/01/0001,,2,17500,1,0,0,E8,90,,,,,,,,,,,,
1397,8050cb81-30bf-47a6-4b0f-a892199e19c8,TCI #1 2023 AGE Interclub Trampoline Championships,,DMT,9-10 Years Female,Qualification,1,,7,TRUE,8,55000,0,99,0,,1,0,Macgregor,Natalie,Dynamic Gymnastics Sports,01/01/0001,,2,17500,1,0,0,E∑,175,5,0,0,0,0,0,0,0,0,0,0,0
1398,8050cb81-30bf-47a6-4b0f-a892199e19c8,TCI #1 2023 AGE Interclub Trampoline Championships,,DMT,9-10 Years Female,Qualification,1,,7,TRUE,8,55000,0,99,0,,1,0,Macgregor,Natalie,Dynamic Gymnastics Sports,01/01/0001,,2,17500,1,0,0,T,0,,,,,,,,,,,,
1399,8050cb81-30bf-47a6-4b0f-a892199e19c8,TCI #1 2023 AGE Interclub Trampoline Championships,,DMT,9-10 Years Female,Qualification,1,,7,TRUE,8,55000,0,99,0,,1,0,Macgregor,Natalie,Dynamic Gymnastics Sports,01/01/0001,,2,17500,1,0,0,D,0,0,,,,,,,,,,,
1400,8050cb81-30bf-47a6-4b0f-a892199e19c8,TCI #1 2023 AGE Interclub Trampoline Championships,,DMT,9-10 Years Female,Qualification,1,,7,TRUE,8,55000,0,99,0,,1,0,Macgregor,Natalie,Dynamic Gymnastics Sports,01/01/0001,,2,17500,1,0,0,H,0,0,0,,,,,,,,,,
1401,8050cb81-30bf-47a6-4b0f-a892199e19c8,TCI #1 2023 AGE Interclub Trampoline Championships,,DMT,9-10 Years Female,Qualification,1,,7,TRUE,8,55000,0,99,0,,1,0,Macgregor,Natalie,Dynamic Gymnastics Sports,01/01/0001,,3,19400,2,0,0,E1,94,1,3,,,,,,,,,2,0
1402,8050cb81-30bf-47a6-4b0f-a892199e19c8,TCI #1 2023 AGE Interclub Trampoline Championships,,DMT,9-10 Years Female,Qualification,1,,7,TRUE,8,55000,0,99,0,,1,0,Macgregor,Natalie,Dynamic Gymnastics Sports,01/01/0001,,3,19400,2,0,0,E2,95,1,3,,,,,,,,,1,0
1403,8050cb81-30bf-47a6-4b0f-a892199e19c8,TCI #1 2023 AGE Interclub Trampoline Championships,,DMT,9-10 Years Female,Qualification,1,,7,TRUE,8,55000,0,99,0,,1,0,Macgregor,Natalie,Dynamic Gymnastics Sports,01/01/0001,,3,19400,2,0,0,E3,94,1,2,,,,,,,,,3,0
1404,8050cb81-30bf-47a6-4b0f-a892199e19c8,TCI #1 2023 AGE Interclub Trampoline Championships,,DMT,9-10 Years Female,Qualification,1,,7,TRUE,8,55000,0,99,0,,1,0,Macgregor,Natalie,Dynamic Gymnastics Sports,01/01/0001,,3,19400,2,0,0,E4,100,,,,,,,,,,,,
1405,8050cb81-30bf-47a6-4b0f-a892199e19c8,TCI #1 2023 AGE Interclub Trampoline Championships,,DMT,9-10 Years Female,Qualification,1,,7,TRUE,8,55000,0,99,0,,1,0,Macgregor,Natalie,Dynamic Gymnastics Sports,01/01/0001,,3,19400,2,0,0,E5,100,,,,,,,,,,,,
1406,8050cb81-30bf-47a6-4b0f-a892199e19c8,TCI #1 2023 AGE Interclub Trampoline Championships,,DMT,9-10 Years Female,Qualification,1,,7,TRUE,8,55000,0,99,0,,1,0,Macgregor,Natalie,Dynamic Gymnastics Sports,01/01/0001,,3,19400,2,0,0,E8,100,,,,,,,,,,,,
1407,8050cb81-30bf-47a6-4b0f-a892199e19c8,TCI #1 2023 AGE Interclub Trampoline Championships,,DMT,9-10 Years Female,Qualification,1,,7,TRUE,8,55000,0,99,0,,1,0,Macgregor,Natalie,Dynamic Gymnastics Sports,01/01/0001,,3,19400,2,0,0,E∑,190,2,5,0,0,0,0,0,0,0,0,3,0
1408,8050cb81-30bf-47a6-4b0f-a892199e19c8,TCI #1 2023 AGE Interclub Trampoline Championships,,DMT,9-10 Years Female,Qualification,1,,7,TRUE,8,55000,0,99,0,,1,0,Macgregor,Natalie,Dynamic Gymnastics Sports,01/01/0001,,3,19400,2,0,0,T,0,,,,,,,,,,,,
1409,8050cb81-30bf-47a6-4b0f-a892199e19c8,TCI #1 2023 AGE Interclub Trampoline Championships,,DMT,9-10 Years Female,Qualification,1,,7,TRUE,8,55000,0,99,0,,1,0,Macgregor,Natalie,Dynamic Gymnastics Sports,01/01/0001,,3,19400,2,0,0,D,4,0,,,,,,,,,,,
1410,8050cb81-30bf-47a6-4b0f-a892199e19c8,TCI #1 2023 AGE Interclub Trampoline Championships,,DMT,9-10 Years Female,Qualification,1,,7,TRUE,8,55000,0,99,0,,1,0,Macgregor,Natalie,Dynamic Gymnastics Sports,01/01/0001,,3,19400,2,0,0,H,0,0,0,,,,,,,,,,
1411,8050cb81-30bf-47a6-4b0f-a892199e19c8,TCI #1 2023 AGE Interclub Trampoline Championships,,DMT,9-10 Years Female,Qualification,1,,8,TRUE,1,60600,0,99,0,,1,0,Milnthorp,Kiera,Christchurch School of Gymnastics,01/01/0001,,1,20600,2,0,0,E1,96,2,2,,,,,,,,,0,0
1412,8050cb81-30bf-47a6-4b0f-a892199e19c8,TCI #1 2023 AGE Interclub Trampoline Championships,,DMT,9-10 Years Female,Qualification,1,,8,TRUE,1,60600,0,99,0,,1,0,Milnthorp,Kiera,Christchurch School of Gymnastics,01/01/0001,,1,20600,2,0,0,E2,97,2,1,,,,,,,,,0,0
1413,8050cb81-30bf-47a6-4b0f-a892199e19c8,TCI #1 2023 AGE Interclub Trampoline Championships,,DMT,9-10 Years Female,Qualification,1,,8,TRUE,1,60600,0,99,0,,1,0,Milnthorp,Kiera,Christchurch School of Gymnastics,01/01/0001,,1,20600,2,0,0,E3,96,2,2,,,,,,,,,0,0
1414,8050cb81-30bf-47a6-4b0f-a892199e19c8,TCI #1 2023 AGE Interclub Trampoline Championships,,DMT,9-10 Years Female,Qualification,1,,8,TRUE,1,60600,0,99,0,,1,0,Milnthorp,Kiera,Christchurch School of Gymnastics,01/01/0001,,1,20600,2,0,0,E4,100,,,,,,,,,,,,
1415,8050cb81-30bf-47a6-4b0f-a892199e19c8,TCI #1 2023 AGE Interclub Trampoline Championships,,DMT,9-10 Years Female,Qualification,1,,8,TRUE,1,60600,0,99,0,,1,0,Milnthorp,Kiera,Christchurch School of Gymnastics,01/01/0001,,1,20600,2,0,0,E5,100,,,,,,,,,,,,
1416,8050cb81-30bf-47a6-4b0f-a892199e19c8,TCI #1 2023 AGE Interclub Trampoline Championships,,DMT,9-10 Years Female,Qualification,1,,8,TRUE,1,60600,0,99,0,,1,0,Milnthorp,Kiera,Christchurch School of Gymnastics,01/01/0001,,1,20600,2,0,0,E8,100,,,,,,,,,,,,
1417,8050cb81-30bf-47a6-4b0f-a892199e19c8,TCI #1 2023 AGE Interclub Trampoline Championships,,DMT,9-10 Years Female,Qualification,1,,8,TRUE,1,60600,0,99,0,,1,0,Milnthorp,Kiera,Christchurch School of Gymnastics,01/01/0001,,1,20600,2,0,0,E∑,193,4,3,0,0,0,0,0,0,0,0,0,0
1418,8050cb81-30bf-47a6-4b0f-a892199e19c8,TCI #1 2023 AGE Interclub Trampoline Championships,,DMT,9-10 Years Female,Qualification,1,,8,TRUE,1,60600,0,99,0,,1,0,Milnthorp,Kiera,Christchurch School of Gymnastics,01/01/0001,,1,20600,2,0,0,T,0,,,,,,,,,,,,
1419,8050cb81-30bf-47a6-4b0f-a892199e19c8,TCI #1 2023 AGE Interclub Trampoline Championships,,DMT,9-10 Years Female,Qualification,1,,8,TRUE,1,60600,0,99,0,,1,0,Milnthorp,Kiera,Christchurch School of Gymnastics,01/01/0001,,1,20600,2,0,0,D,13,0,,,,,,,,,,,
1420,8050cb81-30bf-47a6-4b0f-a892199e19c8,TCI #1 2023 AGE Interclub Trampoline Championships,,DMT,9-10 Years Female,Qualification,1,,8,TRUE,1,60600,0,99,0,,1,0,Milnthorp,Kiera,Christchurch School of Gymnastics,01/01/0001,,1,20600,2,0,0,H,0,0,0,,,,,,,,,,
1421,8050cb81-30bf-47a6-4b0f-a892199e19c8,TCI #1 2023 AGE Interclub Trampoline Championships,,DMT,9-10 Years Female,Qualification,1,,8,TRUE,1,60600,0,99,0,,1,0,Milnthorp,Kiera,Christchurch School of Gymnastics,01/01/0001,,2,19600,2,0,6,E1,95,2,2,,,,,,,,,1,0
1422,8050cb81-30bf-47a6-4b0f-a892199e19c8,TCI #1 2023 AGE Interclub Trampoline Championships,,DMT,9-10 Years Female,Qualification,1,,8,TRUE,1,60600,0,99,0,,1,0,Milnthorp,Kiera,Christchurch School of Gymnastics,01/01/0001,,2,19600,2,0,6,E2,95,2,2,,,,,,,,,1,0
1423,8050cb81-30bf-47a6-4b0f-a892199e19c8,TCI #1 2023 AGE Interclub Trampoline Championships,,DMT,9-10 Years Female,Qualification,1,,8,TRUE,1,60600,0,99,0,,1,0,Milnthorp,Kiera,Christchurch School of Gymnastics,01/01/0001,,2,19600,2,0,6,E3,93,3,3,,,,,,,,,1,0
1424,8050cb81-30bf-47a6-4b0f-a892199e19c8,TCI #1 2023 AGE Interclub Trampoline Championships,,DMT,9-10 Years Female,Qualification,1,,8,TRUE,1,60600,0,99,0,,1,0,Milnthorp,Kiera,Christchurch School of Gymnastics,01/01/0001,,2,19600,2,0,6,E4,100,,,,,,,,,,,,
1425,8050cb81-30bf-47a6-4b0f-a892199e19c8,TCI #1 2023 AGE Interclub Trampoline Championships,,DMT,9-10 Years Female,Qualification,1,,8,TRUE,1,60600,0,99,0,,1,0,Milnthorp,Kiera,Christchurch School of Gymnastics,01/01/0001,,2,19600,2,0,6,E5,100,,,,,,,,,,,,
1426,8050cb81-30bf-47a6-4b0f-a892199e19c8,TCI #1 2023 AGE Interclub Trampoline Championships,,DMT,9-10 Years Female,Qualification,1,,8,TRUE,1,60600,0,99,0,,1,0,Milnthorp,Kiera,Christchurch School of Gymnastics,01/01/0001,,2,19600,2,0,6,E8,100,,,,,,,,,,,,
1427,8050cb81-30bf-47a6-4b0f-a892199e19c8,TCI #1 2023 AGE Interclub Trampoline Championships,,DMT,9-10 Years Female,Qualification,1,,8,TRUE,1,60600,0,99,0,,1,0,Milnthorp,Kiera,Christchurch School of Gymnastics,01/01/0001,,2,19600,2,0,6,E∑,190,4,4,0,0,0,0,0,0,0,0,2,0
1428,8050cb81-30bf-47a6-4b0f-a892199e19c8,TCI #1 2023 AGE Interclub Trampoline Championships,,DMT,9-10 Years Female,Qualification,1,,8,TRUE,1,60600,0,99,0,,1,0,Milnthorp,Kiera,Christchurch School of Gymnastics,01/01/0001,,2,19600,2,0,6,T,0,,,,,,,,,,,,
1429,8050cb81-30bf-47a6-4b0f-a892199e19c8,TCI #1 2023 AGE Interclub Trampoline Championships,,DMT,9-10 Years Female,Qualification,1,,8,TRUE,1,60600,0,99,0,,1,0,Milnthorp,Kiera,Christchurch School of Gymnastics,01/01/0001,,2,19600,2,0,6,D,12,0,,,,,,,,,,,
1430,8050cb81-30bf-47a6-4b0f-a892199e19c8,TCI #1 2023 AGE Interclub Trampoline Championships,,DMT,9-10 Years Female,Qualification,1,,8,TRUE,1,60600,0,99,0,,1,0,Milnthorp,Kiera,Christchurch School of Gymnastics,01/01/0001,,2,19600,2,0,6,H,0,0,0,,,,,,,,,,
1431,8050cb81-30bf-47a6-4b0f-a892199e19c8,TCI #1 2023 AGE Interclub Trampoline Championships,,DMT,9-10 Years Female,Qualification,1,,8,TRUE,1,60600,0,99,0,,1,0,Milnthorp,Kiera,Christchurch School of Gymnastics,01/01/0001,,3,20400,2,0,0,E1,96,0,2,,,,,,,,,2,0
1432,8050cb81-30bf-47a6-4b0f-a892199e19c8,TCI #1 2023 AGE Interclub Trampoline Championships,,DMT,9-10 Years Female,Qualification,1,,8,TRUE,1,60600,0,99,0,,1,0,Milnthorp,Kiera,Christchurch School of Gymnastics,01/01/0001,,3,20400,2,0,0,E2,97,1,1,,,,,,,,,1,0
1433,8050cb81-30bf-47a6-4b0f-a892199e19c8,TCI #1 2023 AGE Interclub Trampoline Championships,,DMT,9-10 Years Female,Qualification,1,,8,TRUE,1,60600,0,99,0,,1,0,Milnthorp,Kiera,Christchurch School of Gymnastics,01/01/0001,,3,20400,2,0,0,E3,99,0,1,,,,,,,,,0,0
1434,8050cb81-30bf-47a6-4b0f-a892199e19c8,TCI #1 2023 AGE Interclub Trampoline Championships,,DMT,9-10 Years Female,Qualification,1,,8,TRUE,1,60600,0,99,0,,1,0,Milnthorp,Kiera,Christchurch School of Gymnastics,01/01/0001,,3,20400,2,0,0,E4,100,,,,,,,,,,,,
1435,8050cb81-30bf-47a6-4b0f-a892199e19c8,TCI #1 2023 AGE Interclub Trampoline Championships,,DMT,9-10 Years Female,Qualification,1,,8,TRUE,1,60600,0,99,0,,1,0,Milnthorp,Kiera,Christchurch School of Gymnastics,01/01/0001,,3,20400,2,0,0,E5,100,,,,,,,,,,,,
1436,8050cb81-30bf-47a6-4b0f-a892199e19c8,TCI #1 2023 AGE Interclub Trampoline Championships,,DMT,9-10 Years Female,Qualification,1,,8,TRUE,1,60600,0,99,0,,1,0,Milnthorp,Kiera,Christchurch School of Gymnastics,01/01/0001,,3,20400,2,0,0,E8,100,,,,,,,,,,,,
1437,8050cb81-30bf-47a6-4b0f-a892199e19c8,TCI #1 2023 AGE Interclub Trampoline Championships,,DMT,9-10 Years Female,Qualification,1,,8,TRUE,1,60600,0,99,0,,1,0,Milnthorp,Kiera,Christchurch School of Gymnastics,01/01/0001,,3,20400,2,0,0,E∑,197,0,2,0,0,0,0,0,0,0,0,1,0
1438,8050cb81-30bf-47a6-4b0f-a892199e19c8,TCI #1 2023 AGE Interclub Trampoline Championships,,DMT,9-10 Years Female,Qualification,1,,8,TRUE,1,60600,0,99,0,,1,0,Milnthorp,Kiera,Christchurch School of Gymnastics,01/01/0001,,3,20400,2,0,0,T,0,,,,,,,,,,,,
1439,8050cb81-30bf-47a6-4b0f-a892199e19c8,TCI #1 2023 AGE Interclub Trampoline Championships,,DMT,9-10 Years Female,Qualification,1,,8,TRUE,1,60600,0,99,0,,1,0,Milnthorp,Kiera,Christchurch School of Gymnastics,01/01/0001,,3,20400,2,0,0,D,7,0,,,,,,,,,,,
1440,8050cb81-30bf-47a6-4b0f-a892199e19c8,TCI #1 2023 AGE Interclub Trampoline Championships,,DMT,9-10 Years Female,Qualification,1,,8,TRUE,1,60600,0,99,0,,1,0,Milnthorp,Kiera,Christchurch School of Gymnastics,01/01/0001,,3,20400,2,0,0,H,0,0,0,,,,,,,,,,
1441,8050cb81-30bf-47a6-4b0f-a892199e19c8,TCI #1 2023 AGE Interclub Trampoline Championships,,DMT,11-12 Years Female,Qualification,1,,1,TRUE,5,59300,0,99,0,,1,0,Wright,Pippa,Olympia Gymnastic Sports,01/01/0001,,1,19500,2,0,0,E1,94,2,3,,,,,,,,,1,0
1442,8050cb81-30bf-47a6-4b0f-a892199e19c8,TCI #1 2023 AGE Interclub Trampoline Championships,,DMT,11-12 Years Female,Qualification,1,,1,TRUE,5,59300,0,99,0,,1,0,Wright,Pippa,Olympia Gymnastic Sports,01/01/0001,,1,19500,2,0,0,E2,94,2,3,,,,,,,,,1,0
1443,8050cb81-30bf-47a6-4b0f-a892199e19c8,TCI #1 2023 AGE Interclub Trampoline Championships,,DMT,11-12 Years Female,Qualification,1,,1,TRUE,5,59300,0,99,0,,1,0,Wright,Pippa,Olympia Gymnastic Sports,01/01/0001,,1,19500,2,0,0,E3,94,2,3,,,,,,,,,1,0
1444,8050cb81-30bf-47a6-4b0f-a892199e19c8,TCI #1 2023 AGE Interclub Trampoline Championships,,DMT,11-12 Years Female,Qualification,1,,1,TRUE,5,59300,0,99,0,,1,0,Wright,Pippa,Olympia Gymnastic Sports,01/01/0001,,1,19500,2,0,0,E4,100,,,,,,,,,,,,
1445,8050cb81-30bf-47a6-4b0f-a892199e19c8,TCI #1 2023 AGE Interclub Trampoline Championships,,DMT,11-12 Years Female,Qualification,1,,1,TRUE,5,59300,0,99,0,,1,0,Wright,Pippa,Olympia Gymnastic Sports,01/01/0001,,1,19500,2,0,0,E5,100,,,,,,,,,,,,
1446,8050cb81-30bf-47a6-4b0f-a892199e19c8,TCI #1 2023 AGE Interclub Trampoline Championships,,DMT,11-12 Years Female,Qualification,1,,1,TRUE,5,59300,0,99,0,,1,0,Wright,Pippa,Olympia Gymnastic Sports,01/01/0001,,1,19500,2,0,0,E8,100,,,,,,,,,,,,
1447,8050cb81-30bf-47a6-4b0f-a892199e19c8,TCI #1 2023 AGE Interclub Trampoline Championships,,DMT,11-12 Years Female,Qualification,1,,1,TRUE,5,59300,0,99,0,,1,0,Wright,Pippa,Olympia Gymnastic Sports,01/01/0001,,1,19500,2,0,0,E∑,188,4,6,0,0,0,0,0,0,0,0,2,0
1448,8050cb81-30bf-47a6-4b0f-a892199e19c8,TCI #1 2023 AGE Interclub Trampoline Championships,,DMT,11-12 Years Female,Qualification,1,,1,TRUE,5,59300,0,99,0,,1,0,Wright,Pippa,Olympia Gymnastic Sports,01/01/0001,,1,19500,2,0,0,T,0,,,,,,,,,,,,
1449,8050cb81-30bf-47a6-4b0f-a892199e19c8,TCI #1 2023 AGE Interclub Trampoline Championships,,DMT,11-12 Years Female,Qualification,1,,1,TRUE,5,59300,0,99,0,,1,0,Wright,Pippa,Olympia Gymnastic Sports,01/01/0001,,1,19500,2,0,0,D,7,0,,,,,,,,,,,
1450,8050cb81-30bf-47a6-4b0f-a892199e19c8,TCI #1 2023 AGE Interclub Trampoline Championships,,DMT,11-12 Years Female,Qualification,1,,1,TRUE,5,59300,0,99,0,,1,0,Wright,Pippa,Olympia Gymnastic Sports,01/01/0001,,1,19500,2,0,0,H,0,0,0,,,,,,,,,,
1451,8050cb81-30bf-47a6-4b0f-a892199e19c8,TCI #1 2023 AGE Interclub Trampoline Championships,,DMT,11-12 Years Female,Qualification,1,,1,TRUE,5,59300,0,99,0,,1,0,Wright,Pippa,Olympia Gymnastic Sports,01/01/0001,,2,19800,2,0,0,E1,96,1,3,,,,,,,,,0,0
1452,8050cb81-30bf-47a6-4b0f-a892199e19c8,TCI #1 2023 AGE Interclub Trampoline Championships,,DMT,11-12 Years Female,Qualification,1,,1,TRUE,5,59300,0,99,0,,1,0,Wright,Pippa,Olympia Gymnastic Sports,01/01/0001,,2,19800,2,0,0,E2,94,3,3,,,,,,,,,0,0
1453,8050cb81-30bf-47a6-4b0f-a892199e19c8,TCI #1 2023 AGE Interclub Trampoline Championships,,DMT,11-12 Years Female,Qualification,1,,1,TRUE,5,59300,0,99,0,,1,0,Wright,Pippa,Olympia Gymnastic Sports,01/01/0001,,2,19800,2,0,0,E3,95,2,3,,,,,,,,,0,0
1454,8050cb81-30bf-47a6-4b0f-a892199e19c8,TCI #1 2023 AGE Interclub Trampoline Championships,,DMT,11-12 Years Female,Qualification,1,,1,TRUE,5,59300,0,99,0,,1,0,Wright,Pippa,Olympia Gymnastic Sports,01/01/0001,,2,19800,2,0,0,E4,100,,,,,,,,,,,,
1455,8050cb81-30bf-47a6-4b0f-a892199e19c8,TCI #1 2023 AGE Interclub Trampoline Championships,,DMT,11-12 Years Female,Qualification,1,,1,TRUE,5,59300,0,99,0,,1,0,Wright,Pippa,Olympia Gymnastic Sports,01/01/0001,,2,19800,2,0,0,E5,100,,,,,,,,,,,,
1456,8050cb81-30bf-47a6-4b0f-a892199e19c8,TCI #1 2023 AGE Interclub Trampoline Championships,,DMT,11-12 Years Female,Qualification,1,,1,TRUE,5,59300,0,99,0,,1,0,Wright,Pippa,Olympia Gymnastic Sports,01/01/0001,,2,19800,2,0,0,E8,100,,,,,,,,,,,,
1457,8050cb81-30bf-47a6-4b0f-a892199e19c8,TCI #1 2023 AGE Interclub Trampoline Championships,,DMT,11-12 Years Female,Qualification,1,,1,TRUE,5,59300,0,99,0,,1,0,Wright,Pippa,Olympia Gymnastic Sports,01/01/0001,,2,19800,2,0,0,E∑,191,3,6,0,0,0,0,0,0,0,0,0,0
1458,8050cb81-30bf-47a6-4b0f-a892199e19c8,TCI #1 2023 AGE Interclub Trampoline Championships,,DMT,11-12 Years Female,Qualification,1,,1,TRUE,5,59300,0,99,0,,1,0,Wright,Pippa,Olympia Gymnastic Sports,01/01/0001,,2,19800,2,0,0,T,0,,,,,,,,,,,,
1459,8050cb81-30bf-47a6-4b0f-a892199e19c8,TCI #1 2023 AGE Interclub Trampoline Championships,,DMT,11-12 Years Female,Qualification,1,,1,TRUE,5,59300,0,99,0,,1,0,Wright,Pippa,Olympia Gymnastic Sports,01/01/0001,,2,19800,2,0,0,D,7,0,,,,,,,,,,,
1460,8050cb81-30bf-47a6-4b0f-a892199e19c8,TCI #1 2023 AGE Interclub Trampoline Championships,,DMT,11-12 Years Female,Qualification,1,,1,TRUE,5,59300,0,99,0,,1,0,Wright,Pippa,Olympia Gymnastic Sports,01/01/0001,,2,19800,2,0,0,H,0,0,0,,,,,,,,,,
1461,8050cb81-30bf-47a6-4b0f-a892199e19c8,TCI #1 2023 AGE Interclub Trampoline Championships,,DMT,11-12 Years Female,Qualification,1,,1,TRUE,5,59300,0,99,0,,1,0,Wright,Pippa,Olympia Gymnastic Sports,01/01/0001,,3,20000,2,0,0,E1,96,2,2,,,,,,,,,0,0
1462,8050cb81-30bf-47a6-4b0f-a892199e19c8,TCI #1 2023 AGE Interclub Trampoline Championships,,DMT,11-12 Years Female,Qualification,1,,1,TRUE,5,59300,0,99,0,,1,0,Wright,Pippa,Olympia Gymnastic Sports,01/01/0001,,3,20000,2,0,0,E2,96,2,2,,,,,,,,,0,0
1463,8050cb81-30bf-47a6-4b0f-a892199e19c8,TCI #1 2023 AGE Interclub Trampoline Championships,,DMT,11-12 Years Female,Qualification,1,,1,TRUE,5,59300,0,99,0,,1,0,Wright,Pippa,Olympia Gymnastic Sports,01/01/0001,,3,20000,2,0,0,E3,97,1,2,,,,,,,,,0,0
1464,8050cb81-30bf-47a6-4b0f-a892199e19c8,TCI #1 2023 AGE Interclub Trampoline Championships,,DMT,11-12 Years Female,Qualification,1,,1,TRUE,5,59300,0,99,0,,1,0,Wright,Pippa,Olympia Gymnastic Sports,01/01/0001,,3,20000,2,0,0,E4,100,,,,,,,,,,,,
1465,8050cb81-30bf-47a6-4b0f-a892199e19c8,TCI #1 2023 AGE Interclub Trampoline Championships,,DMT,11-12 Years Female,Qualification,1,,1,TRUE,5,59300,0,99,0,,1,0,Wright,Pippa,Olympia Gymnastic Sports,01/01/0001,,3,20000,2,0,0,E5,100,,,,,,,,,,,,
1466,8050cb81-30bf-47a6-4b0f-a892199e19c8,TCI #1 2023 AGE Interclub Trampoline Championships,,DMT,11-12 Years Female,Qualification,1,,1,TRUE,5,59300,0,99,0,,1,0,Wright,Pippa,Olympia Gymnastic Sports,01/01/0001,,3,20000,2,0,0,E8,100,,,,,,,,,,,,
1467,8050cb81-30bf-47a6-4b0f-a892199e19c8,TCI #1 2023 AGE Interclub Trampoline Championships,,DMT,11-12 Years Female,Qualification,1,,1,TRUE,5,59300,0,99,0,,1,0,Wright,Pippa,Olympia Gymnastic Sports,01/01/0001,,3,20000,2,0,0,E∑,193,3,4,0,0,0,0,0,0,0,0,0,0
1468,8050cb81-30bf-47a6-4b0f-a892199e19c8,TCI #1 2023 AGE Interclub Trampoline Championships,,DMT,11-12 Years Female,Qualification,1,,1,TRUE,5,59300,0,99,0,,1,0,Wright,Pippa,Olympia Gymnastic Sports,01/01/0001,,3,20000,2,0,0,T,0,,,,,,,,,,,,
1469,8050cb81-30bf-47a6-4b0f-a892199e19c8,TCI #1 2023 AGE Interclub Trampoline Championships,,DMT,11-12 Years Female,Qualification,1,,1,TRUE,5,59300,0,99,0,,1,0,Wright,Pippa,Olympia Gymnastic Sports,01/01/0001,,3,20000,2,0,0,D,7,0,,,,,,,,,,,
1470,8050cb81-30bf-47a6-4b0f-a892199e19c8,TCI #1 2023 AGE Interclub Trampoline Championships,,DMT,11-12 Years Female,Qualification,1,,1,TRUE,5,59300,0,99,0,,1,0,Wright,Pippa,Olympia Gymnastic Sports,01/01/0001,,3,20000,2,0,0,H,0,0,0,,,,,,,,,,
1471,8050cb81-30bf-47a6-4b0f-a892199e19c8,TCI #1 2023 AGE Interclub Trampoline Championships,,DMT,11-12 Years Female,Qualification,1,,2,TRUE,3,60100,0,99,0,,1,0,Clarke,Jemma,ICE Gymsports North Canterbury,01/01/0001,,1,19700,2,0,0,E1,94,3,3,,,,,,,,,0,0
1472,8050cb81-30bf-47a6-4b0f-a892199e19c8,TCI #1 2023 AGE Interclub Trampoline Championships,,DMT,11-12 Years Female,Qualification,1,,2,TRUE,3,60100,0,99,0,,1,0,Clarke,Jemma,ICE Gymsports North Canterbury,01/01/0001,,1,19700,2,0,0,E2,95,2,3,,,,,,,,,0,0
1473,8050cb81-30bf-47a6-4b0f-a892199e19c8,TCI #1 2023 AGE Interclub Trampoline Championships,,DMT,11-12 Years Female,Qualification,1,,2,TRUE,3,60100,0,99,0,,1,0,Clarke,Jemma,ICE Gymsports North Canterbury,01/01/0001,,1,19700,2,0,0,E3,95,3,2,,,,,,,,,0,0
1474,8050cb81-30bf-47a6-4b0f-a892199e19c8,TCI #1 2023 AGE Interclub Trampoline Championships,,DMT,11-12 Years Female,Qualification,1,,2,TRUE,3,60100,0,99,0,,1,0,Clarke,Jemma,ICE Gymsports North Canterbury,01/01/0001,,1,19700,2,0,0,E4,100,,,,,,,,,,,,
1475,8050cb81-30bf-47a6-4b0f-a892199e19c8,TCI #1 2023 AGE Interclub Trampoline Championships,,DMT,11-12 Years Female,Qualification,1,,2,TRUE,3,60100,0,99,0,,1,0,Clarke,Jemma,ICE Gymsports North Canterbury,01/01/0001,,1,19700,2,0,0,E5,100,,,,,,,,,,,,
1476,8050cb81-30bf-47a6-4b0f-a892199e19c8,TCI #1 2023 AGE Interclub Trampoline Championships,,DMT,11-12 Years Female,Qualification,1,,2,TRUE,3,60100,0,99,0,,1,0,Clarke,Jemma,ICE Gymsports North Canterbury,01/01/0001,,1,19700,2,0,0,E8,100,,,,,,,,,,,,
1477,8050cb81-30bf-47a6-4b0f-a892199e19c8,TCI #1 2023 AGE Interclub Trampoline Championships,,DMT,11-12 Years Female,Qualification,1,,2,TRUE,3,60100,0,99,0,,1,0,Clarke,Jemma,ICE Gymsports North Canterbury,01/01/0001,,1,19700,2,0,0,E∑,190,5,5,0,0,0,0,0,0,0,0,0,0
1478,8050cb81-30bf-47a6-4b0f-a892199e19c8,TCI #1 2023 AGE Interclub Trampoline Championships,,DMT,11-12 Years Female,Qualification,1,,2,TRUE,3,60100,0,99,0,,1,0,Clarke,Jemma,ICE Gymsports North Canterbury,01/01/0001,,1,19700,2,0,0,T,0,,,,,,,,,,,,
1479,8050cb81-30bf-47a6-4b0f-a892199e19c8,TCI #1 2023 AGE Interclub Trampoline Championships,,DMT,11-12 Years Female,Qualification,1,,2,TRUE,3,60100,0,99,0,,1,0,Clarke,Jemma,ICE Gymsports North Canterbury,01/01/0001,,1,19700,2,0,0,D,7,0,,,,,,,,,,,
1480,8050cb81-30bf-47a6-4b0f-a892199e19c8,TCI #1 2023 AGE Interclub Trampoline Championships,,DMT,11-12 Years Female,Qualification,1,,2,TRUE,3,60100,0,99,0,,1,0,Clarke,Jemma,ICE Gymsports North Canterbury,01/01/0001,,1,19700,2,0,0,H,0,0,0,,,,,,,,,,
1481,8050cb81-30bf-47a6-4b0f-a892199e19c8,TCI #1 2023 AGE Interclub Trampoline Championships,,DMT,11-12 Years Female,Qualification,1,,2,TRUE,3,60100,0,99,0,,1,0,Clarke,Jemma,ICE Gymsports North Canterbury,01/01/0001,,2,20200,2,0,0,E1,94,3,3,,,,,,,,,0,0
1482,8050cb81-30bf-47a6-4b0f-a892199e19c8,TCI #1 2023 AGE Interclub Trampoline Championships,,DMT,11-12 Years Female,Qualification,1,,2,TRUE,3,60100,0,99,0,,1,0,Clarke,Jemma,ICE Gymsports North Canterbury,01/01/0001,,2,20200,2,0,0,E2,97,1,2,,,,,,,,,0,0
1483,8050cb81-30bf-47a6-4b0f-a892199e19c8,TCI #1 2023 AGE Interclub Trampoline Championships,,DMT,11-12 Years Female,Qualification,1,,2,TRUE,3,60100,0,99,0,,1,0,Clarke,Jemma,ICE Gymsports North Canterbury,01/01/0001,,2,20200,2,0,0,E3,97,1,2,,,,,,,,,0,0
1484,8050cb81-30bf-47a6-4b0f-a892199e19c8,TCI #1 2023 AGE Interclub Trampoline Championships,,DMT,11-12 Years Female,Qualification,1,,2,TRUE,3,60100,0,99,0,,1,0,Clarke,Jemma,ICE Gymsports North Canterbury,01/01/0001,,2,20200,2,0,0,E4,100,,,,,,,,,,,,
1485,8050cb81-30bf-47a6-4b0f-a892199e19c8,TCI #1 2023 AGE Interclub Trampoline Championships,,DMT,11-12 Years Female,Qualification,1,,2,TRUE,3,60100,0,99,0,,1,0,Clarke,Jemma,ICE Gymsports North Canterbury,01/01/0001,,2,20200,2,0,0,E5,100,,,,,,,,,,,,
1486,8050cb81-30bf-47a6-4b0f-a892199e19c8,TCI #1 2023 AGE Interclub Trampoline Championships,,DMT,11-12 Years Female,Qualification,1,,2,TRUE,3,60100,0,99,0,,1,0,Clarke,Jemma,ICE Gymsports North Canterbury,01/01/0001,,2,20200,2,0,0,E8,100,,,,,,,,,,,,
1487,8050cb81-30bf-47a6-4b0f-a892199e19c8,TCI #1 2023 AGE Interclub Trampoline Championships,,DMT,11-12 Years Female,Qualification,1,,2,TRUE,3,60100,0,99,0,,1,0,Clarke,Jemma,ICE Gymsports North Canterbury,01/01/0001,,2,20200,2,0,0,E∑,194,2,4,0,0,0,0,0,0,0,0,0,0
1488,8050cb81-30bf-47a6-4b0f-a892199e19c8,TCI #1 2023 AGE Interclub Trampoline Championships,,DMT,11-12 Years Female,Qualification,1,,2,TRUE,3,60100,0,99,0,,1,0,Clarke,Jemma,ICE Gymsports North Canterbury,01/01/0001,,2,20200,2,0,0,T,0,,,,,,,,,,,,
1489,8050cb81-30bf-47a6-4b0f-a892199e19c8,TCI #1 2023 AGE Interclub Trampoline Championships,,DMT,11-12 Years Female,Qualification,1,,2,TRUE,3,60100,0,99,0,,1,0,Clarke,Jemma,ICE Gymsports North Canterbury,01/01/0001,,2,20200,2,0,0,D,8,0,,,,,,,,,,,
1490,8050cb81-30bf-47a6-4b0f-a892199e19c8,TCI #1 2023 AGE Interclub Trampoline Championships,,DMT,11-12 Years Female,Qualification,1,,2,TRUE,3,60100,0,99,0,,1,0,Clarke,Jemma,ICE Gymsports North Canterbury,01/01/0001,,2,20200,2,0,0,H,0,0,0,,,,,,,,,,
1491,8050cb81-30bf-47a6-4b0f-a892199e19c8,TCI #1 2023 AGE Interclub Trampoline Championships,,DMT,11-12 Years Female,Qualification,1,,2,TRUE,3,60100,0,99,0,,1,0,Clarke,Jemma,ICE Gymsports North Canterbury,01/01/0001,,3,20200,2,0,0,E1,97,2,1,,,,,,,,,0,0
1492,8050cb81-30bf-47a6-4b0f-a892199e19c8,TCI #1 2023 AGE Interclub Trampoline Championships,,DMT,11-12 Years Female,Qualification,1,,2,TRUE,3,60100,0,99,0,,1,0,Clarke,Jemma,ICE Gymsports North Canterbury,01/01/0001,,3,20200,2,0,0,E2,98,1,1,,,,,,,,,0,0
1493,8050cb81-30bf-47a6-4b0f-a892199e19c8,TCI #1 2023 AGE Interclub Trampoline Championships,,DMT,11-12 Years Female,Qualification,1,,2,TRUE,3,60100,0,99,0,,1,0,Clarke,Jemma,ICE Gymsports North Canterbury,01/01/0001,,3,20200,2,0,0,E3,96,2,2,,,,,,,,,0,0
1494,8050cb81-30bf-47a6-4b0f-a892199e19c8,TCI #1 2023 AGE Interclub Trampoline Championships,,DMT,11-12 Years Female,Qualification,1,,2,TRUE,3,60100,0,99,0,,1,0,Clarke,Jemma,ICE Gymsports North Canterbury,01/01/0001,,3,20200,2,0,0,E4,100,,,,,,,,,,,,
1495,8050cb81-30bf-47a6-4b0f-a892199e19c8,TCI #1 2023 AGE Interclub Trampoline Championships,,DMT,11-12 Years Female,Qualification,1,,2,TRUE,3,60100,0,99,0,,1,0,Clarke,Jemma,ICE Gymsports North Canterbury,01/01/0001,,3,20200,2,0,0,E5,100,,,,,,,,,,,,
1496,8050cb81-30bf-47a6-4b0f-a892199e19c8,TCI #1 2023 AGE Interclub Trampoline Championships,,DMT,11-12 Years Female,Qualification,1,,2,TRUE,3,60100,0,99,0,,1,0,Clarke,Jemma,ICE Gymsports North Canterbury,01/01/0001,,3,20200,2,0,0,E8,100,,,,,,,,,,,,
1497,8050cb81-30bf-47a6-4b0f-a892199e19c8,TCI #1 2023 AGE Interclub Trampoline Championships,,DMT,11-12 Years Female,Qualification,1,,2,TRUE,3,60100,0,99,0,,1,0,Clarke,Jemma,ICE Gymsports North Canterbury,01/01/0001,,3,20200,2,0,0,E∑,195,3,2,0,0,0,0,0,0,0,0,0,0
1498,8050cb81-30bf-47a6-4b0f-a892199e19c8,TCI #1 2023 AGE Interclub Trampoline Championships,,DMT,11-12 Years Female,Qualification,1,,2,TRUE,3,60100,0,99,0,,1,0,Clarke,Jemma,ICE Gymsports North Canterbury,01/01/0001,,3,20200,2,0,0,T,0,,,,,,,,,,,,
1499,8050cb81-30bf-47a6-4b0f-a892199e19c8,TCI #1 2023 AGE Interclub Trampoline Championships,,DMT,11-12 Years Female,Qualification,1,,2,TRUE,3,60100,0,99,0,,1,0,Clarke,Jemma,ICE Gymsports North Canterbury,01/01/0001,,3,20200,2,0,0,D,7,0,,,,,,,,,,,
1500,8050cb81-30bf-47a6-4b0f-a892199e19c8,TCI #1 2023 AGE Interclub Trampoline Championships,,DMT,11-12 Years Female,Qualification,1,,2,TRUE,3,60100,0,99,0,,1,0,Clarke,Jemma,ICE Gymsports North Canterbury,01/01/0001,,3,20200,2,0,0,H,0,0,0,,,,,,,,,,
1501,8050cb81-30bf-47a6-4b0f-a892199e19c8,TCI #1 2023 AGE Interclub Trampoline Championships,,DMT,11-12 Years Female,Qualification,1,,3,TRUE,4,59700,0,99,0,,1,0,Wood,Samantha,Dynamic Gymnastics Sports,01/01/0001,,1,20000,2,0,0,E1,93,3,3,,,,,,,,,1,0
1502,8050cb81-30bf-47a6-4b0f-a892199e19c8,TCI #1 2023 AGE Interclub Trampoline Championships,,DMT,11-12 Years Female,Qualification,1,,3,TRUE,4,59700,0,99,0,,1,0,Wood,Samantha,Dynamic Gymnastics Sports,01/01/0001,,1,20000,2,0,0,E2,94,3,2,,,,,,,,,1,0
1503,8050cb81-30bf-47a6-4b0f-a892199e19c8,TCI #1 2023 AGE Interclub Trampoline Championships,,DMT,11-12 Years Female,Qualification,1,,3,TRUE,4,59700,0,99,0,,1,0,Wood,Samantha,Dynamic Gymnastics Sports,01/01/0001,,1,20000,2,0,0,E3,95,2,3,,,,,,,,,0,0
1504,8050cb81-30bf-47a6-4b0f-a892199e19c8,TCI #1 2023 AGE Interclub Trampoline Championships,,DMT,11-12 Years Female,Qualification,1,,3,TRUE,4,59700,0,99,0,,1,0,Wood,Samantha,Dynamic Gymnastics Sports,01/01/0001,,1,20000,2,0,0,E4,100,,,,,,,,,,,,
1505,8050cb81-30bf-47a6-4b0f-a892199e19c8,TCI #1 2023 AGE Interclub Trampoline Championships,,DMT,11-12 Years Female,Qualification,1,,3,TRUE,4,59700,0,99,0,,1,0,Wood,Samantha,Dynamic Gymnastics Sports,01/01/0001,,1,20000,2,0,0,E5,100,,,,,,,,,,,,
1506,8050cb81-30bf-47a6-4b0f-a892199e19c8,TCI #1 2023 AGE Interclub Trampoline Championships,,DMT,11-12 Years Female,Qualification,1,,3,TRUE,4,59700,0,99,0,,1,0,Wood,Samantha,Dynamic Gymnastics Sports,01/01/0001,,1,20000,2,0,0,E8,100,,,,,,,,,,,,
1507,8050cb81-30bf-47a6-4b0f-a892199e19c8,TCI #1 2023 AGE Interclub Trampoline Championships,,DMT,11-12 Years Female,Qualification,1,,3,TRUE,4,59700,0,99,0,,1,0,Wood,Samantha,Dynamic Gymnastics Sports,01/01/0001,,1,20000,2,0,0,E∑,189,5,5,0,0,0,0,0,0,0,0,1,0
1508,8050cb81-30bf-47a6-4b0f-a892199e19c8,TCI #1 2023 AGE Interclub Trampoline Championships,,DMT,11-12 Years Female,Qualification,1,,3,TRUE,4,59700,0,99,0,,1,0,Wood,Samantha,Dynamic Gymnastics Sports,01/01/0001,,1,20000,2,0,0,T,0,,,,,,,,,,,,
1509,8050cb81-30bf-47a6-4b0f-a892199e19c8,TCI #1 2023 AGE Interclub Trampoline Championships,,DMT,11-12 Years Female,Qualification,1,,3,TRUE,4,59700,0,99,0,,1,0,Wood,Samantha,Dynamic Gymnastics Sports,01/01/0001,,1,20000,2,0,0,D,11,0,,,,,,,,,,,
1510,8050cb81-30bf-47a6-4b0f-a892199e19c8,TCI #1 2023 AGE Interclub Trampoline Championships,,DMT,11-12 Years Female,Qualification,1,,3,TRUE,4,59700,0,99,0,,1,0,Wood,Samantha,Dynamic Gymnastics Sports,01/01/0001,,1,20000,2,0,0,H,0,0,0,,,,,,,,,,
1511,8050cb81-30bf-47a6-4b0f-a892199e19c8,TCI #1 2023 AGE Interclub Trampoline Championships,,DMT,11-12 Years Female,Qualification,1,,3,TRUE,4,59700,0,99,0,,1,0,Wood,Samantha,Dynamic Gymnastics Sports,01/01/0001,,2,20000,2,0,0,E1,94,3,2,,,,,,,,,1,0
1512,8050cb81-30bf-47a6-4b0f-a892199e19c8,TCI #1 2023 AGE Interclub Trampoline Championships,,DMT,11-12 Years Female,Qualification,1,,3,TRUE,4,59700,0,99,0,,1,0,Wood,Samantha,Dynamic Gymnastics Sports,01/01/0001,,2,20000,2,0,0,E2,94,3,2,,,,,,,,,1,0
1513,8050cb81-30bf-47a6-4b0f-a892199e19c8,TCI #1 2023 AGE Interclub Trampoline Championships,,DMT,11-12 Years Female,Qualification,1,,3,TRUE,4,59700,0,99,0,,1,0,Wood,Samantha,Dynamic Gymnastics Sports,01/01/0001,,2,20000,2,0,0,E3,92,3,4,,,,,,,,,1,0
1514,8050cb81-30bf-47a6-4b0f-a892199e19c8,TCI #1 2023 AGE Interclub Trampoline Championships,,DMT,11-12 Years Female,Qualification,1,,3,TRUE,4,59700,0,99,0,,1,0,Wood,Samantha,Dynamic Gymnastics Sports,01/01/0001,,2,20000,2,0,0,E4,100,,,,,,,,,,,,
1515,8050cb81-30bf-47a6-4b0f-a892199e19c8,TCI #1 2023 AGE Interclub Trampoline Championships,,DMT,11-12 Years Female,Qualification,1,,3,TRUE,4,59700,0,99,0,,1,0,Wood,Samantha,Dynamic Gymnastics Sports,01/01/0001,,2,20000,2,0,0,E5,100,,,,,,,,,,,,
1516,8050cb81-30bf-47a6-4b0f-a892199e19c8,TCI #1 2023 AGE Interclub Trampoline Championships,,DMT,11-12 Years Female,Qualification,1,,3,TRUE,4,59700,0,99,0,,1,0,Wood,Samantha,Dynamic Gymnastics Sports,01/01/0001,,2,20000,2,0,0,E8,100,,,,,,,,,,,,
1517,8050cb81-30bf-47a6-4b0f-a892199e19c8,TCI #1 2023 AGE Interclub Trampoline Championships,,DMT,11-12 Years Female,Qualification,1,,3,TRUE,4,59700,0,99,0,,1,0,Wood,Samantha,Dynamic Gymnastics Sports,01/01/0001,,2,20000,2,0,0,E∑,188,6,4,0,0,0,0,0,0,0,0,2,0
1518,8050cb81-30bf-47a6-4b0f-a892199e19c8,TCI #1 2023 AGE Interclub Trampoline Championships,,DMT,11-12 Years Female,Qualification,1,,3,TRUE,4,59700,0,99,0,,1,0,Wood,Samantha,Dynamic Gymnastics Sports,01/01/0001,,2,20000,2,0,0,T,0,,,,,,,,,,,,
1519,8050cb81-30bf-47a6-4b0f-a892199e19c8,TCI #1 2023 AGE Interclub Trampoline Championships,,DMT,11-12 Years Female,Qualification,1,,3,TRUE,4,59700,0,99,0,,1,0,Wood,Samantha,Dynamic Gymnastics Sports,01/01/0001,,2,20000,2,0,0,D,12,0,,,,,,,,,,,
1520,8050cb81-30bf-47a6-4b0f-a892199e19c8,TCI #1 2023 AGE Interclub Trampoline Championships,,DMT,11-12 Years Female,Qualification,1,,3,TRUE,4,59700,0,99,0,,1,0,Wood,Samantha,Dynamic Gymnastics Sports,01/01/0001,,2,20000,2,0,0,H,0,0,0,,,,,,,,,,
1521,8050cb81-30bf-47a6-4b0f-a892199e19c8,TCI #1 2023 AGE Interclub Trampoline Championships,,DMT,11-12 Years Female,Qualification,1,,3,TRUE,4,59700,0,99,0,,1,0,Wood,Samantha,Dynamic Gymnastics Sports,01/01/0001,,3,19700,2,0,0,E1,93,1,3,,,,,,,,,3,0
1522,8050cb81-30bf-47a6-4b0f-a892199e19c8,TCI #1 2023 AGE Interclub Trampoline Championships,,DMT,11-12 Years Female,Qualification,1,,3,TRUE,4,59700,0,99,0,,1,0,Wood,Samantha,Dynamic Gymnastics Sports,01/01/0001,,3,19700,2,0,0,E2,93,1,3,,,,,,,,,3,0
1523,8050cb81-30bf-47a6-4b0f-a892199e19c8,TCI #1 2023 AGE Interclub Trampoline Championships,,DMT,11-12 Years Female,Qualification,1,,3,TRUE,4,59700,0,99,0,,1,0,Wood,Samantha,Dynamic Gymnastics Sports,01/01/0001,,3,19700,2,0,0,E3,94,2,3,,,,,,,,,1,0
1524,8050cb81-30bf-47a6-4b0f-a892199e19c8,TCI #1 2023 AGE Interclub Trampoline Championships,,DMT,11-12 Years Female,Qualification,1,,3,TRUE,4,59700,0,99,0,,1,0,Wood,Samantha,Dynamic Gymnastics Sports,01/01/0001,,3,19700,2,0,0,E4,100,,,,,,,,,,,,
1525,8050cb81-30bf-47a6-4b0f-a892199e19c8,TCI #1 2023 AGE Interclub Trampoline Championships,,DMT,11-12 Years Female,Qualification,1,,3,TRUE,4,59700,0,99,0,,1,0,Wood,Samantha,Dynamic Gymnastics Sports,01/01/0001,,3,19700,2,0,0,E5,100,,,,,,,,,,,,
1526,8050cb81-30bf-47a6-4b0f-a892199e19c8,TCI #1 2023 AGE Interclub Trampoline Championships,,DMT,11-12 Years Female,Qualification,1,,3,TRUE,4,59700,0,99,0,,1,0,Wood,Samantha,Dynamic Gymnastics Sports,01/01/0001,,3,19700,2,0,0,E8,100,,,,,,,,,,,,
1527,8050cb81-30bf-47a6-4b0f-a892199e19c8,TCI #1 2023 AGE Interclub Trampoline Championships,,DMT,11-12 Years Female,Qualification,1,,3,TRUE,4,59700,0,99,0,,1,0,Wood,Samantha,Dynamic Gymnastics Sports,01/01/0001,,3,19700,2,0,0,E∑,188,2,6,0,0,0,0,0,0,0,0,4,0
1528,8050cb81-30bf-47a6-4b0f-a892199e19c8,TCI #1 2023 AGE Interclub Trampoline Championships,,DMT,11-12 Years Female,Qualification,1,,3,TRUE,4,59700,0,99,0,,1,0,Wood,Samantha,Dynamic Gymnastics Sports,01/01/0001,,3,19700,2,0,0,T,0,,,,,,,,,,,,
1529,8050cb81-30bf-47a6-4b0f-a892199e19c8,TCI #1 2023 AGE Interclub Trampoline Championships,,DMT,11-12 Years Female,Qualification,1,,3,TRUE,4,59700,0,99,0,,1,0,Wood,Samantha,Dynamic Gymnastics Sports,01/01/0001,,3,19700,2,0,0,D,9,0,,,,,,,,,,,
1530,8050cb81-30bf-47a6-4b0f-a892199e19c8,TCI #1 2023 AGE Interclub Trampoline Championships,,DMT,11-12 Years Female,Qualification,1,,3,TRUE,4,59700,0,99,0,,1,0,Wood,Samantha,Dynamic Gymnastics Sports,01/01/0001,,3,19700,2,0,0,H,0,0,0,,,,,,,,,,
1531,8050cb81-30bf-47a6-4b0f-a892199e19c8,TCI #1 2023 AGE Interclub Trampoline Championships,,DMT,11-12 Years Female,Qualification,1,,4,TRUE,2,60100,0,99,0,,1,0,Milnthorp,Naya,Christchurch School of Gymnastics,01/01/0001,,1,20100,2,0,0,E1,92,2,3,,,,,,,,,3,0
1532,8050cb81-30bf-47a6-4b0f-a892199e19c8,TCI #1 2023 AGE Interclub Trampoline Championships,,DMT,11-12 Years Female,Qualification,1,,4,TRUE,2,60100,0,99,0,,1,0,Milnthorp,Naya,Christchurch School of Gymnastics,01/01/0001,,1,20100,2,0,0,E2,91,3,3,,,,,,,,,3,0
1533,8050cb81-30bf-47a6-4b0f-a892199e19c8,TCI #1 2023 AGE Interclub Trampoline Championships,,DMT,11-12 Years Female,Qualification,1,,4,TRUE,2,60100,0,99,0,,1,0,Milnthorp,Naya,Christchurch School of Gymnastics,01/01/0001,,1,20100,2,0,0,E3,92,2,3,,,,,,,,,3,0
1534,8050cb81-30bf-47a6-4b0f-a892199e19c8,TCI #1 2023 AGE Interclub Trampoline Championships,,DMT,11-12 Years Female,Qualification,1,,4,TRUE,2,60100,0,99,0,,1,0,Milnthorp,Naya,Christchurch School of Gymnastics,01/01/0001,,1,20100,2,0,0,E4,100,,,,,,,,,,,,
1535,8050cb81-30bf-47a6-4b0f-a892199e19c8,TCI #1 2023 AGE Interclub Trampoline Championships,,DMT,11-12 Years Female,Qualification,1,,4,TRUE,2,60100,0,99,0,,1,0,Milnthorp,Naya,Christchurch School of Gymnastics,01/01/0001,,1,20100,2,0,0,E5,100,,,,,,,,,,,,
1536,8050cb81-30bf-47a6-4b0f-a892199e19c8,TCI #1 2023 AGE Interclub Trampoline Championships,,DMT,11-12 Years Female,Qualification,1,,4,TRUE,2,60100,0,99,0,,1,0,Milnthorp,Naya,Christchurch School of Gymnastics,01/01/0001,,1,20100,2,0,0,E8,100,,,,,,,,,,,,
1537,8050cb81-30bf-47a6-4b0f-a892199e19c8,TCI #1 2023 AGE Interclub Trampoline Championships,,DMT,11-12 Years Female,Qualification,1,,4,TRUE,2,60100,0,99,0,,1,0,Milnthorp,Naya,Christchurch School of Gymnastics,01/01/0001,,1,20100,2,0,0,E∑,184,4,6,0,0,0,0,0,0,0,0,6,0
1538,8050cb81-30bf-47a6-4b0f-a892199e19c8,TCI #1 2023 AGE Interclub Trampoline Championships,,DMT,11-12 Years Female,Qualification,1,,4,TRUE,2,60100,0,99,0,,1,0,Milnthorp,Naya,Christchurch School of Gymnastics,01/01/0001,,1,20100,2,0,0,T,0,,,,,,,,,,,,
1539,8050cb81-30bf-47a6-4b0f-a892199e19c8,TCI #1 2023 AGE Interclub Trampoline Championships,,DMT,11-12 Years Female,Qualification,1,,4,TRUE,2,60100,0,99,0,,1,0,Milnthorp,Naya,Christchurch School of Gymnastics,01/01/0001,,1,20100,2,0,0,D,17,0,,,,,,,,,,,
1540,8050cb81-30bf-47a6-4b0f-a892199e19c8,TCI #1 2023 AGE Interclub Trampoline Championships,,DMT,11-12 Years Female,Qualification,1,,4,TRUE,2,60100,0,99,0,,1,0,Milnthorp,Naya,Christchurch School of Gymnastics,01/01/0001,,1,20100,2,0,0,H,0,0,0,,,,,,,,,,
1541,8050cb81-30bf-47a6-4b0f-a892199e19c8,TCI #1 2023 AGE Interclub Trampoline Championships,,DMT,11-12 Years Female,Qualification,1,,4,TRUE,2,60100,0,99,0,,1,0,Milnthorp,Naya,Christchurch School of Gymnastics,01/01/0001,,2,20200,2,0,0,E1,94,3,3,,,,,,,,,0,0
1542,8050cb81-30bf-47a6-4b0f-a892199e19c8,TCI #1 2023 AGE Interclub Trampoline Championships,,DMT,11-12 Years Female,Qualification,1,,4,TRUE,2,60100,0,99,0,,1,0,Milnthorp,Naya,Christchurch School of Gymnastics,01/01/0001,,2,20200,2,0,0,E2,95,3,2,,,,,,,,,0,0
1543,8050cb81-30bf-47a6-4b0f-a892199e19c8,TCI #1 2023 AGE Interclub Trampoline Championships,,DMT,11-12 Years Female,Qualification,1,,4,TRUE,2,60100,0,99,0,,1,0,Milnthorp,Naya,Christchurch School of Gymnastics,01/01/0001,,2,20200,2,0,0,E3,93,3,3,,,,,,,,,1,0
1544,8050cb81-30bf-47a6-4b0f-a892199e19c8,TCI #1 2023 AGE Interclub Trampoline Championships,,DMT,11-12 Years Female,Qualification,1,,4,TRUE,2,60100,0,99,0,,1,0,Milnthorp,Naya,Christchurch School of Gymnastics,01/01/0001,,2,20200,2,0,0,E4,100,,,,,,,,,,,,
1545,8050cb81-30bf-47a6-4b0f-a892199e19c8,TCI #1 2023 AGE Interclub Trampoline Championships,,DMT,11-12 Years Female,Qualification,1,,4,TRUE,2,60100,0,99,0,,1,0,Milnthorp,Naya,Christchurch School of Gymnastics,01/01/0001,,2,20200,2,0,0,E5,100,,,,,,,,,,,,
1546,8050cb81-30bf-47a6-4b0f-a892199e19c8,TCI #1 2023 AGE Interclub Trampoline Championships,,DMT,11-12 Years Female,Qualification,1,,4,TRUE,2,60100,0,99,0,,1,0,Milnthorp,Naya,Christchurch School of Gymnastics,01/01/0001,,2,20200,2,0,0,E8,100,,,,,,,,,,,,
1547,8050cb81-30bf-47a6-4b0f-a892199e19c8,TCI #1 2023 AGE Interclub Trampoline Championships,,DMT,11-12 Years Female,Qualification,1,,4,TRUE,2,60100,0,99,0,,1,0,Milnthorp,Naya,Christchurch School of Gymnastics,01/01/0001,,2,20200,2,0,0,E∑,189,6,5,0,0,0,0,0,0,0,0,0,0
1548,8050cb81-30bf-47a6-4b0f-a892199e19c8,TCI #1 2023 AGE Interclub Trampoline Championships,,DMT,11-12 Years Female,Qualification,1,,4,TRUE,2,60100,0,99,0,,1,0,Milnthorp,Naya,Christchurch School of Gymnastics,01/01/0001,,2,20200,2,0,0,T,0,,,,,,,,,,,,
1549,8050cb81-30bf-47a6-4b0f-a892199e19c8,TCI #1 2023 AGE Interclub Trampoline Championships,,DMT,11-12 Years Female,Qualification,1,,4,TRUE,2,60100,0,99,0,,1,0,Milnthorp,Naya,Christchurch School of Gymnastics,01/01/0001,,2,20200,2,0,0,D,13,0,,,,,,,,,,,
1550,8050cb81-30bf-47a6-4b0f-a892199e19c8,TCI #1 2023 AGE Interclub Trampoline Championships,,DMT,11-12 Years Female,Qualification,1,,4,TRUE,2,60100,0,99,0,,1,0,Milnthorp,Naya,Christchurch School of Gymnastics,01/01/0001,,2,20200,2,0,0,H,0,0,0,,,,,,,,,,
1551,8050cb81-30bf-47a6-4b0f-a892199e19c8,TCI #1 2023 AGE Interclub Trampoline Championships,,DMT,11-12 Years Female,Qualification,1,,4,TRUE,2,60100,0,99,0,,1,0,Milnthorp,Naya,Christchurch School of Gymnastics,01/01/0001,,3,19800,2,0,0,E1,94,1,2,,,,,,,,,3,0
1552,8050cb81-30bf-47a6-4b0f-a892199e19c8,TCI #1 2023 AGE Interclub Trampoline Championships,,DMT,11-12 Years Female,Qualification,1,,4,TRUE,2,60100,0,99,0,,1,0,Milnthorp,Naya,Christchurch School of Gymnastics,01/01/0001,,3,19800,2,0,0,E2,95,0,2,,,,,,,,,3,0
1553,8050cb81-30bf-47a6-4b0f-a892199e19c8,TCI #1 2023 AGE Interclub Trampoline Championships,,DMT,11-12 Years Female,Qualification,1,,4,TRUE,2,60100,0,99,0,,1,0,Milnthorp,Naya,Christchurch School of Gymnastics,01/01/0001,,3,19800,2,0,0,E3,96,0,1,,,,,,,,,3,0
1554,8050cb81-30bf-47a6-4b0f-a892199e19c8,TCI #1 2023 AGE Interclub Trampoline Championships,,DMT,11-12 Years Female,Qualification,1,,4,TRUE,2,60100,0,99,0,,1,0,Milnthorp,Naya,Christchurch School of Gymnastics,01/01/0001,,3,19800,2,0,0,E4,100,,,,,,,,,,,,
1555,8050cb81-30bf-47a6-4b0f-a892199e19c8,TCI #1 2023 AGE Interclub Trampoline Championships,,DMT,11-12 Years Female,Qualification,1,,4,TRUE,2,60100,0,99,0,,1,0,Milnthorp,Naya,Christchurch School of Gymnastics,01/01/0001,,3,19800,2,0,0,E5,100,,,,,,,,,,,,
1556,8050cb81-30bf-47a6-4b0f-a892199e19c8,TCI #1 2023 AGE Interclub Trampoline Championships,,DMT,11-12 Years Female,Qualification,1,,4,TRUE,2,60100,0,99,0,,1,0,Milnthorp,Naya,Christchurch School of Gymnastics,01/01/0001,,3,19800,2,0,0,E8,100,,,,,,,,,,,,
1557,8050cb81-30bf-47a6-4b0f-a892199e19c8,TCI #1 2023 AGE Interclub Trampoline Championships,,DMT,11-12 Years Female,Qualification,1,,4,TRUE,2,60100,0,99,0,,1,0,Milnthorp,Naya,Christchurch School of Gymnastics,01/01/0001,,3,19800,2,0,0,E∑,191,0,3,0,0,0,0,0,0,0,0,6,0
1558,8050cb81-30bf-47a6-4b0f-a892199e19c8,TCI #1 2023 AGE Interclub Trampoline Championships,,DMT,11-12 Years Female,Qualification,1,,4,TRUE,2,60100,0,99,0,,1,0,Milnthorp,Naya,Christchurch School of Gymnastics,01/01/0001,,3,19800,2,0,0,T,0,,,,,,,,,,,,
1559,8050cb81-30bf-47a6-4b0f-a892199e19c8,TCI #1 2023 AGE Interclub Trampoline Championships,,DMT,11-12 Years Female,Qualification,1,,4,TRUE,2,60100,0,99,0,,1,0,Milnthorp,Naya,Christchurch School of Gymnastics,01/01/0001,,3,19800,2,0,0,D,7,0,,,,,,,,,,,
1560,8050cb81-30bf-47a6-4b0f-a892199e19c8,TCI #1 2023 AGE Interclub Trampoline Championships,,DMT,11-12 Years Female,Qualification,1,,4,TRUE,2,60100,0,99,0,,1,0,Milnthorp,Naya,Christchurch School of Gymnastics,01/01/0001,,3,19800,2,0,0,H,0,0,0,,,,,,,,,,
1561,8050cb81-30bf-47a6-4b0f-a892199e19c8,TCI #1 2023 AGE Interclub Trampoline Championships,,DMT,11-12 Years Female,Qualification,1,,5,TRUE,7,58600,0,99,0,,1,0,Byrne,Grace,Christchurch School of Gymnastics,01/01/0001,,1,19900,2,0,0,E1,94,2,3,,,,,,,,,1,0
1562,8050cb81-30bf-47a6-4b0f-a892199e19c8,TCI #1 2023 AGE Interclub Trampoline Championships,,DMT,11-12 Years Female,Qualification,1,,5,TRUE,7,58600,0,99,0,,1,0,Byrne,Grace,Christchurch School of Gymnastics,01/01/0001,,1,19900,2,0,0,E2,93,3,3,,,,,,,,,1,0
1563,8050cb81-30bf-47a6-4b0f-a892199e19c8,TCI #1 2023 AGE Interclub Trampoline Championships,,DMT,11-12 Years Female,Qualification,1,,5,TRUE,7,58600,0,99,0,,1,0,Byrne,Grace,Christchurch School of Gymnastics,01/01/0001,,1,19900,2,0,0,E3,93,3,3,,,,,,,,,1,0
1564,8050cb81-30bf-47a6-4b0f-a892199e19c8,TCI #1 2023 AGE Interclub Trampoline Championships,,DMT,11-12 Years Female,Qualification,1,,5,TRUE,7,58600,0,99,0,,1,0,Byrne,Grace,Christchurch School of Gymnastics,01/01/0001,,1,19900,2,0,0,E4,100,,,,,,,,,,,,
1565,8050cb81-30bf-47a6-4b0f-a892199e19c8,TCI #1 2023 AGE Interclub Trampoline Championships,,DMT,11-12 Years Female,Qualification,1,,5,TRUE,7,58600,0,99,0,,1,0,Byrne,Grace,Christchurch School of Gymnastics,01/01/0001,,1,19900,2,0,0,E5,100,,,,,,,,,,,,
1566,8050cb81-30bf-47a6-4b0f-a892199e19c8,TCI #1 2023 AGE Interclub Trampoline Championships,,DMT,11-12 Years Female,Qualification,1,,5,TRUE,7,58600,0,99,0,,1,0,Byrne,Grace,Christchurch School of Gymnastics,01/01/0001,,1,19900,2,0,0,E8,100,,,,,,,,,,,,
1567,8050cb81-30bf-47a6-4b0f-a892199e19c8,TCI #1 2023 AGE Interclub Trampoline Championships,,DMT,11-12 Years Female,Qualification,1,,5,TRUE,7,58600,0,99,0,,1,0,Byrne,Grace,Christchurch School of Gymnastics,01/01/0001,,1,19900,2,0,0,E∑,187,5,6,0,0,0,0,0,0,0,0,2,0
1568,8050cb81-30bf-47a6-4b0f-a892199e19c8,TCI #1 2023 AGE Interclub Trampoline Championships,,DMT,11-12 Years Female,Qualification,1,,5,TRUE,7,58600,0,99,0,,1,0,Byrne,Grace,Christchurch School of Gymnastics,01/01/0001,,1,19900,2,0,0,T,0,,,,,,,,,,,,
1569,8050cb81-30bf-47a6-4b0f-a892199e19c8,TCI #1 2023 AGE Interclub Trampoline Championships,,DMT,11-12 Years Female,Qualification,1,,5,TRUE,7,58600,0,99,0,,1,0,Byrne,Grace,Christchurch School of Gymnastics,01/01/0001,,1,19900,2,0,0,D,12,0,,,,,,,,,,,
1570,8050cb81-30bf-47a6-4b0f-a892199e19c8,TCI #1 2023 AGE Interclub Trampoline Championships,,DMT,11-12 Years Female,Qualification,1,,5,TRUE,7,58600,0,99,0,,1,0,Byrne,Grace,Christchurch School of Gymnastics,01/01/0001,,1,19900,2,0,0,H,0,0,0,,,,,,,,,,
1571,8050cb81-30bf-47a6-4b0f-a892199e19c8,TCI #1 2023 AGE Interclub Trampoline Championships,,DMT,11-12 Years Female,Qualification,1,,5,TRUE,7,58600,0,99,0,,1,0,Byrne,Grace,Christchurch School of Gymnastics,01/01/0001,,2,19200,2,0,6,E1,94,3,3,,,,,,,,,0,0
1572,8050cb81-30bf-47a6-4b0f-a892199e19c8,TCI #1 2023 AGE Interclub Trampoline Championships,,DMT,11-12 Years Female,Qualification,1,,5,TRUE,7,58600,0,99,0,,1,0,Byrne,Grace,Christchurch School of Gymnastics,01/01/0001,,2,19200,2,0,6,E2,94,3,3,,,,,,,,,0,0
1573,8050cb81-30bf-47a6-4b0f-a892199e19c8,TCI #1 2023 AGE Interclub Trampoline Championships,,DMT,11-12 Years Female,Qualification,1,,5,TRUE,7,58600,0,99,0,,1,0,Byrne,Grace,Christchurch School of Gymnastics,01/01/0001,,2,19200,2,0,6,E3,96,2,2,,,,,,,,,0,0
1574,8050cb81-30bf-47a6-4b0f-a892199e19c8,TCI #1 2023 AGE Interclub Trampoline Championships,,DMT,11-12 Years Female,Qualification,1,,5,TRUE,7,58600,0,99,0,,1,0,Byrne,Grace,Christchurch School of Gymnastics,01/01/0001,,2,19200,2,0,6,E4,100,,,,,,,,,,,,
1575,8050cb81-30bf-47a6-4b0f-a892199e19c8,TCI #1 2023 AGE Interclub Trampoline Championships,,DMT,11-12 Years Female,Qualification,1,,5,TRUE,7,58600,0,99,0,,1,0,Byrne,Grace,Christchurch School of Gymnastics,01/01/0001,,2,19200,2,0,6,E5,100,,,,,,,,,,,,
1576,8050cb81-30bf-47a6-4b0f-a892199e19c8,TCI #1 2023 AGE Interclub Trampoline Championships,,DMT,11-12 Years Female,Qualification,1,,5,TRUE,7,58600,0,99,0,,1,0,Byrne,Grace,Christchurch School of Gymnastics,01/01/0001,,2,19200,2,0,6,E8,100,,,,,,,,,,,,
1577,8050cb81-30bf-47a6-4b0f-a892199e19c8,TCI #1 2023 AGE Interclub Trampoline Championships,,DMT,11-12 Years Female,Qualification,1,,5,TRUE,7,58600,0,99,0,,1,0,Byrne,Grace,Christchurch School of Gymnastics,01/01/0001,,2,19200,2,0,6,E∑,190,5,5,0,0,0,0,0,0,0,0,0,0
1578,8050cb81-30bf-47a6-4b0f-a892199e19c8,TCI #1 2023 AGE Interclub Trampoline Championships,,DMT,11-12 Years Female,Qualification,1,,5,TRUE,7,58600,0,99,0,,1,0,Byrne,Grace,Christchurch School of Gymnastics,01/01/0001,,2,19200,2,0,6,T,0,,,,,,,,,,,,
1579,8050cb81-30bf-47a6-4b0f-a892199e19c8,TCI #1 2023 AGE Interclub Trampoline Championships,,DMT,11-12 Years Female,Qualification,1,,5,TRUE,7,58600,0,99,0,,1,0,Byrne,Grace,Christchurch School of Gymnastics,01/01/0001,,2,19200,2,0,6,D,8,0,,,,,,,,,,,
1580,8050cb81-30bf-47a6-4b0f-a892199e19c8,TCI #1 2023 AGE Interclub Trampoline Championships,,DMT,11-12 Years Female,Qualification,1,,5,TRUE,7,58600,0,99,0,,1,0,Byrne,Grace,Christchurch School of Gymnastics,01/01/0001,,2,19200,2,0,6,H,0,0,0,,,,,,,,,,
1581,8050cb81-30bf-47a6-4b0f-a892199e19c8,TCI #1 2023 AGE Interclub Trampoline Championships,,DMT,11-12 Years Female,Qualification,1,,5,TRUE,7,58600,0,99,0,,1,0,Byrne,Grace,Christchurch School of Gymnastics,01/01/0001,,3,19500,2,0,0,E1,93,4,3,,,,,,,,,0,0
1582,8050cb81-30bf-47a6-4b0f-a892199e19c8,TCI #1 2023 AGE Interclub Trampoline Championships,,DMT,11-12 Years Female,Qualification,1,,5,TRUE,7,58600,0,99,0,,1,0,Byrne,Grace,Christchurch School of Gymnastics,01/01/0001,,3,19500,2,0,0,E2,93,4,3,,,,,,,,,0,0
1583,8050cb81-30bf-47a6-4b0f-a892199e19c8,TCI #1 2023 AGE Interclub Trampoline Championships,,DMT,11-12 Years Female,Qualification,1,,5,TRUE,7,58600,0,99,0,,1,0,Byrne,Grace,Christchurch School of Gymnastics,01/01/0001,,3,19500,2,0,0,E3,95,2,3,,,,,,,,,0,0
1584,8050cb81-30bf-47a6-4b0f-a892199e19c8,TCI #1 2023 AGE Interclub Trampoline Championships,,DMT,11-12 Years Female,Qualification,1,,5,TRUE,7,58600,0,99,0,,1,0,Byrne,Grace,Christchurch School of Gymnastics,01/01/0001,,3,19500,2,0,0,E4,100,,,,,,,,,,,,
1585,8050cb81-30bf-47a6-4b0f-a892199e19c8,TCI #1 2023 AGE Interclub Trampoline Championships,,DMT,11-12 Years Female,Qualification,1,,5,TRUE,7,58600,0,99,0,,1,0,Byrne,Grace,Christchurch School of Gymnastics,01/01/0001,,3,19500,2,0,0,E5,100,,,,,,,,,,,,
1586,8050cb81-30bf-47a6-4b0f-a892199e19c8,TCI #1 2023 AGE Interclub Trampoline Championships,,DMT,11-12 Years Female,Qualification,1,,5,TRUE,7,58600,0,99,0,,1,0,Byrne,Grace,Christchurch School of Gymnastics,01/01/0001,,3,19500,2,0,0,E8,100,,,,,,,,,,,,
1587,8050cb81-30bf-47a6-4b0f-a892199e19c8,TCI #1 2023 AGE Interclub Trampoline Championships,,DMT,11-12 Years Female,Qualification,1,,5,TRUE,7,58600,0,99,0,,1,0,Byrne,Grace,Christchurch School of Gymnastics,01/01/0001,,3,19500,2,0,0,E∑,188,6,6,0,0,0,0,0,0,0,0,0,0
1588,8050cb81-30bf-47a6-4b0f-a892199e19c8,TCI #1 2023 AGE Interclub Trampoline Championships,,DMT,11-12 Years Female,Qualification,1,,5,TRUE,7,58600,0,99,0,,1,0,Byrne,Grace,Christchurch School of Gymnastics,01/01/0001,,3,19500,2,0,0,T,0,,,,,,,,,,,,
1589,8050cb81-30bf-47a6-4b0f-a892199e19c8,TCI #1 2023 AGE Interclub Trampoline Championships,,DMT,11-12 Years Female,Qualification,1,,5,TRUE,7,58600,0,99,0,,1,0,Byrne,Grace,Christchurch School of Gymnastics,01/01/0001,,3,19500,2,0,0,D,7,0,,,,,,,,,,,
1590,8050cb81-30bf-47a6-4b0f-a892199e19c8,TCI #1 2023 AGE Interclub Trampoline Championships,,DMT,11-12 Years Female,Qualification,1,,5,TRUE,7,58600,0,99,0,,1,0,Byrne,Grace,Christchurch School of Gymnastics,01/01/0001,,3,19500,2,0,0,H,0,0,0,,,,,,,,,,
1591,8050cb81-30bf-47a6-4b0f-a892199e19c8,TCI #1 2023 AGE Interclub Trampoline Championships,,DMT,11-12 Years Female,Qualification,1,,6,TRUE,1,61200,0,99,0,,1,0,Galbraith,Kirah,Christchurch School of Gymnastics,01/01/0001,,1,20700,2,0,0,E1,95,2,3,,,,,,,,,0,0
1592,8050cb81-30bf-47a6-4b0f-a892199e19c8,TCI #1 2023 AGE Interclub Trampoline Championships,,DMT,11-12 Years Female,Qualification,1,,6,TRUE,1,61200,0,99,0,,1,0,Galbraith,Kirah,Christchurch School of Gymnastics,01/01/0001,,1,20700,2,0,0,E2,94,3,3,,,,,,,,,0,0
1593,8050cb81-30bf-47a6-4b0f-a892199e19c8,TCI #1 2023 AGE Interclub Trampoline Championships,,DMT,11-12 Years Female,Qualification,1,,6,TRUE,1,61200,0,99,0,,1,0,Galbraith,Kirah,Christchurch School of Gymnastics,01/01/0001,,1,20700,2,0,0,E3,95,2,3,,,,,,,,,0,0
1594,8050cb81-30bf-47a6-4b0f-a892199e19c8,TCI #1 2023 AGE Interclub Trampoline Championships,,DMT,11-12 Years Female,Qualification,1,,6,TRUE,1,61200,0,99,0,,1,0,Galbraith,Kirah,Christchurch School of Gymnastics,01/01/0001,,1,20700,2,0,0,E4,100,,,,,,,,,,,,
1595,8050cb81-30bf-47a6-4b0f-a892199e19c8,TCI #1 2023 AGE Interclub Trampoline Championships,,DMT,11-12 Years Female,Qualification,1,,6,TRUE,1,61200,0,99,0,,1,0,Galbraith,Kirah,Christchurch School of Gymnastics,01/01/0001,,1,20700,2,0,0,E5,100,,,,,,,,,,,,
1596,8050cb81-30bf-47a6-4b0f-a892199e19c8,TCI #1 2023 AGE Interclub Trampoline Championships,,DMT,11-12 Years Female,Qualification,1,,6,TRUE,1,61200,0,99,0,,1,0,Galbraith,Kirah,Christchurch School of Gymnastics,01/01/0001,,1,20700,2,0,0,E8,100,,,,,,,,,,,,
1597,8050cb81-30bf-47a6-4b0f-a892199e19c8,TCI #1 2023 AGE Interclub Trampoline Championships,,DMT,11-12 Years Female,Qualification,1,,6,TRUE,1,61200,0,99,0,,1,0,Galbraith,Kirah,Christchurch School of Gymnastics,01/01/0001,,1,20700,2,0,0,E∑,190,4,6,0,0,0,0,0,0,0,0,0,0
1598,8050cb81-30bf-47a6-4b0f-a892199e19c8,TCI #1 2023 AGE Interclub Trampoline Championships,,DMT,11-12 Years Female,Qualification,1,,6,TRUE,1,61200,0,99,0,,1,0,Galbraith,Kirah,Christchurch School of Gymnastics,01/01/0001,,1,20700,2,0,0,T,0,,,,,,,,,,,,
1599,8050cb81-30bf-47a6-4b0f-a892199e19c8,TCI #1 2023 AGE Interclub Trampoline Championships,,DMT,11-12 Years Female,Qualification,1,,6,TRUE,1,61200,0,99,0,,1,0,Galbraith,Kirah,Christchurch School of Gymnastics,01/01/0001,,1,20700,2,0,0,D,17,0,,,,,,,,,,,
1600,8050cb81-30bf-47a6-4b0f-a892199e19c8,TCI #1 2023 AGE Interclub Trampoline Championships,,DMT,11-12 Years Female,Qualification,1,,6,TRUE,1,61200,0,99,0,,1,0,Galbraith,Kirah,Christchurch School of Gymnastics,01/01/0001,,1,20700,2,0,0,H,0,0,0,,,,,,,,,,
1601,8050cb81-30bf-47a6-4b0f-a892199e19c8,TCI #1 2023 AGE Interclub Trampoline Championships,,DMT,11-12 Years Female,Qualification,1,,6,TRUE,1,61200,0,99,0,,1,0,Galbraith,Kirah,Christchurch School of Gymnastics,01/01/0001,,2,20400,2,0,0,E1,96,2,2,,,,,,,,,0,0
1602,8050cb81-30bf-47a6-4b0f-a892199e19c8,TCI #1 2023 AGE Interclub Trampoline Championships,,DMT,11-12 Years Female,Qualification,1,,6,TRUE,1,61200,0,99,0,,1,0,Galbraith,Kirah,Christchurch School of Gymnastics,01/01/0001,,2,20400,2,0,0,E2,96,2,2,,,,,,,,,0,0
1603,8050cb81-30bf-47a6-4b0f-a892199e19c8,TCI #1 2023 AGE Interclub Trampoline Championships,,DMT,11-12 Years Female,Qualification,1,,6,TRUE,1,61200,0,99,0,,1,0,Galbraith,Kirah,Christchurch School of Gymnastics,01/01/0001,,2,20400,2,0,0,E3,96,2,2,,,,,,,,,0,0
1604,8050cb81-30bf-47a6-4b0f-a892199e19c8,TCI #1 2023 AGE Interclub Trampoline Championships,,DMT,11-12 Years Female,Qualification,1,,6,TRUE,1,61200,0,99,0,,1,0,Galbraith,Kirah,Christchurch School of Gymnastics,01/01/0001,,2,20400,2,0,0,E4,100,,,,,,,,,,,,
1605,8050cb81-30bf-47a6-4b0f-a892199e19c8,TCI #1 2023 AGE Interclub Trampoline Championships,,DMT,11-12 Years Female,Qualification,1,,6,TRUE,1,61200,0,99,0,,1,0,Galbraith,Kirah,Christchurch School of Gymnastics,01/01/0001,,2,20400,2,0,0,E5,100,,,,,,,,,,,,
1606,8050cb81-30bf-47a6-4b0f-a892199e19c8,TCI #1 2023 AGE Interclub Trampoline Championships,,DMT,11-12 Years Female,Qualification,1,,6,TRUE,1,61200,0,99,0,,1,0,Galbraith,Kirah,Christchurch School of Gymnastics,01/01/0001,,2,20400,2,0,0,E8,100,,,,,,,,,,,,
1607,8050cb81-30bf-47a6-4b0f-a892199e19c8,TCI #1 2023 AGE Interclub Trampoline Championships,,DMT,11-12 Years Female,Qualification,1,,6,TRUE,1,61200,0,99,0,,1,0,Galbraith,Kirah,Christchurch School of Gymnastics,01/01/0001,,2,20400,2,0,0,E∑,192,4,4,0,0,0,0,0,0,0,0,0,0
1608,8050cb81-30bf-47a6-4b0f-a892199e19c8,TCI #1 2023 AGE Interclub Trampoline Championships,,DMT,11-12 Years Female,Qualification,1,,6,TRUE,1,61200,0,99,0,,1,0,Galbraith,Kirah,Christchurch School of Gymnastics,01/01/0001,,2,20400,2,0,0,T,0,,,,,,,,,,,,
1609,8050cb81-30bf-47a6-4b0f-a892199e19c8,TCI #1 2023 AGE Interclub Trampoline Championships,,DMT,11-12 Years Female,Qualification,1,,6,TRUE,1,61200,0,99,0,,1,0,Galbraith,Kirah,Christchurch School of Gymnastics,01/01/0001,,2,20400,2,0,0,D,12,0,,,,,,,,,,,
1610,8050cb81-30bf-47a6-4b0f-a892199e19c8,TCI #1 2023 AGE Interclub Trampoline Championships,,DMT,11-12 Years Female,Qualification,1,,6,TRUE,1,61200,0,99,0,,1,0,Galbraith,Kirah,Christchurch School of Gymnastics,01/01/0001,,2,20400,2,0,0,H,0,0,0,,,,,,,,,,
1611,8050cb81-30bf-47a6-4b0f-a892199e19c8,TCI #1 2023 AGE Interclub Trampoline Championships,,DMT,11-12 Years Female,Qualification,1,,6,TRUE,1,61200,0,99,0,,1,0,Galbraith,Kirah,Christchurch School of Gymnastics,01/01/0001,,3,20100,2,0,0,E1,95,3,2,,,,,,,,,0,0
1612,8050cb81-30bf-47a6-4b0f-a892199e19c8,TCI #1 2023 AGE Interclub Trampoline Championships,,DMT,11-12 Years Female,Qualification,1,,6,TRUE,1,61200,0,99,0,,1,0,Galbraith,Kirah,Christchurch School of Gymnastics,01/01/0001,,3,20100,2,0,0,E2,94,4,2,,,,,,,,,0,0
1613,8050cb81-30bf-47a6-4b0f-a892199e19c8,TCI #1 2023 AGE Interclub Trampoline Championships,,DMT,11-12 Years Female,Qualification,1,,6,TRUE,1,61200,0,99,0,,1,0,Galbraith,Kirah,Christchurch School of Gymnastics,01/01/0001,,3,20100,2,0,0,E3,93,4,3,,,,,,,,,0,0
1614,8050cb81-30bf-47a6-4b0f-a892199e19c8,TCI #1 2023 AGE Interclub Trampoline Championships,,DMT,11-12 Years Female,Qualification,1,,6,TRUE,1,61200,0,99,0,,1,0,Galbraith,Kirah,Christchurch School of Gymnastics,01/01/0001,,3,20100,2,0,0,E4,100,,,,,,,,,,,,
1615,8050cb81-30bf-47a6-4b0f-a892199e19c8,TCI #1 2023 AGE Interclub Trampoline Championships,,DMT,11-12 Years Female,Qualification,1,,6,TRUE,1,61200,0,99,0,,1,0,Galbraith,Kirah,Christchurch School of Gymnastics,01/01/0001,,3,20100,2,0,0,E5,100,,,,,,,,,,,,
1616,8050cb81-30bf-47a6-4b0f-a892199e19c8,TCI #1 2023 AGE Interclub Trampoline Championships,,DMT,11-12 Years Female,Qualification,1,,6,TRUE,1,61200,0,99,0,,1,0,Galbraith,Kirah,Christchurch School of Gymnastics,01/01/0001,,3,20100,2,0,0,E8,100,,,,,,,,,,,,
1617,8050cb81-30bf-47a6-4b0f-a892199e19c8,TCI #1 2023 AGE Interclub Trampoline Championships,,DMT,11-12 Years Female,Qualification,1,,6,TRUE,1,61200,0,99,0,,1,0,Galbraith,Kirah,Christchurch School of Gymnastics,01/01/0001,,3,20100,2,0,0,E∑,189,7,4,0,0,0,0,0,0,0,0,0,0
1618,8050cb81-30bf-47a6-4b0f-a892199e19c8,TCI #1 2023 AGE Interclub Trampoline Championships,,DMT,11-12 Years Female,Qualification,1,,6,TRUE,1,61200,0,99,0,,1,0,Galbraith,Kirah,Christchurch School of Gymnastics,01/01/0001,,3,20100,2,0,0,T,0,,,,,,,,,,,,
1619,8050cb81-30bf-47a6-4b0f-a892199e19c8,TCI #1 2023 AGE Interclub Trampoline Championships,,DMT,11-12 Years Female,Qualification,1,,6,TRUE,1,61200,0,99,0,,1,0,Galbraith,Kirah,Christchurch School of Gymnastics,01/01/0001,,3,20100,2,0,0,D,12,0,,,,,,,,,,,
1620,8050cb81-30bf-47a6-4b0f-a892199e19c8,TCI #1 2023 AGE Interclub Trampoline Championships,,DMT,11-12 Years Female,Qualification,1,,6,TRUE,1,61200,0,99,0,,1,0,Galbraith,Kirah,Christchurch School of Gymnastics,01/01/0001,,3,20100,2,0,0,H,0,0,0,,,,,,,,,,
1621,8050cb81-30bf-47a6-4b0f-a892199e19c8,TCI #1 2023 AGE Interclub Trampoline Championships,,DMT,11-12 Years Female,Qualification,1,,7,TRUE,8,58500,0,99,0,,1,0,Stead,Gemma,Christchurch School of Gymnastics,01/01/0001,,1,20000,2,0,0,E1,94,3,3,,,,,,,,,0,0
1622,8050cb81-30bf-47a6-4b0f-a892199e19c8,TCI #1 2023 AGE Interclub Trampoline Championships,,DMT,11-12 Years Female,Qualification,1,,7,TRUE,8,58500,0,99,0,,1,0,Stead,Gemma,Christchurch School of Gymnastics,01/01/0001,,1,20000,2,0,0,E2,94,3,3,,,,,,,,,0,0
1623,8050cb81-30bf-47a6-4b0f-a892199e19c8,TCI #1 2023 AGE Interclub Trampoline Championships,,DMT,11-12 Years Female,Qualification,1,,7,TRUE,8,58500,0,99,0,,1,0,Stead,Gemma,Christchurch School of Gymnastics,01/01/0001,,1,20000,2,0,0,E3,94,3,3,,,,,,,,,0,0
1624,8050cb81-30bf-47a6-4b0f-a892199e19c8,TCI #1 2023 AGE Interclub Trampoline Championships,,DMT,11-12 Years Female,Qualification,1,,7,TRUE,8,58500,0,99,0,,1,0,Stead,Gemma,Christchurch School of Gymnastics,01/01/0001,,1,20000,2,0,0,E4,100,,,,,,,,,,,,
1625,8050cb81-30bf-47a6-4b0f-a892199e19c8,TCI #1 2023 AGE Interclub Trampoline Championships,,DMT,11-12 Years Female,Qualification,1,,7,TRUE,8,58500,0,99,0,,1,0,Stead,Gemma,Christchurch School of Gymnastics,01/01/0001,,1,20000,2,0,0,E5,100,,,,,,,,,,,,
1626,8050cb81-30bf-47a6-4b0f-a892199e19c8,TCI #1 2023 AGE Interclub Trampoline Championships,,DMT,11-12 Years Female,Qualification,1,,7,TRUE,8,58500,0,99,0,,1,0,Stead,Gemma,Christchurch School of Gymnastics,01/01/0001,,1,20000,2,0,0,E8,100,,,,,,,,,,,,
1627,8050cb81-30bf-47a6-4b0f-a892199e19c8,TCI #1 2023 AGE Interclub Trampoline Championships,,DMT,11-12 Years Female,Qualification,1,,7,TRUE,8,58500,0,99,0,,1,0,Stead,Gemma,Christchurch School of Gymnastics,01/01/0001,,1,20000,2,0,0,E∑,188,6,6,0,0,0,0,0,0,0,0,0,0
1628,8050cb81-30bf-47a6-4b0f-a892199e19c8,TCI #1 2023 AGE Interclub Trampoline Championships,,DMT,11-12 Years Female,Qualification,1,,7,TRUE,8,58500,0,99,0,,1,0,Stead,Gemma,Christchurch School of Gymnastics,01/01/0001,,1,20000,2,0,0,T,0,,,,,,,,,,,,
1629,8050cb81-30bf-47a6-4b0f-a892199e19c8,TCI #1 2023 AGE Interclub Trampoline Championships,,DMT,11-12 Years Female,Qualification,1,,7,TRUE,8,58500,0,99,0,,1,0,Stead,Gemma,Christchurch School of Gymnastics,01/01/0001,,1,20000,2,0,0,D,12,0,,,,,,,,,,,
1630,8050cb81-30bf-47a6-4b0f-a892199e19c8,TCI #1 2023 AGE Interclub Trampoline Championships,,DMT,11-12 Years Female,Qualification,1,,7,TRUE,8,58500,0,99,0,,1,0,Stead,Gemma,Christchurch School of Gymnastics,01/01/0001,,1,20000,2,0,0,H,0,0,0,,,,,,,,,,
1631,8050cb81-30bf-47a6-4b0f-a892199e19c8,TCI #1 2023 AGE Interclub Trampoline Championships,,DMT,11-12 Years Female,Qualification,1,,7,TRUE,8,58500,0,99,0,,1,0,Stead,Gemma,Christchurch School of Gymnastics,01/01/0001,,2,19000,2,0,2,E1,91,3,3,,,,,,,,,3,0
1632,8050cb81-30bf-47a6-4b0f-a892199e19c8,TCI #1 2023 AGE Interclub Trampoline Championships,,DMT,11-12 Years Female,Qualification,1,,7,TRUE,8,58500,0,99,0,,1,0,Stead,Gemma,Christchurch School of Gymnastics,01/01/0001,,2,19000,2,0,2,E2,91,3,3,,,,,,,,,3,0
1633,8050cb81-30bf-47a6-4b0f-a892199e19c8,TCI #1 2023 AGE Interclub Trampoline Championships,,DMT,11-12 Years Female,Qualification,1,,7,TRUE,8,58500,0,99,0,,1,0,Stead,Gemma,Christchurch School of Gymnastics,01/01/0001,,2,19000,2,0,2,E3,92,3,2,,,,,,,,,3,0
1634,8050cb81-30bf-47a6-4b0f-a892199e19c8,TCI #1 2023 AGE Interclub Trampoline Championships,,DMT,11-12 Years Female,Qualification,1,,7,TRUE,8,58500,0,99,0,,1,0,Stead,Gemma,Christchurch School of Gymnastics,01/01/0001,,2,19000,2,0,2,E4,100,,,,,,,,,,,,
1635,8050cb81-30bf-47a6-4b0f-a892199e19c8,TCI #1 2023 AGE Interclub Trampoline Championships,,DMT,11-12 Years Female,Qualification,1,,7,TRUE,8,58500,0,99,0,,1,0,Stead,Gemma,Christchurch School of Gymnastics,01/01/0001,,2,19000,2,0,2,E5,100,,,,,,,,,,,,
1636,8050cb81-30bf-47a6-4b0f-a892199e19c8,TCI #1 2023 AGE Interclub Trampoline Championships,,DMT,11-12 Years Female,Qualification,1,,7,TRUE,8,58500,0,99,0,,1,0,Stead,Gemma,Christchurch School of Gymnastics,01/01/0001,,2,19000,2,0,2,E8,100,,,,,,,,,,,,
1637,8050cb81-30bf-47a6-4b0f-a892199e19c8,TCI #1 2023 AGE Interclub Trampoline Championships,,DMT,11-12 Years Female,Qualification,1,,7,TRUE,8,58500,0,99,0,,1,0,Stead,Gemma,Christchurch School of Gymnastics,01/01/0001,,2,19000,2,0,2,E∑,183,6,5,0,0,0,0,0,0,0,0,6,0
1638,8050cb81-30bf-47a6-4b0f-a892199e19c8,TCI #1 2023 AGE Interclub Trampoline Championships,,DMT,11-12 Years Female,Qualification,1,,7,TRUE,8,58500,0,99,0,,1,0,Stead,Gemma,Christchurch School of Gymnastics,01/01/0001,,2,19000,2,0,2,T,0,,,,,,,,,,,,
1639,8050cb81-30bf-47a6-4b0f-a892199e19c8,TCI #1 2023 AGE Interclub Trampoline Championships,,DMT,11-12 Years Female,Qualification,1,,7,TRUE,8,58500,0,99,0,,1,0,Stead,Gemma,Christchurch School of Gymnastics,01/01/0001,,2,19000,2,0,2,D,9,0,,,,,,,,,,,
1640,8050cb81-30bf-47a6-4b0f-a892199e19c8,TCI #1 2023 AGE Interclub Trampoline Championships,,DMT,11-12 Years Female,Qualification,1,,7,TRUE,8,58500,0,99,0,,1,0,Stead,Gemma,Christchurch School of Gymnastics,01/01/0001,,2,19000,2,0,2,H,0,0,0,,,,,,,,,,
1641,8050cb81-30bf-47a6-4b0f-a892199e19c8,TCI #1 2023 AGE Interclub Trampoline Championships,,DMT,11-12 Years Female,Qualification,1,,7,TRUE,8,58500,0,99,0,,1,0,Stead,Gemma,Christchurch School of Gymnastics,01/01/0001,,3,19500,2,0,2,E1,94,2,2,,,,,,,,,2,0
1642,8050cb81-30bf-47a6-4b0f-a892199e19c8,TCI #1 2023 AGE Interclub Trampoline Championships,,DMT,11-12 Years Female,Qualification,1,,7,TRUE,8,58500,0,99,0,,1,0,Stead,Gemma,Christchurch School of Gymnastics,01/01/0001,,3,19500,2,0,2,E2,95,1,2,,,,,,,,,2,0
1643,8050cb81-30bf-47a6-4b0f-a892199e19c8,TCI #1 2023 AGE Interclub Trampoline Championships,,DMT,11-12 Years Female,Qualification,1,,7,TRUE,8,58500,0,99,0,,1,0,Stead,Gemma,Christchurch School of Gymnastics,01/01/0001,,3,19500,2,0,2,E3,94,2,2,,,,,,,,,2,0
1644,8050cb81-30bf-47a6-4b0f-a892199e19c8,TCI #1 2023 AGE Interclub Trampoline Championships,,DMT,11-12 Years Female,Qualification,1,,7,TRUE,8,58500,0,99,0,,1,0,Stead,Gemma,Christchurch School of Gymnastics,01/01/0001,,3,19500,2,0,2,E4,100,,,,,,,,,,,,
1645,8050cb81-30bf-47a6-4b0f-a892199e19c8,TCI #1 2023 AGE Interclub Trampoline Championships,,DMT,11-12 Years Female,Qualification,1,,7,TRUE,8,58500,0,99,0,,1,0,Stead,Gemma,Christchurch School of Gymnastics,01/01/0001,,3,19500,2,0,2,E5,100,,,,,,,,,,,,
1646,8050cb81-30bf-47a6-4b0f-a892199e19c8,TCI #1 2023 AGE Interclub Trampoline Championships,,DMT,11-12 Years Female,Qualification,1,,7,TRUE,8,58500,0,99,0,,1,0,Stead,Gemma,Christchurch School of Gymnastics,01/01/0001,,3,19500,2,0,2,E8,100,,,,,,,,,,,,
1647,8050cb81-30bf-47a6-4b0f-a892199e19c8,TCI #1 2023 AGE Interclub Trampoline Championships,,DMT,11-12 Years Female,Qualification,1,,7,TRUE,8,58500,0,99,0,,1,0,Stead,Gemma,Christchurch School of Gymnastics,01/01/0001,,3,19500,2,0,2,E∑,189,3,4,0,0,0,0,0,0,0,0,4,0
1648,8050cb81-30bf-47a6-4b0f-a892199e19c8,TCI #1 2023 AGE Interclub Trampoline Championships,,DMT,11-12 Years Female,Qualification,1,,7,TRUE,8,58500,0,99,0,,1,0,Stead,Gemma,Christchurch School of Gymnastics,01/01/0001,,3,19500,2,0,2,T,0,,,,,,,,,,,,
1649,8050cb81-30bf-47a6-4b0f-a892199e19c8,TCI #1 2023 AGE Interclub Trampoline Championships,,DMT,11-12 Years Female,Qualification,1,,7,TRUE,8,58500,0,99,0,,1,0,Stead,Gemma,Christchurch School of Gymnastics,01/01/0001,,3,19500,2,0,2,D,8,0,,,,,,,,,,,
1650,8050cb81-30bf-47a6-4b0f-a892199e19c8,TCI #1 2023 AGE Interclub Trampoline Championships,,DMT,11-12 Years Female,Qualification,1,,7,TRUE,8,58500,0,99,0,,1,0,Stead,Gemma,Christchurch School of Gymnastics,01/01/0001,,3,19500,2,0,2,H,0,0,0,,,,,,,,,,
1651,8050cb81-30bf-47a6-4b0f-a892199e19c8,TCI #1 2023 AGE Interclub Trampoline Championships,,DMT,11-12 Years Female,Qualification,1,,8,TRUE,6,58800,0,99,0,,1,0,Macphail,Tyler,Christchurch School of Gymnastics,01/01/0001,,1,19900,2,0,0,E1,93,3,3,,,,,,,,,1,0
1652,8050cb81-30bf-47a6-4b0f-a892199e19c8,TCI #1 2023 AGE Interclub Trampoline Championships,,DMT,11-12 Years Female,Qualification,1,,8,TRUE,6,58800,0,99,0,,1,0,Macphail,Tyler,Christchurch School of Gymnastics,01/01/0001,,1,19900,2,0,0,E2,93,3,3,,,,,,,,,1,0
1653,8050cb81-30bf-47a6-4b0f-a892199e19c8,TCI #1 2023 AGE Interclub Trampoline Championships,,DMT,11-12 Years Female,Qualification,1,,8,TRUE,6,58800,0,99,0,,1,0,Macphail,Tyler,Christchurch School of Gymnastics,01/01/0001,,1,19900,2,0,0,E3,94,3,3,,,,,,,,,0,0
1654,8050cb81-30bf-47a6-4b0f-a892199e19c8,TCI #1 2023 AGE Interclub Trampoline Championships,,DMT,11-12 Years Female,Qualification,1,,8,TRUE,6,58800,0,99,0,,1,0,Macphail,Tyler,Christchurch School of Gymnastics,01/01/0001,,1,19900,2,0,0,E4,100,,,,,,,,,,,,
1655,8050cb81-30bf-47a6-4b0f-a892199e19c8,TCI #1 2023 AGE Interclub Trampoline Championships,,DMT,11-12 Years Female,Qualification,1,,8,TRUE,6,58800,0,99,0,,1,0,Macphail,Tyler,Christchurch School of Gymnastics,01/01/0001,,1,19900,2,0,0,E5,100,,,,,,,,,,,,
1656,8050cb81-30bf-47a6-4b0f-a892199e19c8,TCI #1 2023 AGE Interclub Trampoline Championships,,DMT,11-12 Years Female,Qualification,1,,8,TRUE,6,58800,0,99,0,,1,0,Macphail,Tyler,Christchurch School of Gymnastics,01/01/0001,,1,19900,2,0,0,E8,100,,,,,,,,,,,,
1657,8050cb81-30bf-47a6-4b0f-a892199e19c8,TCI #1 2023 AGE Interclub Trampoline Championships,,DMT,11-12 Years Female,Qualification,1,,8,TRUE,6,58800,0,99,0,,1,0,Macphail,Tyler,Christchurch School of Gymnastics,01/01/0001,,1,19900,2,0,0,E∑,187,6,6,0,0,0,0,0,0,0,0,1,0
1658,8050cb81-30bf-47a6-4b0f-a892199e19c8,TCI #1 2023 AGE Interclub Trampoline Championships,,DMT,11-12 Years Female,Qualification,1,,8,TRUE,6,58800,0,99,0,,1,0,Macphail,Tyler,Christchurch School of Gymnastics,01/01/0001,,1,19900,2,0,0,T,0,,,,,,,,,,,,
1659,8050cb81-30bf-47a6-4b0f-a892199e19c8,TCI #1 2023 AGE Interclub Trampoline Championships,,DMT,11-12 Years Female,Qualification,1,,8,TRUE,6,58800,0,99,0,,1,0,Macphail,Tyler,Christchurch School of Gymnastics,01/01/0001,,1,19900,2,0,0,D,12,0,,,,,,,,,,,
1660,8050cb81-30bf-47a6-4b0f-a892199e19c8,TCI #1 2023 AGE Interclub Trampoline Championships,,DMT,11-12 Years Female,Qualification,1,,8,TRUE,6,58800,0,99,0,,1,0,Macphail,Tyler,Christchurch School of Gymnastics,01/01/0001,,1,19900,2,0,0,H,0,0,0,,,,,,,,,,
1661,8050cb81-30bf-47a6-4b0f-a892199e19c8,TCI #1 2023 AGE Interclub Trampoline Championships,,DMT,11-12 Years Female,Qualification,1,,8,TRUE,6,58800,0,99,0,,1,0,Macphail,Tyler,Christchurch School of Gymnastics,01/01/0001,,2,19600,2,0,0,E1,93,3,3,,,,,,,,,1,0
1662,8050cb81-30bf-47a6-4b0f-a892199e19c8,TCI #1 2023 AGE Interclub Trampoline Championships,,DMT,11-12 Years Female,Qualification,1,,8,TRUE,6,58800,0,99,0,,1,0,Macphail,Tyler,Christchurch School of Gymnastics,01/01/0001,,2,19600,2,0,0,E2,93,3,3,,,,,,,,,1,0
1663,8050cb81-30bf-47a6-4b0f-a892199e19c8,TCI #1 2023 AGE Interclub Trampoline Championships,,DMT,11-12 Years Female,Qualification,1,,8,TRUE,6,58800,0,99,0,,1,0,Macphail,Tyler,Christchurch School of Gymnastics,01/01/0001,,2,19600,2,0,0,E3,94,2,3,,,,,,,,,1,0
1664,8050cb81-30bf-47a6-4b0f-a892199e19c8,TCI #1 2023 AGE Interclub Trampoline Championships,,DMT,11-12 Years Female,Qualification,1,,8,TRUE,6,58800,0,99,0,,1,0,Macphail,Tyler,Christchurch School of Gymnastics,01/01/0001,,2,19600,2,0,0,E4,100,,,,,,,,,,,,
1665,8050cb81-30bf-47a6-4b0f-a892199e19c8,TCI #1 2023 AGE Interclub Trampoline Championships,,DMT,11-12 Years Female,Qualification,1,,8,TRUE,6,58800,0,99,0,,1,0,Macphail,Tyler,Christchurch School of Gymnastics,01/01/0001,,2,19600,2,0,0,E5,100,,,,,,,,,,,,
1666,8050cb81-30bf-47a6-4b0f-a892199e19c8,TCI #1 2023 AGE Interclub Trampoline Championships,,DMT,11-12 Years Female,Qualification,1,,8,TRUE,6,58800,0,99,0,,1,0,Macphail,Tyler,Christchurch School of Gymnastics,01/01/0001,,2,19600,2,0,0,E8,100,,,,,,,,,,,,
1667,8050cb81-30bf-47a6-4b0f-a892199e19c8,TCI #1 2023 AGE Interclub Trampoline Championships,,DMT,11-12 Years Female,Qualification,1,,8,TRUE,6,58800,0,99,0,,1,0,Macphail,Tyler,Christchurch School of Gymnastics,01/01/0001,,2,19600,2,0,0,E∑,187,5,6,0,0,0,0,0,0,0,0,2,0
1668,8050cb81-30bf-47a6-4b0f-a892199e19c8,TCI #1 2023 AGE Interclub Trampoline Championships,,DMT,11-12 Years Female,Qualification,1,,8,TRUE,6,58800,0,99,0,,1,0,Macphail,Tyler,Christchurch School of Gymnastics,01/01/0001,,2,19600,2,0,0,T,0,,,,,,,,,,,,
1669,8050cb81-30bf-47a6-4b0f-a892199e19c8,TCI #1 2023 AGE Interclub Trampoline Championships,,DMT,11-12 Years Female,Qualification,1,,8,TRUE,6,58800,0,99,0,,1,0,Macphail,Tyler,Christchurch School of Gymnastics,01/01/0001,,2,19600,2,0,0,D,9,0,,,,,,,,,,,
1670,8050cb81-30bf-47a6-4b0f-a892199e19c8,TCI #1 2023 AGE Interclub Trampoline Championships,,DMT,11-12 Years Female,Qualification,1,,8,TRUE,6,58800,0,99,0,,1,0,Macphail,Tyler,Christchurch School of Gymnastics,01/01/0001,,2,19600,2,0,0,H,0,0,0,,,,,,,,,,
1671,8050cb81-30bf-47a6-4b0f-a892199e19c8,TCI #1 2023 AGE Interclub Trampoline Championships,,DMT,11-12 Years Female,Qualification,1,,8,TRUE,6,58800,0,99,0,,1,0,Macphail,Tyler,Christchurch School of Gymnastics,01/01/0001,,3,19300,2,0,6,E1,95,2,2,,,,,,,,,1,0
1672,8050cb81-30bf-47a6-4b0f-a892199e19c8,TCI #1 2023 AGE Interclub Trampoline Championships,,DMT,11-12 Years Female,Qualification,1,,8,TRUE,6,58800,0,99,0,,1,0,Macphail,Tyler,Christchurch School of Gymnastics,01/01/0001,,3,19300,2,0,6,E2,95,2,2,,,,,,,,,1,0
1673,8050cb81-30bf-47a6-4b0f-a892199e19c8,TCI #1 2023 AGE Interclub Trampoline Championships,,DMT,11-12 Years Female,Qualification,1,,8,TRUE,6,58800,0,99,0,,1,0,Macphail,Tyler,Christchurch School of Gymnastics,01/01/0001,,3,19300,2,0,6,E3,96,1,2,,,,,,,,,1,0
1674,8050cb81-30bf-47a6-4b0f-a892199e19c8,TCI #1 2023 AGE Interclub Trampoline Championships,,DMT,11-12 Years Female,Qualification,1,,8,TRUE,6,58800,0,99,0,,1,0,Macphail,Tyler,Christchurch School of Gymnastics,01/01/0001,,3,19300,2,0,6,E4,100,,,,,,,,,,,,
1675,8050cb81-30bf-47a6-4b0f-a892199e19c8,TCI #1 2023 AGE Interclub Trampoline Championships,,DMT,11-12 Years Female,Qualification,1,,8,TRUE,6,58800,0,99,0,,1,0,Macphail,Tyler,Christchurch School of Gymnastics,01/01/0001,,3,19300,2,0,6,E5,100,,,,,,,,,,,,
1676,8050cb81-30bf-47a6-4b0f-a892199e19c8,TCI #1 2023 AGE Interclub Trampoline Championships,,DMT,11-12 Years Female,Qualification,1,,8,TRUE,6,58800,0,99,0,,1,0,Macphail,Tyler,Christchurch School of Gymnastics,01/01/0001,,3,19300,2,0,6,E8,100,,,,,,,,,,,,
1677,8050cb81-30bf-47a6-4b0f-a892199e19c8,TCI #1 2023 AGE Interclub Trampoline Championships,,DMT,11-12 Years Female,Qualification,1,,8,TRUE,6,58800,0,99,0,,1,0,Macphail,Tyler,Christchurch School of Gymnastics,01/01/0001,,3,19300,2,0,6,E∑,191,3,4,0,0,0,0,0,0,0,0,2,0
1678,8050cb81-30bf-47a6-4b0f-a892199e19c8,TCI #1 2023 AGE Interclub Trampoline Championships,,DMT,11-12 Years Female,Qualification,1,,8,TRUE,6,58800,0,99,0,,1,0,Macphail,Tyler,Christchurch School of Gymnastics,01/01/0001,,3,19300,2,0,6,T,0,,,,,,,,,,,,
1679,8050cb81-30bf-47a6-4b0f-a892199e19c8,TCI #1 2023 AGE Interclub Trampoline Championships,,DMT,11-12 Years Female,Qualification,1,,8,TRUE,6,58800,0,99,0,,1,0,Macphail,Tyler,Christchurch School of Gymnastics,01/01/0001,,3,19300,2,0,6,D,8,0,,,,,,,,,,,
1680,8050cb81-30bf-47a6-4b0f-a892199e19c8,TCI #1 2023 AGE Interclub Trampoline Championships,,DMT,11-12 Years Female,Qualification,1,,8,TRUE,6,58800,0,99,0,,1,0,Macphail,Tyler,Christchurch School of Gymnastics,01/01/0001,,3,19300,2,0,6,H,0,0,0,,,,,,,,,,
1681,8050cb81-30bf-47a6-4b0f-a892199e19c8,TCI #1 2023 AGE Interclub Trampoline Championships,,DMT,11-12 Years Female,Qualification,1,,9,TRUE,9,58100,0,99,0,,1,0,Newman,Arlette,ICE Gymsports North Canterbury,01/01/0001,,1,19000,2,0,6,E1,93,2,3,,,,,,,,,2,0
1682,8050cb81-30bf-47a6-4b0f-a892199e19c8,TCI #1 2023 AGE Interclub Trampoline Championships,,DMT,11-12 Years Female,Qualification,1,,9,TRUE,9,58100,0,99,0,,1,0,Newman,Arlette,ICE Gymsports North Canterbury,01/01/0001,,1,19000,2,0,6,E2,94,0,3,,,,,,,,,3,0
1683,8050cb81-30bf-47a6-4b0f-a892199e19c8,TCI #1 2023 AGE Interclub Trampoline Championships,,DMT,11-12 Years Female,Qualification,1,,9,TRUE,9,58100,0,99,0,,1,0,Newman,Arlette,ICE Gymsports North Canterbury,01/01/0001,,1,19000,2,0,6,E3,94,0,3,,,,,,,,,3,0
1684,8050cb81-30bf-47a6-4b0f-a892199e19c8,TCI #1 2023 AGE Interclub Trampoline Championships,,DMT,11-12 Years Female,Qualification,1,,9,TRUE,9,58100,0,99,0,,1,0,Newman,Arlette,ICE Gymsports North Canterbury,01/01/0001,,1,19000,2,0,6,E4,100,,,,,,,,,,,,
1685,8050cb81-30bf-47a6-4b0f-a892199e19c8,TCI #1 2023 AGE Interclub Trampoline Championships,,DMT,11-12 Years Female,Qualification,1,,9,TRUE,9,58100,0,99,0,,1,0,Newman,Arlette,ICE Gymsports North Canterbury,01/01/0001,,1,19000,2,0,6,E5,100,,,,,,,,,,,,
1686,8050cb81-30bf-47a6-4b0f-a892199e19c8,TCI #1 2023 AGE Interclub Trampoline Championships,,DMT,11-12 Years Female,Qualification,1,,9,TRUE,9,58100,0,99,0,,1,0,Newman,Arlette,ICE Gymsports North Canterbury,01/01/0001,,1,19000,2,0,6,E8,100,,,,,,,,,,,,
1687,8050cb81-30bf-47a6-4b0f-a892199e19c8,TCI #1 2023 AGE Interclub Trampoline Championships,,DMT,11-12 Years Female,Qualification,1,,9,TRUE,9,58100,0,99,0,,1,0,Newman,Arlette,ICE Gymsports North Canterbury,01/01/0001,,1,19000,2,0,6,E∑,189,0,6,0,0,0,0,0,0,0,0,5,0
1688,8050cb81-30bf-47a6-4b0f-a892199e19c8,TCI #1 2023 AGE Interclub Trampoline Championships,,DMT,11-12 Years Female,Qualification,1,,9,TRUE,9,58100,0,99,0,,1,0,Newman,Arlette,ICE Gymsports North Canterbury,01/01/0001,,1,19000,2,0,6,T,0,,,,,,,,,,,,
1689,8050cb81-30bf-47a6-4b0f-a892199e19c8,TCI #1 2023 AGE Interclub Trampoline Championships,,DMT,11-12 Years Female,Qualification,1,,9,TRUE,9,58100,0,99,0,,1,0,Newman,Arlette,ICE Gymsports North Canterbury,01/01/0001,,1,19000,2,0,6,D,7,0,,,,,,,,,,,
1690,8050cb81-30bf-47a6-4b0f-a892199e19c8,TCI #1 2023 AGE Interclub Trampoline Championships,,DMT,11-12 Years Female,Qualification,1,,9,TRUE,9,58100,0,99,0,,1,0,Newman,Arlette,ICE Gymsports North Canterbury,01/01/0001,,1,19000,2,0,6,H,0,0,0,,,,,,,,,,
1691,8050cb81-30bf-47a6-4b0f-a892199e19c8,TCI #1 2023 AGE Interclub Trampoline Championships,,DMT,11-12 Years Female,Qualification,1,,9,TRUE,9,58100,0,99,0,,1,0,Newman,Arlette,ICE Gymsports North Canterbury,01/01/0001,,2,19300,2,0,0,E1,92,3,3,,,,,,,,,2,0
1692,8050cb81-30bf-47a6-4b0f-a892199e19c8,TCI #1 2023 AGE Interclub Trampoline Championships,,DMT,11-12 Years Female,Qualification,1,,9,TRUE,9,58100,0,99,0,,1,0,Newman,Arlette,ICE Gymsports North Canterbury,01/01/0001,,2,19300,2,0,0,E2,92,3,3,,,,,,,,,2,0
1693,8050cb81-30bf-47a6-4b0f-a892199e19c8,TCI #1 2023 AGE Interclub Trampoline Championships,,DMT,11-12 Years Female,Qualification,1,,9,TRUE,9,58100,0,99,0,,1,0,Newman,Arlette,ICE Gymsports North Canterbury,01/01/0001,,2,19300,2,0,0,E3,92,2,3,,,,,,,,,3,0
1694,8050cb81-30bf-47a6-4b0f-a892199e19c8,TCI #1 2023 AGE Interclub Trampoline Championships,,DMT,11-12 Years Female,Qualification,1,,9,TRUE,9,58100,0,99,0,,1,0,Newman,Arlette,ICE Gymsports North Canterbury,01/01/0001,,2,19300,2,0,0,E4,100,,,,,,,,,,,,
1695,8050cb81-30bf-47a6-4b0f-a892199e19c8,TCI #1 2023 AGE Interclub Trampoline Championships,,DMT,11-12 Years Female,Qualification,1,,9,TRUE,9,58100,0,99,0,,1,0,Newman,Arlette,ICE Gymsports North Canterbury,01/01/0001,,2,19300,2,0,0,E5,100,,,,,,,,,,,,
1696,8050cb81-30bf-47a6-4b0f-a892199e19c8,TCI #1 2023 AGE Interclub Trampoline Championships,,DMT,11-12 Years Female,Qualification,1,,9,TRUE,9,58100,0,99,0,,1,0,Newman,Arlette,ICE Gymsports North Canterbury,01/01/0001,,2,19300,2,0,0,E8,100,,,,,,,,,,,,
1697,8050cb81-30bf-47a6-4b0f-a892199e19c8,TCI #1 2023 AGE Interclub Trampoline Championships,,DMT,11-12 Years Female,Qualification,1,,9,TRUE,9,58100,0,99,0,,1,0,Newman,Arlette,ICE Gymsports North Canterbury,01/01/0001,,2,19300,2,0,0,E∑,185,5,6,0,0,0,0,0,0,0,0,4,0
1698,8050cb81-30bf-47a6-4b0f-a892199e19c8,TCI #1 2023 AGE Interclub Trampoline Championships,,DMT,11-12 Years Female,Qualification,1,,9,TRUE,9,58100,0,99,0,,1,0,Newman,Arlette,ICE Gymsports North Canterbury,01/01/0001,,2,19300,2,0,0,T,0,,,,,,,,,,,,
1699,8050cb81-30bf-47a6-4b0f-a892199e19c8,TCI #1 2023 AGE Interclub Trampoline Championships,,DMT,11-12 Years Female,Qualification,1,,9,TRUE,9,58100,0,99,0,,1,0,Newman,Arlette,ICE Gymsports North Canterbury,01/01/0001,,2,19300,2,0,0,D,8,0,,,,,,,,,,,
1700,8050cb81-30bf-47a6-4b0f-a892199e19c8,TCI #1 2023 AGE Interclub Trampoline Championships,,DMT,11-12 Years Female,Qualification,1,,9,TRUE,9,58100,0,99,0,,1,0,Newman,Arlette,ICE Gymsports North Canterbury,01/01/0001,,2,19300,2,0,0,H,0,0,0,,,,,,,,,,
1701,8050cb81-30bf-47a6-4b0f-a892199e19c8,TCI #1 2023 AGE Interclub Trampoline Championships,,DMT,11-12 Years Female,Qualification,1,,9,TRUE,9,58100,0,99,0,,1,0,Newman,Arlette,ICE Gymsports North Canterbury,01/01/0001,,3,19800,2,0,0,E1,97,1,1,,,,,,,,,1,0
1702,8050cb81-30bf-47a6-4b0f-a892199e19c8,TCI #1 2023 AGE Interclub Trampoline Championships,,DMT,11-12 Years Female,Qualification,1,,9,TRUE,9,58100,0,99,0,,1,0,Newman,Arlette,ICE Gymsports North Canterbury,01/01/0001,,3,19800,2,0,0,E2,98,0,0,,,,,,,,,2,0
1703,8050cb81-30bf-47a6-4b0f-a892199e19c8,TCI #1 2023 AGE Interclub Trampoline Championships,,DMT,11-12 Years Female,Qualification,1,,9,TRUE,9,58100,0,99,0,,1,0,Newman,Arlette,ICE Gymsports North Canterbury,01/01/0001,,3,19800,2,0,0,E3,99,0,0,,,,,,,,,1,0
1704,8050cb81-30bf-47a6-4b0f-a892199e19c8,TCI #1 2023 AGE Interclub Trampoline Championships,,DMT,11-12 Years Female,Qualification,1,,9,TRUE,9,58100,0,99,0,,1,0,Newman,Arlette,ICE Gymsports North Canterbury,01/01/0001,,3,19800,2,0,0,E4,100,,,,,,,,,,,,
1705,8050cb81-30bf-47a6-4b0f-a892199e19c8,TCI #1 2023 AGE Interclub Trampoline Championships,,DMT,11-12 Years Female,Qualification,1,,9,TRUE,9,58100,0,99,0,,1,0,Newman,Arlette,ICE Gymsports North Canterbury,01/01/0001,,3,19800,2,0,0,E5,100,,,,,,,,,,,,
1706,8050cb81-30bf-47a6-4b0f-a892199e19c8,TCI #1 2023 AGE Interclub Trampoline Championships,,DMT,11-12 Years Female,Qualification,1,,9,TRUE,9,58100,0,99,0,,1,0,Newman,Arlette,ICE Gymsports North Canterbury,01/01/0001,,3,19800,2,0,0,E8,100,,,,,,,,,,,,
1707,8050cb81-30bf-47a6-4b0f-a892199e19c8,TCI #1 2023 AGE Interclub Trampoline Championships,,DMT,11-12 Years Female,Qualification,1,,9,TRUE,9,58100,0,99,0,,1,0,Newman,Arlette,ICE Gymsports North Canterbury,01/01/0001,,3,19800,2,0,0,E∑,198,0,0,0,0,0,0,0,0,0,0,2,0
1708,8050cb81-30bf-47a6-4b0f-a892199e19c8,TCI #1 2023 AGE Interclub Trampoline Championships,,DMT,11-12 Years Female,Qualification,1,,9,TRUE,9,58100,0,99,0,,1,0,Newman,Arlette,ICE Gymsports North Canterbury,01/01/0001,,3,19800,2,0,0,T,0,,,,,,,,,,,,
1709,8050cb81-30bf-47a6-4b0f-a892199e19c8,TCI #1 2023 AGE Interclub Trampoline Championships,,DMT,11-12 Years Female,Qualification,1,,9,TRUE,9,58100,0,99,0,,1,0,Newman,Arlette,ICE Gymsports North Canterbury,01/01/0001,,3,19800,2,0,0,D,0,0,,,,,,,,,,,
1710,8050cb81-30bf-47a6-4b0f-a892199e19c8,TCI #1 2023 AGE Interclub Trampoline Championships,,DMT,11-12 Years Female,Qualification,1,,9,TRUE,9,58100,0,99,0,,1,0,Newman,Arlette,ICE Gymsports North Canterbury,01/01/0001,,3,19800,2,0,0,H,0,0,0,,,,,,,,,,
1711,8050cb81-30bf-47a6-4b0f-a892199e19c8,TCI #1 2023 AGE Interclub Trampoline Championships,,DMT,13-14 Years Male,Qualification,1,,1,TRUE,1,61900,0,99,0,,1,0,Smith,Finley,Olympia Gymnastic Sports,01/01/0001,,1,20100,2,0,6,E1,96,2,2,,,,,,,,,0,0
1712,8050cb81-30bf-47a6-4b0f-a892199e19c8,TCI #1 2023 AGE Interclub Trampoline Championships,,DMT,13-14 Years Male,Qualification,1,,1,TRUE,1,61900,0,99,0,,1,0,Smith,Finley,Olympia Gymnastic Sports,01/01/0001,,1,20100,2,0,6,E2,98,1,1,,,,,,,,,0,0
1713,8050cb81-30bf-47a6-4b0f-a892199e19c8,TCI #1 2023 AGE Interclub Trampoline Championships,,DMT,13-14 Years Male,Qualification,1,,1,TRUE,1,61900,0,99,0,,1,0,Smith,Finley,Olympia Gymnastic Sports,01/01/0001,,1,20100,2,0,6,E3,97,2,1,,,,,,,,,0,0
1714,8050cb81-30bf-47a6-4b0f-a892199e19c8,TCI #1 2023 AGE Interclub Trampoline Championships,,DMT,13-14 Years Male,Qualification,1,,1,TRUE,1,61900,0,99,0,,1,0,Smith,Finley,Olympia Gymnastic Sports,01/01/0001,,1,20100,2,0,6,E4,100,,,,,,,,,,,,
1715,8050cb81-30bf-47a6-4b0f-a892199e19c8,TCI #1 2023 AGE Interclub Trampoline Championships,,DMT,13-14 Years Male,Qualification,1,,1,TRUE,1,61900,0,99,0,,1,0,Smith,Finley,Olympia Gymnastic Sports,01/01/0001,,1,20100,2,0,6,E5,100,,,,,,,,,,,,
1716,8050cb81-30bf-47a6-4b0f-a892199e19c8,TCI #1 2023 AGE Interclub Trampoline Championships,,DMT,13-14 Years Male,Qualification,1,,1,TRUE,1,61900,0,99,0,,1,0,Smith,Finley,Olympia Gymnastic Sports,01/01/0001,,1,20100,2,0,6,E8,100,,,,,,,,,,,,
1717,8050cb81-30bf-47a6-4b0f-a892199e19c8,TCI #1 2023 AGE Interclub Trampoline Championships,,DMT,13-14 Years Male,Qualification,1,,1,TRUE,1,61900,0,99,0,,1,0,Smith,Finley,Olympia Gymnastic Sports,01/01/0001,,1,20100,2,0,6,E∑,195,3,2,0,0,0,0,0,0,0,0,0,0
1718,8050cb81-30bf-47a6-4b0f-a892199e19c8,TCI #1 2023 AGE Interclub Trampoline Championships,,DMT,13-14 Years Male,Qualification,1,,1,TRUE,1,61900,0,99,0,,1,0,Smith,Finley,Olympia Gymnastic Sports,01/01/0001,,1,20100,2,0,6,T,0,,,,,,,,,,,,
1719,8050cb81-30bf-47a6-4b0f-a892199e19c8,TCI #1 2023 AGE Interclub Trampoline Championships,,DMT,13-14 Years Male,Qualification,1,,1,TRUE,1,61900,0,99,0,,1,0,Smith,Finley,Olympia Gymnastic Sports,01/01/0001,,1,20100,2,0,6,D,12,0,,,,,,,,,,,
1720,8050cb81-30bf-47a6-4b0f-a892199e19c8,TCI #1 2023 AGE Interclub Trampoline Championships,,DMT,13-14 Years Male,Qualification,1,,1,TRUE,1,61900,0,99,0,,1,0,Smith,Finley,Olympia Gymnastic Sports,01/01/0001,,1,20100,2,0,6,H,0,0,0,,,,,,,,,,
1721,8050cb81-30bf-47a6-4b0f-a892199e19c8,TCI #1 2023 AGE Interclub Trampoline Championships,,DMT,13-14 Years Male,Qualification,1,,1,TRUE,1,61900,0,99,0,,1,0,Smith,Finley,Olympia Gymnastic Sports,01/01/0001,,2,20900,2,0,0,E1,96,2,2,,,,,,,,,0,0
1722,8050cb81-30bf-47a6-4b0f-a892199e19c8,TCI #1 2023 AGE Interclub Trampoline Championships,,DMT,13-14 Years Male,Qualification,1,,1,TRUE,1,61900,0,99,0,,1,0,Smith,Finley,Olympia Gymnastic Sports,01/01/0001,,2,20900,2,0,0,E2,98,1,1,,,,,,,,,0,0
1723,8050cb81-30bf-47a6-4b0f-a892199e19c8,TCI #1 2023 AGE Interclub Trampoline Championships,,DMT,13-14 Years Male,Qualification,1,,1,TRUE,1,61900,0,99,0,,1,0,Smith,Finley,Olympia Gymnastic Sports,01/01/0001,,2,20900,2,0,0,E3,97,1,1,,,,,,,,,1,0
1724,8050cb81-30bf-47a6-4b0f-a892199e19c8,TCI #1 2023 AGE Interclub Trampoline Championships,,DMT,13-14 Years Male,Qualification,1,,1,TRUE,1,61900,0,99,0,,1,0,Smith,Finley,Olympia Gymnastic Sports,01/01/0001,,2,20900,2,0,0,E4,100,,,,,,,,,,,,
1725,8050cb81-30bf-47a6-4b0f-a892199e19c8,TCI #1 2023 AGE Interclub Trampoline Championships,,DMT,13-14 Years Male,Qualification,1,,1,TRUE,1,61900,0,99,0,,1,0,Smith,Finley,Olympia Gymnastic Sports,01/01/0001,,2,20900,2,0,0,E5,100,,,,,,,,,,,,
1726,8050cb81-30bf-47a6-4b0f-a892199e19c8,TCI #1 2023 AGE Interclub Trampoline Championships,,DMT,13-14 Years Male,Qualification,1,,1,TRUE,1,61900,0,99,0,,1,0,Smith,Finley,Olympia Gymnastic Sports,01/01/0001,,2,20900,2,0,0,E8,100,,,,,,,,,,,,
1727,8050cb81-30bf-47a6-4b0f-a892199e19c8,TCI #1 2023 AGE Interclub Trampoline Championships,,DMT,13-14 Years Male,Qualification,1,,1,TRUE,1,61900,0,99,0,,1,0,Smith,Finley,Olympia Gymnastic Sports,01/01/0001,,2,20900,2,0,0,E∑,196,2,2,0,0,0,0,0,0,0,0,0,0
1728,8050cb81-30bf-47a6-4b0f-a892199e19c8,TCI #1 2023 AGE Interclub Trampoline Championships,,DMT,13-14 Years Male,Qualification,1,,1,TRUE,1,61900,0,99,0,,1,0,Smith,Finley,Olympia Gymnastic Sports,01/01/0001,,2,20900,2,0,0,T,0,,,,,,,,,,,,
1729,8050cb81-30bf-47a6-4b0f-a892199e19c8,TCI #1 2023 AGE Interclub Trampoline Championships,,DMT,13-14 Years Male,Qualification,1,,1,TRUE,1,61900,0,99,0,,1,0,Smith,Finley,Olympia Gymnastic Sports,01/01/0001,,2,20900,2,0,0,D,13,0,,,,,,,,,,,
1730,8050cb81-30bf-47a6-4b0f-a892199e19c8,TCI #1 2023 AGE Interclub Trampoline Championships,,DMT,13-14 Years Male,Qualification,1,,1,TRUE,1,61900,0,99,0,,1,0,Smith,Finley,Olympia Gymnastic Sports,01/01/0001,,2,20900,2,0,0,H,0,0,0,,,,,,,,,,
1731,8050cb81-30bf-47a6-4b0f-a892199e19c8,TCI #1 2023 AGE Interclub Trampoline Championships,,DMT,13-14 Years Male,Qualification,1,,1,TRUE,1,61900,0,99,0,,1,0,Smith,Finley,Olympia Gymnastic Sports,01/01/0001,,3,20900,2,0,0,E1,97,1,2,,,,,,,,,0,0
1732,8050cb81-30bf-47a6-4b0f-a892199e19c8,TCI #1 2023 AGE Interclub Trampoline Championships,,DMT,13-14 Years Male,Qualification,1,,1,TRUE,1,61900,0,99,0,,1,0,Smith,Finley,Olympia Gymnastic Sports,01/01/0001,,3,20900,2,0,0,E2,98,1,1,,,,,,,,,0,0
1733,8050cb81-30bf-47a6-4b0f-a892199e19c8,TCI #1 2023 AGE Interclub Trampoline Championships,,DMT,13-14 Years Male,Qualification,1,,1,TRUE,1,61900,0,99,0,,1,0,Smith,Finley,Olympia Gymnastic Sports,01/01/0001,,3,20900,2,0,0,E3,97,1,1,,,,,,,,,1,0
1734,8050cb81-30bf-47a6-4b0f-a892199e19c8,TCI #1 2023 AGE Interclub Trampoline Championships,,DMT,13-14 Years Male,Qualification,1,,1,TRUE,1,61900,0,99,0,,1,0,Smith,Finley,Olympia Gymnastic Sports,01/01/0001,,3,20900,2,0,0,E4,100,,,,,,,,,,,,
1735,8050cb81-30bf-47a6-4b0f-a892199e19c8,TCI #1 2023 AGE Interclub Trampoline Championships,,DMT,13-14 Years Male,Qualification,1,,1,TRUE,1,61900,0,99,0,,1,0,Smith,Finley,Olympia Gymnastic Sports,01/01/0001,,3,20900,2,0,0,E5,100,,,,,,,,,,,,
1736,8050cb81-30bf-47a6-4b0f-a892199e19c8,TCI #1 2023 AGE Interclub Trampoline Championships,,DMT,13-14 Years Male,Qualification,1,,1,TRUE,1,61900,0,99,0,,1,0,Smith,Finley,Olympia Gymnastic Sports,01/01/0001,,3,20900,2,0,0,E8,100,,,,,,,,,,,,
1737,8050cb81-30bf-47a6-4b0f-a892199e19c8,TCI #1 2023 AGE Interclub Trampoline Championships,,DMT,13-14 Years Male,Qualification,1,,1,TRUE,1,61900,0,99,0,,1,0,Smith,Finley,Olympia Gymnastic Sports,01/01/0001,,3,20900,2,0,0,E∑,196,2,2,0,0,0,0,0,0,0,0,0,0
1738,8050cb81-30bf-47a6-4b0f-a892199e19c8,TCI #1 2023 AGE Interclub Trampoline Championships,,DMT,13-14 Years Male,Qualification,1,,1,TRUE,1,61900,0,99,0,,1,0,Smith,Finley,Olympia Gymnastic Sports,01/01/0001,,3,20900,2,0,0,T,0,,,,,,,,,,,,
1739,8050cb81-30bf-47a6-4b0f-a892199e19c8,TCI #1 2023 AGE Interclub Trampoline Championships,,DMT,13-14 Years Male,Qualification,1,,1,TRUE,1,61900,0,99,0,,1,0,Smith,Finley,Olympia Gymnastic Sports,01/01/0001,,3,20900,2,0,0,D,13,0,,,,,,,,,,,
1740,8050cb81-30bf-47a6-4b0f-a892199e19c8,TCI #1 2023 AGE Interclub Trampoline Championships,,DMT,13-14 Years Male,Qualification,1,,1,TRUE,1,61900,0,99,0,,1,0,Smith,Finley,Olympia Gymnastic Sports,01/01/0001,,3,20900,2,0,0,H,0,0,0,,,,,,,,,,
1741,8050cb81-30bf-47a6-4b0f-a892199e19c8,TCI #1 2023 AGE Interclub Trampoline Championships,,DMT,13-14 Years Male,Qualification,1,,2,TRUE,3,59300,0,99,0,,1,0,Harris,Jarrod,Olympia Gymnastic Sports,01/01/0001,,1,19900,2,0,0,E1,95,2,2,,,,,,,,,1,0
1742,8050cb81-30bf-47a6-4b0f-a892199e19c8,TCI #1 2023 AGE Interclub Trampoline Championships,,DMT,13-14 Years Male,Qualification,1,,2,TRUE,3,59300,0,99,0,,1,0,Harris,Jarrod,Olympia Gymnastic Sports,01/01/0001,,1,19900,2,0,0,E2,95,1,3,,,,,,,,,1,0
1743,8050cb81-30bf-47a6-4b0f-a892199e19c8,TCI #1 2023 AGE Interclub Trampoline Championships,,DMT,13-14 Years Male,Qualification,1,,2,TRUE,3,59300,0,99,0,,1,0,Harris,Jarrod,Olympia Gymnastic Sports,01/01/0001,,1,19900,2,0,0,E3,96,2,1,,,,,,,,,1,0
1744,8050cb81-30bf-47a6-4b0f-a892199e19c8,TCI #1 2023 AGE Interclub Trampoline Championships,,DMT,13-14 Years Male,Qualification,1,,2,TRUE,3,59300,0,99,0,,1,0,Harris,Jarrod,Olympia Gymnastic Sports,01/01/0001,,1,19900,2,0,0,E4,100,,,,,,,,,,,,
1745,8050cb81-30bf-47a6-4b0f-a892199e19c8,TCI #1 2023 AGE Interclub Trampoline Championships,,DMT,13-14 Years Male,Qualification,1,,2,TRUE,3,59300,0,99,0,,1,0,Harris,Jarrod,Olympia Gymnastic Sports,01/01/0001,,1,19900,2,0,0,E5,100,,,,,,,,,,,,
1746,8050cb81-30bf-47a6-4b0f-a892199e19c8,TCI #1 2023 AGE Interclub Trampoline Championships,,DMT,13-14 Years Male,Qualification,1,,2,TRUE,3,59300,0,99,0,,1,0,Harris,Jarrod,Olympia Gymnastic Sports,01/01/0001,,1,19900,2,0,0,E8,100,,,,,,,,,,,,
1747,8050cb81-30bf-47a6-4b0f-a892199e19c8,TCI #1 2023 AGE Interclub Trampoline Championships,,DMT,13-14 Years Male,Qualification,1,,2,TRUE,3,59300,0,99,0,,1,0,Harris,Jarrod,Olympia Gymnastic Sports,01/01/0001,,1,19900,2,0,0,E∑,192,3,3,0,0,0,0,0,0,0,0,2,0
1748,8050cb81-30bf-47a6-4b0f-a892199e19c8,TCI #1 2023 AGE Interclub Trampoline Championships,,DMT,13-14 Years Male,Qualification,1,,2,TRUE,3,59300,0,99,0,,1,0,Harris,Jarrod,Olympia Gymnastic Sports,01/01/0001,,1,19900,2,0,0,T,0,,,,,,,,,,,,
1749,8050cb81-30bf-47a6-4b0f-a892199e19c8,TCI #1 2023 AGE Interclub Trampoline Championships,,DMT,13-14 Years Male,Qualification,1,,2,TRUE,3,59300,0,99,0,,1,0,Harris,Jarrod,Olympia Gymnastic Sports,01/01/0001,,1,19900,2,0,0,D,7,0,,,,,,,,,,,
1750,8050cb81-30bf-47a6-4b0f-a892199e19c8,TCI #1 2023 AGE Interclub Trampoline Championships,,DMT,13-14 Years Male,Qualification,1,,2,TRUE,3,59300,0,99,0,,1,0,Harris,Jarrod,Olympia Gymnastic Sports,01/01/0001,,1,19900,2,0,0,H,0,0,0,,,,,,,,,,
1751,8050cb81-30bf-47a6-4b0f-a892199e19c8,TCI #1 2023 AGE Interclub Trampoline Championships,,DMT,13-14 Years Male,Qualification,1,,2,TRUE,3,59300,0,99,0,,1,0,Harris,Jarrod,Olympia Gymnastic Sports,01/01/0001,,2,20000,2,0,0,E1,96,1,2,,,,,,,,,1,0
1752,8050cb81-30bf-47a6-4b0f-a892199e19c8,TCI #1 2023 AGE Interclub Trampoline Championships,,DMT,13-14 Years Male,Qualification,1,,2,TRUE,3,59300,0,99,0,,1,0,Harris,Jarrod,Olympia Gymnastic Sports,01/01/0001,,2,20000,2,0,0,E2,95,2,2,,,,,,,,,1,0
1753,8050cb81-30bf-47a6-4b0f-a892199e19c8,TCI #1 2023 AGE Interclub Trampoline Championships,,DMT,13-14 Years Male,Qualification,1,,2,TRUE,3,59300,0,99,0,,1,0,Harris,Jarrod,Olympia Gymnastic Sports,01/01/0001,,2,20000,2,0,0,E3,97,1,2,,,,,,,,,0,0
1754,8050cb81-30bf-47a6-4b0f-a892199e19c8,TCI #1 2023 AGE Interclub Trampoline Championships,,DMT,13-14 Years Male,Qualification,1,,2,TRUE,3,59300,0,99,0,,1,0,Harris,Jarrod,Olympia Gymnastic Sports,01/01/0001,,2,20000,2,0,0,E4,100,,,,,,,,,,,,
1755,8050cb81-30bf-47a6-4b0f-a892199e19c8,TCI #1 2023 AGE Interclub Trampoline Championships,,DMT,13-14 Years Male,Qualification,1,,2,TRUE,3,59300,0,99,0,,1,0,Harris,Jarrod,Olympia Gymnastic Sports,01/01/0001,,2,20000,2,0,0,E5,100,,,,,,,,,,,,
1756,8050cb81-30bf-47a6-4b0f-a892199e19c8,TCI #1 2023 AGE Interclub Trampoline Championships,,DMT,13-14 Years Male,Qualification,1,,2,TRUE,3,59300,0,99,0,,1,0,Harris,Jarrod,Olympia Gymnastic Sports,01/01/0001,,2,20000,2,0,0,E8,100,,,,,,,,,,,,
1757,8050cb81-30bf-47a6-4b0f-a892199e19c8,TCI #1 2023 AGE Interclub Trampoline Championships,,DMT,13-14 Years Male,Qualification,1,,2,TRUE,3,59300,0,99,0,,1,0,Harris,Jarrod,Olympia Gymnastic Sports,01/01/0001,,2,20000,2,0,0,E∑,193,2,4,0,0,0,0,0,0,0,0,1,0
1758,8050cb81-30bf-47a6-4b0f-a892199e19c8,TCI #1 2023 AGE Interclub Trampoline Championships,,DMT,13-14 Years Male,Qualification,1,,2,TRUE,3,59300,0,99,0,,1,0,Harris,Jarrod,Olympia Gymnastic Sports,01/01/0001,,2,20000,2,0,0,T,0,,,,,,,,,,,,
1759,8050cb81-30bf-47a6-4b0f-a892199e19c8,TCI #1 2023 AGE Interclub Trampoline Championships,,DMT,13-14 Years Male,Qualification,1,,2,TRUE,3,59300,0,99,0,,1,0,Harris,Jarrod,Olympia Gymnastic Sports,01/01/0001,,2,20000,2,0,0,D,7,0,,,,,,,,,,,
1760,8050cb81-30bf-47a6-4b0f-a892199e19c8,TCI #1 2023 AGE Interclub Trampoline Championships,,DMT,13-14 Years Male,Qualification,1,,2,TRUE,3,59300,0,99,0,,1,0,Harris,Jarrod,Olympia Gymnastic Sports,01/01/0001,,2,20000,2,0,0,H,0,0,0,,,,,,,,,,
1761,8050cb81-30bf-47a6-4b0f-a892199e19c8,TCI #1 2023 AGE Interclub Trampoline Championships,,DMT,13-14 Years Male,Qualification,1,,2,TRUE,3,59300,0,99,0,,1,0,Harris,Jarrod,Olympia Gymnastic Sports,01/01/0001,,3,19400,2,0,6,E1,96,1,2,,,,,,,,,1,0
1762,8050cb81-30bf-47a6-4b0f-a892199e19c8,TCI #1 2023 AGE Interclub Trampoline Championships,,DMT,13-14 Years Male,Qualification,1,,2,TRUE,3,59300,0,99,0,,1,0,Harris,Jarrod,Olympia Gymnastic Sports,01/01/0001,,3,19400,2,0,6,E2,96,1,2,,,,,,,,,1,0
1763,8050cb81-30bf-47a6-4b0f-a892199e19c8,TCI #1 2023 AGE Interclub Trampoline Championships,,DMT,13-14 Years Male,Qualification,1,,2,TRUE,3,59300,0,99,0,,1,0,Harris,Jarrod,Olympia Gymnastic Sports,01/01/0001,,3,19400,2,0,6,E3,96,2,1,,,,,,,,,1,0
1764,8050cb81-30bf-47a6-4b0f-a892199e19c8,TCI #1 2023 AGE Interclub Trampoline Championships,,DMT,13-14 Years Male,Qualification,1,,2,TRUE,3,59300,0,99,0,,1,0,Harris,Jarrod,Olympia Gymnastic Sports,01/01/0001,,3,19400,2,0,6,E4,100,,,,,,,,,,,,
1765,8050cb81-30bf-47a6-4b0f-a892199e19c8,TCI #1 2023 AGE Interclub Trampoline Championships,,DMT,13-14 Years Male,Qualification,1,,2,TRUE,3,59300,0,99,0,,1,0,Harris,Jarrod,Olympia Gymnastic Sports,01/01/0001,,3,19400,2,0,6,E5,100,,,,,,,,,,,,
1766,8050cb81-30bf-47a6-4b0f-a892199e19c8,TCI #1 2023 AGE Interclub Trampoline Championships,,DMT,13-14 Years Male,Qualification,1,,2,TRUE,3,59300,0,99,0,,1,0,Harris,Jarrod,Olympia Gymnastic Sports,01/01/0001,,3,19400,2,0,6,E8,100,,,,,,,,,,,,
1767,8050cb81-30bf-47a6-4b0f-a892199e19c8,TCI #1 2023 AGE Interclub Trampoline Championships,,DMT,13-14 Years Male,Qualification,1,,2,TRUE,3,59300,0,99,0,,1,0,Harris,Jarrod,Olympia Gymnastic Sports,01/01/0001,,3,19400,2,0,6,E∑,193,2,3,0,0,0,0,0,0,0,0,2,0
1768,8050cb81-30bf-47a6-4b0f-a892199e19c8,TCI #1 2023 AGE Interclub Trampoline Championships,,DMT,13-14 Years Male,Qualification,1,,2,TRUE,3,59300,0,99,0,,1,0,Harris,Jarrod,Olympia Gymnastic Sports,01/01/0001,,3,19400,2,0,6,T,0,,,,,,,,,,,,
1769,8050cb81-30bf-47a6-4b0f-a892199e19c8,TCI #1 2023 AGE Interclub Trampoline Championships,,DMT,13-14 Years Male,Qualification,1,,2,TRUE,3,59300,0,99,0,,1,0,Harris,Jarrod,Olympia Gymnastic Sports,01/01/0001,,3,19400,2,0,6,D,7,0,,,,,,,,,,,
1770,8050cb81-30bf-47a6-4b0f-a892199e19c8,TCI #1 2023 AGE Interclub Trampoline Championships,,DMT,13-14 Years Male,Qualification,1,,2,TRUE,3,59300,0,99,0,,1,0,Harris,Jarrod,Olympia Gymnastic Sports,01/01/0001,,3,19400,2,0,6,H,0,0,0,,,,,,,,,,
1771,8050cb81-30bf-47a6-4b0f-a892199e19c8,TCI #1 2023 AGE Interclub Trampoline Championships,,DMT,13-14 Years Male,Qualification,1,,3,TRUE,2,61200,0,99,0,,1,0,Hedges,Kyle,ICE Gymsports North Canterbury,01/01/0001,,1,20600,2,0,0,E1,96,2,2,,,,,,,,,0,0
1772,8050cb81-30bf-47a6-4b0f-a892199e19c8,TCI #1 2023 AGE Interclub Trampoline Championships,,DMT,13-14 Years Male,Qualification,1,,3,TRUE,2,61200,0,99,0,,1,0,Hedges,Kyle,ICE Gymsports North Canterbury,01/01/0001,,1,20600,2,0,0,E2,93,3,3,,,,,,,,,1,0
1773,8050cb81-30bf-47a6-4b0f-a892199e19c8,TCI #1 2023 AGE Interclub Trampoline Championships,,DMT,13-14 Years Male,Qualification,1,,3,TRUE,2,61200,0,99,0,,1,0,Hedges,Kyle,ICE Gymsports North Canterbury,01/01/0001,,1,20600,2,0,0,E3,93,3,3,,,,,,,,,1,0
1774,8050cb81-30bf-47a6-4b0f-a892199e19c8,TCI #1 2023 AGE Interclub Trampoline Championships,,DMT,13-14 Years Male,Qualification,1,,3,TRUE,2,61200,0,99,0,,1,0,Hedges,Kyle,ICE Gymsports North Canterbury,01/01/0001,,1,20600,2,0,0,E4,100,,,,,,,,,,,,
1775,8050cb81-30bf-47a6-4b0f-a892199e19c8,TCI #1 2023 AGE Interclub Trampoline Championships,,DMT,13-14 Years Male,Qualification,1,,3,TRUE,2,61200,0,99,0,,1,0,Hedges,Kyle,ICE Gymsports North Canterbury,01/01/0001,,1,20600,2,0,0,E5,100,,,,,,,,,,,,
1776,8050cb81-30bf-47a6-4b0f-a892199e19c8,TCI #1 2023 AGE Interclub Trampoline Championships,,DMT,13-14 Years Male,Qualification,1,,3,TRUE,2,61200,0,99,0,,1,0,Hedges,Kyle,ICE Gymsports North Canterbury,01/01/0001,,1,20600,2,0,0,E8,100,,,,,,,,,,,,
1777,8050cb81-30bf-47a6-4b0f-a892199e19c8,TCI #1 2023 AGE Interclub Trampoline Championships,,DMT,13-14 Years Male,Qualification,1,,3,TRUE,2,61200,0,99,0,,1,0,Hedges,Kyle,ICE Gymsports North Canterbury,01/01/0001,,1,20600,2,0,0,E∑,189,5,5,0,0,0,0,0,0,0,0,1,0
1778,8050cb81-30bf-47a6-4b0f-a892199e19c8,TCI #1 2023 AGE Interclub Trampoline Championships,,DMT,13-14 Years Male,Qualification,1,,3,TRUE,2,61200,0,99,0,,1,0,Hedges,Kyle,ICE Gymsports North Canterbury,01/01/0001,,1,20600,2,0,0,T,0,,,,,,,,,,,,
1779,8050cb81-30bf-47a6-4b0f-a892199e19c8,TCI #1 2023 AGE Interclub Trampoline Championships,,DMT,13-14 Years Male,Qualification,1,,3,TRUE,2,61200,0,99,0,,1,0,Hedges,Kyle,ICE Gymsports North Canterbury,01/01/0001,,1,20600,2,0,0,D,17,0,,,,,,,,,,,
1780,8050cb81-30bf-47a6-4b0f-a892199e19c8,TCI #1 2023 AGE Interclub Trampoline Championships,,DMT,13-14 Years Male,Qualification,1,,3,TRUE,2,61200,0,99,0,,1,0,Hedges,Kyle,ICE Gymsports North Canterbury,01/01/0001,,1,20600,2,0,0,H,0,0,0,,,,,,,,,,
1781,8050cb81-30bf-47a6-4b0f-a892199e19c8,TCI #1 2023 AGE Interclub Trampoline Championships,,DMT,13-14 Years Male,Qualification,1,,3,TRUE,2,61200,0,99,0,,1,0,Hedges,Kyle,ICE Gymsports North Canterbury,01/01/0001,,2,20500,2,0,0,E1,95,3,2,,,,,,,,,0,0
1782,8050cb81-30bf-47a6-4b0f-a892199e19c8,TCI #1 2023 AGE Interclub Trampoline Championships,,DMT,13-14 Years Male,Qualification,1,,3,TRUE,2,61200,0,99,0,,1,0,Hedges,Kyle,ICE Gymsports North Canterbury,01/01/0001,,2,20500,2,0,0,E2,93,3,3,,,,,,,,,1,0
1783,8050cb81-30bf-47a6-4b0f-a892199e19c8,TCI #1 2023 AGE Interclub Trampoline Championships,,DMT,13-14 Years Male,Qualification,1,,3,TRUE,2,61200,0,99,0,,1,0,Hedges,Kyle,ICE Gymsports North Canterbury,01/01/0001,,2,20500,2,0,0,E3,94,3,3,,,,,,,,,0,0
1784,8050cb81-30bf-47a6-4b0f-a892199e19c8,TCI #1 2023 AGE Interclub Trampoline Championships,,DMT,13-14 Years Male,Qualification,1,,3,TRUE,2,61200,0,99,0,,1,0,Hedges,Kyle,ICE Gymsports North Canterbury,01/01/0001,,2,20500,2,0,0,E4,100,,,,,,,,,,,,
1785,8050cb81-30bf-47a6-4b0f-a892199e19c8,TCI #1 2023 AGE Interclub Trampoline Championships,,DMT,13-14 Years Male,Qualification,1,,3,TRUE,2,61200,0,99,0,,1,0,Hedges,Kyle,ICE Gymsports North Canterbury,01/01/0001,,2,20500,2,0,0,E5,100,,,,,,,,,,,,
1786,8050cb81-30bf-47a6-4b0f-a892199e19c8,TCI #1 2023 AGE Interclub Trampoline Championships,,DMT,13-14 Years Male,Qualification,1,,3,TRUE,2,61200,0,99,0,,1,0,Hedges,Kyle,ICE Gymsports North Canterbury,01/01/0001,,2,20500,2,0,0,E8,100,,,,,,,,,,,,
1787,8050cb81-30bf-47a6-4b0f-a892199e19c8,TCI #1 2023 AGE Interclub Trampoline Championships,,DMT,13-14 Years Male,Qualification,1,,3,TRUE,2,61200,0,99,0,,1,0,Hedges,Kyle,ICE Gymsports North Canterbury,01/01/0001,,2,20500,2,0,0,E∑,189,6,5,0,0,0,0,0,0,0,0,0,0
1788,8050cb81-30bf-47a6-4b0f-a892199e19c8,TCI #1 2023 AGE Interclub Trampoline Championships,,DMT,13-14 Years Male,Qualification,1,,3,TRUE,2,61200,0,99,0,,1,0,Hedges,Kyle,ICE Gymsports North Canterbury,01/01/0001,,2,20500,2,0,0,T,0,,,,,,,,,,,,
1789,8050cb81-30bf-47a6-4b0f-a892199e19c8,TCI #1 2023 AGE Interclub Trampoline Championships,,DMT,13-14 Years Male,Qualification,1,,3,TRUE,2,61200,0,99,0,,1,0,Hedges,Kyle,ICE Gymsports North Canterbury,01/01/0001,,2,20500,2,0,0,D,16,0,,,,,,,,,,,
1790,8050cb81-30bf-47a6-4b0f-a892199e19c8,TCI #1 2023 AGE Interclub Trampoline Championships,,DMT,13-14 Years Male,Qualification,1,,3,TRUE,2,61200,0,99,0,,1,0,Hedges,Kyle,ICE Gymsports North Canterbury,01/01/0001,,2,20500,2,0,0,H,0,0,0,,,,,,,,,,
1791,8050cb81-30bf-47a6-4b0f-a892199e19c8,TCI #1 2023 AGE Interclub Trampoline Championships,,DMT,13-14 Years Male,Qualification,1,,3,TRUE,2,61200,0,99,0,,1,0,Hedges,Kyle,ICE Gymsports North Canterbury,01/01/0001,,3,20100,2,0,0,E1,93,3,3,,,,,,,,,1,0
1792,8050cb81-30bf-47a6-4b0f-a892199e19c8,TCI #1 2023 AGE Interclub Trampoline Championships,,DMT,13-14 Years Male,Qualification,1,,3,TRUE,2,61200,0,99,0,,1,0,Hedges,Kyle,ICE Gymsports North Canterbury,01/01/0001,,3,20100,2,0,0,E2,94,3,2,,,,,,,,,1,0
1793,8050cb81-30bf-47a6-4b0f-a892199e19c8,TCI #1 2023 AGE Interclub Trampoline Championships,,DMT,13-14 Years Male,Qualification,1,,3,TRUE,2,61200,0,99,0,,1,0,Hedges,Kyle,ICE Gymsports North Canterbury,01/01/0001,,3,20100,2,0,0,E3,94,2,3,,,,,,,,,1,0
1794,8050cb81-30bf-47a6-4b0f-a892199e19c8,TCI #1 2023 AGE Interclub Trampoline Championships,,DMT,13-14 Years Male,Qualification,1,,3,TRUE,2,61200,0,99,0,,1,0,Hedges,Kyle,ICE Gymsports North Canterbury,01/01/0001,,3,20100,2,0,0,E4,100,,,,,,,,,,,,
1795,8050cb81-30bf-47a6-4b0f-a892199e19c8,TCI #1 2023 AGE Interclub Trampoline Championships,,DMT,13-14 Years Male,Qualification,1,,3,TRUE,2,61200,0,99,0,,1,0,Hedges,Kyle,ICE Gymsports North Canterbury,01/01/0001,,3,20100,2,0,0,E5,100,,,,,,,,,,,,
1796,8050cb81-30bf-47a6-4b0f-a892199e19c8,TCI #1 2023 AGE Interclub Trampoline Championships,,DMT,13-14 Years Male,Qualification,1,,3,TRUE,2,61200,0,99,0,,1,0,Hedges,Kyle,ICE Gymsports North Canterbury,01/01/0001,,3,20100,2,0,0,E8,100,,,,,,,,,,,,
1797,8050cb81-30bf-47a6-4b0f-a892199e19c8,TCI #1 2023 AGE Interclub Trampoline Championships,,DMT,13-14 Years Male,Qualification,1,,3,TRUE,2,61200,0,99,0,,1,0,Hedges,Kyle,ICE Gymsports North Canterbury,01/01/0001,,3,20100,2,0,0,E∑,188,5,5,0,0,0,0,0,0,0,0,2,0
1798,8050cb81-30bf-47a6-4b0f-a892199e19c8,TCI #1 2023 AGE Interclub Trampoline Championships,,DMT,13-14 Years Male,Qualification,1,,3,TRUE,2,61200,0,99,0,,1,0,Hedges,Kyle,ICE Gymsports North Canterbury,01/01/0001,,3,20100,2,0,0,T,0,,,,,,,,,,,,
1799,8050cb81-30bf-47a6-4b0f-a892199e19c8,TCI #1 2023 AGE Interclub Trampoline Championships,,DMT,13-14 Years Male,Qualification,1,,3,TRUE,2,61200,0,99,0,,1,0,Hedges,Kyle,ICE Gymsports North Canterbury,01/01/0001,,3,20100,2,0,0,D,13,0,,,,,,,,,,,
1800,8050cb81-30bf-47a6-4b0f-a892199e19c8,TCI #1 2023 AGE Interclub Trampoline Championships,,DMT,13-14 Years Male,Qualification,1,,3,TRUE,2,61200,0,99,0,,1,0,Hedges,Kyle,ICE Gymsports North Canterbury,01/01/0001,,3,20100,2,0,0,H,0,0,0,,,,,,,,,,
1801,8050cb81-30bf-47a6-4b0f-a892199e19c8,TCI #1 2023 AGE Interclub Trampoline Championships,,DMT,13-14 Years Male,Qualification,1,,4,TRUE,4,59100,0,99,0,,1,0,Wethy,Noah,ICE Gymsports North Canterbury,01/01/0001,,1,20200,2,0,0,E1,95,3,2,,,,,,,,,0,0
1802,8050cb81-30bf-47a6-4b0f-a892199e19c8,TCI #1 2023 AGE Interclub Trampoline Championships,,DMT,13-14 Years Male,Qualification,1,,4,TRUE,4,59100,0,99,0,,1,0,Wethy,Noah,ICE Gymsports North Canterbury,01/01/0001,,1,20200,2,0,0,E2,95,3,2,,,,,,,,,0,0
1803,8050cb81-30bf-47a6-4b0f-a892199e19c8,TCI #1 2023 AGE Interclub Trampoline Championships,,DMT,13-14 Years Male,Qualification,1,,4,TRUE,4,59100,0,99,0,,1,0,Wethy,Noah,ICE Gymsports North Canterbury,01/01/0001,,1,20200,2,0,0,E3,93,3,3,,,,,,,,,1,0
1804,8050cb81-30bf-47a6-4b0f-a892199e19c8,TCI #1 2023 AGE Interclub Trampoline Championships,,DMT,13-14 Years Male,Qualification,1,,4,TRUE,4,59100,0,99,0,,1,0,Wethy,Noah,ICE Gymsports North Canterbury,01/01/0001,,1,20200,2,0,0,E4,100,,,,,,,,,,,,
1805,8050cb81-30bf-47a6-4b0f-a892199e19c8,TCI #1 2023 AGE Interclub Trampoline Championships,,DMT,13-14 Years Male,Qualification,1,,4,TRUE,4,59100,0,99,0,,1,0,Wethy,Noah,ICE Gymsports North Canterbury,01/01/0001,,1,20200,2,0,0,E5,100,,,,,,,,,,,,
1806,8050cb81-30bf-47a6-4b0f-a892199e19c8,TCI #1 2023 AGE Interclub Trampoline Championships,,DMT,13-14 Years Male,Qualification,1,,4,TRUE,4,59100,0,99,0,,1,0,Wethy,Noah,ICE Gymsports North Canterbury,01/01/0001,,1,20200,2,0,0,E8,100,,,,,,,,,,,,
1807,8050cb81-30bf-47a6-4b0f-a892199e19c8,TCI #1 2023 AGE Interclub Trampoline Championships,,DMT,13-14 Years Male,Qualification,1,,4,TRUE,4,59100,0,99,0,,1,0,Wethy,Noah,ICE Gymsports North Canterbury,01/01/0001,,1,20200,2,0,0,E∑,190,6,4,0,0,0,0,0,0,0,0,0,0
1808,8050cb81-30bf-47a6-4b0f-a892199e19c8,TCI #1 2023 AGE Interclub Trampoline Championships,,DMT,13-14 Years Male,Qualification,1,,4,TRUE,4,59100,0,99,0,,1,0,Wethy,Noah,ICE Gymsports North Canterbury,01/01/0001,,1,20200,2,0,0,T,0,,,,,,,,,,,,
1809,8050cb81-30bf-47a6-4b0f-a892199e19c8,TCI #1 2023 AGE Interclub Trampoline Championships,,DMT,13-14 Years Male,Qualification,1,,4,TRUE,4,59100,0,99,0,,1,0,Wethy,Noah,ICE Gymsports North Canterbury,01/01/0001,,1,20200,2,0,0,D,12,0,,,,,,,,,,,
1810,8050cb81-30bf-47a6-4b0f-a892199e19c8,TCI #1 2023 AGE Interclub Trampoline Championships,,DMT,13-14 Years Male,Qualification,1,,4,TRUE,4,59100,0,99,0,,1,0,Wethy,Noah,ICE Gymsports North Canterbury,01/01/0001,,1,20200,2,0,0,H,0,0,0,,,,,,,,,,
1811,8050cb81-30bf-47a6-4b0f-a892199e19c8,TCI #1 2023 AGE Interclub Trampoline Championships,,DMT,13-14 Years Male,Qualification,1,,4,TRUE,4,59100,0,99,0,,1,0,Wethy,Noah,ICE Gymsports North Canterbury,01/01/0001,,2,19500,2,0,0,E1,93,3,2,,,,,,,,,2,0
1812,8050cb81-30bf-47a6-4b0f-a892199e19c8,TCI #1 2023 AGE Interclub Trampoline Championships,,DMT,13-14 Years Male,Qualification,1,,4,TRUE,4,59100,0,99,0,,1,0,Wethy,Noah,ICE Gymsports North Canterbury,01/01/0001,,2,19500,2,0,0,E2,94,3,2,,,,,,,,,1,0
1813,8050cb81-30bf-47a6-4b0f-a892199e19c8,TCI #1 2023 AGE Interclub Trampoline Championships,,DMT,13-14 Years Male,Qualification,1,,4,TRUE,4,59100,0,99,0,,1,0,Wethy,Noah,ICE Gymsports North Canterbury,01/01/0001,,2,19500,2,0,0,E3,93,3,3,,,,,,,,,1,0
1814,8050cb81-30bf-47a6-4b0f-a892199e19c8,TCI #1 2023 AGE Interclub Trampoline Championships,,DMT,13-14 Years Male,Qualification,1,,4,TRUE,4,59100,0,99,0,,1,0,Wethy,Noah,ICE Gymsports North Canterbury,01/01/0001,,2,19500,2,0,0,E4,100,,,,,,,,,,,,
1815,8050cb81-30bf-47a6-4b0f-a892199e19c8,TCI #1 2023 AGE Interclub Trampoline Championships,,DMT,13-14 Years Male,Qualification,1,,4,TRUE,4,59100,0,99,0,,1,0,Wethy,Noah,ICE Gymsports North Canterbury,01/01/0001,,2,19500,2,0,0,E5,100,,,,,,,,,,,,
1816,8050cb81-30bf-47a6-4b0f-a892199e19c8,TCI #1 2023 AGE Interclub Trampoline Championships,,DMT,13-14 Years Male,Qualification,1,,4,TRUE,4,59100,0,99,0,,1,0,Wethy,Noah,ICE Gymsports North Canterbury,01/01/0001,,2,19500,2,0,0,E8,100,,,,,,,,,,,,
1817,8050cb81-30bf-47a6-4b0f-a892199e19c8,TCI #1 2023 AGE Interclub Trampoline Championships,,DMT,13-14 Years Male,Qualification,1,,4,TRUE,4,59100,0,99,0,,1,0,Wethy,Noah,ICE Gymsports North Canterbury,01/01/0001,,2,19500,2,0,0,E∑,188,6,4,0,0,0,0,0,0,0,0,2,0
1818,8050cb81-30bf-47a6-4b0f-a892199e19c8,TCI #1 2023 AGE Interclub Trampoline Championships,,DMT,13-14 Years Male,Qualification,1,,4,TRUE,4,59100,0,99,0,,1,0,Wethy,Noah,ICE Gymsports North Canterbury,01/01/0001,,2,19500,2,0,0,T,0,,,,,,,,,,,,
1819,8050cb81-30bf-47a6-4b0f-a892199e19c8,TCI #1 2023 AGE Interclub Trampoline Championships,,DMT,13-14 Years Male,Qualification,1,,4,TRUE,4,59100,0,99,0,,1,0,Wethy,Noah,ICE Gymsports North Canterbury,01/01/0001,,2,19500,2,0,0,D,7,0,,,,,,,,,,,
1820,8050cb81-30bf-47a6-4b0f-a892199e19c8,TCI #1 2023 AGE Interclub Trampoline Championships,,DMT,13-14 Years Male,Qualification,1,,4,TRUE,4,59100,0,99,0,,1,0,Wethy,Noah,ICE Gymsports North Canterbury,01/01/0001,,2,19500,2,0,0,H,0,0,0,,,,,,,,,,
1821,8050cb81-30bf-47a6-4b0f-a892199e19c8,TCI #1 2023 AGE Interclub Trampoline Championships,,DMT,13-14 Years Male,Qualification,1,,4,TRUE,4,59100,0,99,0,,1,0,Wethy,Noah,ICE Gymsports North Canterbury,01/01/0001,,3,19400,2,0,0,E1,92,4,2,,,,,,,,,2,0
1822,8050cb81-30bf-47a6-4b0f-a892199e19c8,TCI #1 2023 AGE Interclub Trampoline Championships,,DMT,13-14 Years Male,Qualification,1,,4,TRUE,4,59100,0,99,0,,1,0,Wethy,Noah,ICE Gymsports North Canterbury,01/01/0001,,3,19400,2,0,0,E2,94,3,2,,,,,,,,,1,0
1823,8050cb81-30bf-47a6-4b0f-a892199e19c8,TCI #1 2023 AGE Interclub Trampoline Championships,,DMT,13-14 Years Male,Qualification,1,,4,TRUE,4,59100,0,99,0,,1,0,Wethy,Noah,ICE Gymsports North Canterbury,01/01/0001,,3,19400,2,0,0,E3,93,4,3,,,,,,,,,0,0
1824,8050cb81-30bf-47a6-4b0f-a892199e19c8,TCI #1 2023 AGE Interclub Trampoline Championships,,DMT,13-14 Years Male,Qualification,1,,4,TRUE,4,59100,0,99,0,,1,0,Wethy,Noah,ICE Gymsports North Canterbury,01/01/0001,,3,19400,2,0,0,E4,100,,,,,,,,,,,,
1825,8050cb81-30bf-47a6-4b0f-a892199e19c8,TCI #1 2023 AGE Interclub Trampoline Championships,,DMT,13-14 Years Male,Qualification,1,,4,TRUE,4,59100,0,99,0,,1,0,Wethy,Noah,ICE Gymsports North Canterbury,01/01/0001,,3,19400,2,0,0,E5,100,,,,,,,,,,,,
1826,8050cb81-30bf-47a6-4b0f-a892199e19c8,TCI #1 2023 AGE Interclub Trampoline Championships,,DMT,13-14 Years Male,Qualification,1,,4,TRUE,4,59100,0,99,0,,1,0,Wethy,Noah,ICE Gymsports North Canterbury,01/01/0001,,3,19400,2,0,0,E8,100,,,,,,,,,,,,
1827,8050cb81-30bf-47a6-4b0f-a892199e19c8,TCI #1 2023 AGE Interclub Trampoline Championships,,DMT,13-14 Years Male,Qualification,1,,4,TRUE,4,59100,0,99,0,,1,0,Wethy,Noah,ICE Gymsports North Canterbury,01/01/0001,,3,19400,2,0,0,E∑,188,7,4,0,0,0,0,0,0,0,0,1,0
1828,8050cb81-30bf-47a6-4b0f-a892199e19c8,TCI #1 2023 AGE Interclub Trampoline Championships,,DMT,13-14 Years Male,Qualification,1,,4,TRUE,4,59100,0,99,0,,1,0,Wethy,Noah,ICE Gymsports North Canterbury,01/01/0001,,3,19400,2,0,0,T,0,,,,,,,,,,,,
1829,8050cb81-30bf-47a6-4b0f-a892199e19c8,TCI #1 2023 AGE Interclub Trampoline Championships,,DMT,13-14 Years Male,Qualification,1,,4,TRUE,4,59100,0,99,0,,1,0,Wethy,Noah,ICE Gymsports North Canterbury,01/01/0001,,3,19400,2,0,0,D,6,0,,,,,,,,,,,
1830,8050cb81-30bf-47a6-4b0f-a892199e19c8,TCI #1 2023 AGE Interclub Trampoline Championships,,DMT,13-14 Years Male,Qualification,1,,4,TRUE,4,59100,0,99,0,,1,0,Wethy,Noah,ICE Gymsports North Canterbury,01/01/0001,,3,19400,2,0,0,H,0,0,0,,,,,,,,,,
1831,8050cb81-30bf-47a6-4b0f-a892199e19c8,TCI #1 2023 AGE Interclub Trampoline Championships,,DMT,13-14 Years Female,Qualification,1,,1,TRUE,4,59400,0,99,0,,1,0,Wright,Meg,Olympia Gymnastic Sports,01/01/0001,,1,20000,2,0,0,E1,96,2,2,,,,,,,,,0,0
1832,8050cb81-30bf-47a6-4b0f-a892199e19c8,TCI #1 2023 AGE Interclub Trampoline Championships,,DMT,13-14 Years Female,Qualification,1,,1,TRUE,4,59400,0,99,0,,1,0,Wright,Meg,Olympia Gymnastic Sports,01/01/0001,,1,20000,2,0,0,E2,96,2,2,,,,,,,,,0,0
1833,8050cb81-30bf-47a6-4b0f-a892199e19c8,TCI #1 2023 AGE Interclub Trampoline Championships,,DMT,13-14 Years Female,Qualification,1,,1,TRUE,4,59400,0,99,0,,1,0,Wright,Meg,Olympia Gymnastic Sports,01/01/0001,,1,20000,2,0,0,E3,97,1,2,,,,,,,,,0,0
1834,8050cb81-30bf-47a6-4b0f-a892199e19c8,TCI #1 2023 AGE Interclub Trampoline Championships,,DMT,13-14 Years Female,Qualification,1,,1,TRUE,4,59400,0,99,0,,1,0,Wright,Meg,Olympia Gymnastic Sports,01/01/0001,,1,20000,2,0,0,E4,100,,,,,,,,,,,,
1835,8050cb81-30bf-47a6-4b0f-a892199e19c8,TCI #1 2023 AGE Interclub Trampoline Championships,,DMT,13-14 Years Female,Qualification,1,,1,TRUE,4,59400,0,99,0,,1,0,Wright,Meg,Olympia Gymnastic Sports,01/01/0001,,1,20000,2,0,0,E5,100,,,,,,,,,,,,
1836,8050cb81-30bf-47a6-4b0f-a892199e19c8,TCI #1 2023 AGE Interclub Trampoline Championships,,DMT,13-14 Years Female,Qualification,1,,1,TRUE,4,59400,0,99,0,,1,0,Wright,Meg,Olympia Gymnastic Sports,01/01/0001,,1,20000,2,0,0,E8,100,,,,,,,,,,,,
1837,8050cb81-30bf-47a6-4b0f-a892199e19c8,TCI #1 2023 AGE Interclub Trampoline Championships,,DMT,13-14 Years Female,Qualification,1,,1,TRUE,4,59400,0,99,0,,1,0,Wright,Meg,Olympia Gymnastic Sports,01/01/0001,,1,20000,2,0,0,E∑,193,3,4,0,0,0,0,0,0,0,0,0,0
1838,8050cb81-30bf-47a6-4b0f-a892199e19c8,TCI #1 2023 AGE Interclub Trampoline Championships,,DMT,13-14 Years Female,Qualification,1,,1,TRUE,4,59400,0,99,0,,1,0,Wright,Meg,Olympia Gymnastic Sports,01/01/0001,,1,20000,2,0,0,T,0,,,,,,,,,,,,
1839,8050cb81-30bf-47a6-4b0f-a892199e19c8,TCI #1 2023 AGE Interclub Trampoline Championships,,DMT,13-14 Years Female,Qualification,1,,1,TRUE,4,59400,0,99,0,,1,0,Wright,Meg,Olympia Gymnastic Sports,01/01/0001,,1,20000,2,0,0,D,7,0,,,,,,,,,,,
1840,8050cb81-30bf-47a6-4b0f-a892199e19c8,TCI #1 2023 AGE Interclub Trampoline Championships,,DMT,13-14 Years Female,Qualification,1,,1,TRUE,4,59400,0,99,0,,1,0,Wright,Meg,Olympia Gymnastic Sports,01/01/0001,,1,20000,2,0,0,H,0,0,0,,,,,,,,,,
1841,8050cb81-30bf-47a6-4b0f-a892199e19c8,TCI #1 2023 AGE Interclub Trampoline Championships,,DMT,13-14 Years Female,Qualification,1,,1,TRUE,4,59400,0,99,0,,1,0,Wright,Meg,Olympia Gymnastic Sports,01/01/0001,,2,19500,2,0,6,E1,97,1,2,,,,,,,,,0,0
1842,8050cb81-30bf-47a6-4b0f-a892199e19c8,TCI #1 2023 AGE Interclub Trampoline Championships,,DMT,13-14 Years Female,Qualification,1,,1,TRUE,4,59400,0,99,0,,1,0,Wright,Meg,Olympia Gymnastic Sports,01/01/0001,,2,19500,2,0,6,E2,97,0,2,,,,,,,,,1,0
1843,8050cb81-30bf-47a6-4b0f-a892199e19c8,TCI #1 2023 AGE Interclub Trampoline Championships,,DMT,13-14 Years Female,Qualification,1,,1,TRUE,4,59400,0,99,0,,1,0,Wright,Meg,Olympia Gymnastic Sports,01/01/0001,,2,19500,2,0,6,E3,96,1,2,,,,,,,,,1,0
1844,8050cb81-30bf-47a6-4b0f-a892199e19c8,TCI #1 2023 AGE Interclub Trampoline Championships,,DMT,13-14 Years Female,Qualification,1,,1,TRUE,4,59400,0,99,0,,1,0,Wright,Meg,Olympia Gymnastic Sports,01/01/0001,,2,19500,2,0,6,E4,100,,,,,,,,,,,,
1845,8050cb81-30bf-47a6-4b0f-a892199e19c8,TCI #1 2023 AGE Interclub Trampoline Championships,,DMT,13-14 Years Female,Qualification,1,,1,TRUE,4,59400,0,99,0,,1,0,Wright,Meg,Olympia Gymnastic Sports,01/01/0001,,2,19500,2,0,6,E5,100,,,,,,,,,,,,
1846,8050cb81-30bf-47a6-4b0f-a892199e19c8,TCI #1 2023 AGE Interclub Trampoline Championships,,DMT,13-14 Years Female,Qualification,1,,1,TRUE,4,59400,0,99,0,,1,0,Wright,Meg,Olympia Gymnastic Sports,01/01/0001,,2,19500,2,0,6,E8,100,,,,,,,,,,,,
1847,8050cb81-30bf-47a6-4b0f-a892199e19c8,TCI #1 2023 AGE Interclub Trampoline Championships,,DMT,13-14 Years Female,Qualification,1,,1,TRUE,4,59400,0,99,0,,1,0,Wright,Meg,Olympia Gymnastic Sports,01/01/0001,,2,19500,2,0,6,E∑,194,1,4,0,0,0,0,0,0,0,0,1,0
1848,8050cb81-30bf-47a6-4b0f-a892199e19c8,TCI #1 2023 AGE Interclub Trampoline Championships,,DMT,13-14 Years Female,Qualification,1,,1,TRUE,4,59400,0,99,0,,1,0,Wright,Meg,Olympia Gymnastic Sports,01/01/0001,,2,19500,2,0,6,T,0,,,,,,,,,,,,
1849,8050cb81-30bf-47a6-4b0f-a892199e19c8,TCI #1 2023 AGE Interclub Trampoline Championships,,DMT,13-14 Years Female,Qualification,1,,1,TRUE,4,59400,0,99,0,,1,0,Wright,Meg,Olympia Gymnastic Sports,01/01/0001,,2,19500,2,0,6,D,7,0,,,,,,,,,,,
1850,8050cb81-30bf-47a6-4b0f-a892199e19c8,TCI #1 2023 AGE Interclub Trampoline Championships,,DMT,13-14 Years Female,Qualification,1,,1,TRUE,4,59400,0,99,0,,1,0,Wright,Meg,Olympia Gymnastic Sports,01/01/0001,,2,19500,2,0,6,H,0,0,0,,,,,,,,,,
1851,8050cb81-30bf-47a6-4b0f-a892199e19c8,TCI #1 2023 AGE Interclub Trampoline Championships,,DMT,13-14 Years Female,Qualification,1,,1,TRUE,4,59400,0,99,0,,1,0,Wright,Meg,Olympia Gymnastic Sports,01/01/0001,,3,19900,2,0,0,E1,96,2,2,,,,,,,,,0,0
1852,8050cb81-30bf-47a6-4b0f-a892199e19c8,TCI #1 2023 AGE Interclub Trampoline Championships,,DMT,13-14 Years Female,Qualification,1,,1,TRUE,4,59400,0,99,0,,1,0,Wright,Meg,Olympia Gymnastic Sports,01/01/0001,,3,19900,2,0,0,E2,95,2,2,,,,,,,,,1,0
1853,8050cb81-30bf-47a6-4b0f-a892199e19c8,TCI #1 2023 AGE Interclub Trampoline Championships,,DMT,13-14 Years Female,Qualification,1,,1,TRUE,4,59400,0,99,0,,1,0,Wright,Meg,Olympia Gymnastic Sports,01/01/0001,,3,19900,2,0,0,E3,96,2,2,,,,,,,,,0,0
1854,8050cb81-30bf-47a6-4b0f-a892199e19c8,TCI #1 2023 AGE Interclub Trampoline Championships,,DMT,13-14 Years Female,Qualification,1,,1,TRUE,4,59400,0,99,0,,1,0,Wright,Meg,Olympia Gymnastic Sports,01/01/0001,,3,19900,2,0,0,E4,100,,,,,,,,,,,,
1855,8050cb81-30bf-47a6-4b0f-a892199e19c8,TCI #1 2023 AGE Interclub Trampoline Championships,,DMT,13-14 Years Female,Qualification,1,,1,TRUE,4,59400,0,99,0,,1,0,Wright,Meg,Olympia Gymnastic Sports,01/01/0001,,3,19900,2,0,0,E5,100,,,,,,,,,,,,
1856,8050cb81-30bf-47a6-4b0f-a892199e19c8,TCI #1 2023 AGE Interclub Trampoline Championships,,DMT,13-14 Years Female,Qualification,1,,1,TRUE,4,59400,0,99,0,,1,0,Wright,Meg,Olympia Gymnastic Sports,01/01/0001,,3,19900,2,0,0,E8,100,,,,,,,,,,,,
1857,8050cb81-30bf-47a6-4b0f-a892199e19c8,TCI #1 2023 AGE Interclub Trampoline Championships,,DMT,13-14 Years Female,Qualification,1,,1,TRUE,4,59400,0,99,0,,1,0,Wright,Meg,Olympia Gymnastic Sports,01/01/0001,,3,19900,2,0,0,E∑,192,4,4,0,0,0,0,0,0,0,0,0,0
1858,8050cb81-30bf-47a6-4b0f-a892199e19c8,TCI #1 2023 AGE Interclub Trampoline Championships,,DMT,13-14 Years Female,Qualification,1,,1,TRUE,4,59400,0,99,0,,1,0,Wright,Meg,Olympia Gymnastic Sports,01/01/0001,,3,19900,2,0,0,T,0,,,,,,,,,,,,
1859,8050cb81-30bf-47a6-4b0f-a892199e19c8,TCI #1 2023 AGE Interclub Trampoline Championships,,DMT,13-14 Years Female,Qualification,1,,1,TRUE,4,59400,0,99,0,,1,0,Wright,Meg,Olympia Gymnastic Sports,01/01/0001,,3,19900,2,0,0,D,7,0,,,,,,,,,,,
1860,8050cb81-30bf-47a6-4b0f-a892199e19c8,TCI #1 2023 AGE Interclub Trampoline Championships,,DMT,13-14 Years Female,Qualification,1,,1,TRUE,4,59400,0,99,0,,1,0,Wright,Meg,Olympia Gymnastic Sports,01/01/0001,,3,19900,2,0,0,H,0,0,0,,,,,,,,,,
1861,8050cb81-30bf-47a6-4b0f-a892199e19c8,TCI #1 2023 AGE Interclub Trampoline Championships,,DMT,13-14 Years Female,Qualification,1,,2,TRUE,7,39800,0,99,0,,1,0,Johnson,Phoenix,ICE Gymsports North Canterbury,01/01/0001,,1,19700,2,0,0,E1,93,3,3,,,,,,,,,1,0
1862,8050cb81-30bf-47a6-4b0f-a892199e19c8,TCI #1 2023 AGE Interclub Trampoline Championships,,DMT,13-14 Years Female,Qualification,1,,2,TRUE,7,39800,0,99,0,,1,0,Johnson,Phoenix,ICE Gymsports North Canterbury,01/01/0001,,1,19700,2,0,0,E2,92,3,3,,,,,,,,,2,0
1863,8050cb81-30bf-47a6-4b0f-a892199e19c8,TCI #1 2023 AGE Interclub Trampoline Championships,,DMT,13-14 Years Female,Qualification,1,,2,TRUE,7,39800,0,99,0,,1,0,Johnson,Phoenix,ICE Gymsports North Canterbury,01/01/0001,,1,19700,2,0,0,E3,91,3,3,,,,,,,,,3,0
1864,8050cb81-30bf-47a6-4b0f-a892199e19c8,TCI #1 2023 AGE Interclub Trampoline Championships,,DMT,13-14 Years Female,Qualification,1,,2,TRUE,7,39800,0,99,0,,1,0,Johnson,Phoenix,ICE Gymsports North Canterbury,01/01/0001,,1,19700,2,0,0,E4,100,,,,,,,,,,,,
1865,8050cb81-30bf-47a6-4b0f-a892199e19c8,TCI #1 2023 AGE Interclub Trampoline Championships,,DMT,13-14 Years Female,Qualification,1,,2,TRUE,7,39800,0,99,0,,1,0,Johnson,Phoenix,ICE Gymsports North Canterbury,01/01/0001,,1,19700,2,0,0,E5,100,,,,,,,,,,,,
1866,8050cb81-30bf-47a6-4b0f-a892199e19c8,TCI #1 2023 AGE Interclub Trampoline Championships,,DMT,13-14 Years Female,Qualification,1,,2,TRUE,7,39800,0,99,0,,1,0,Johnson,Phoenix,ICE Gymsports North Canterbury,01/01/0001,,1,19700,2,0,0,E8,100,,,,,,,,,,,,
1867,8050cb81-30bf-47a6-4b0f-a892199e19c8,TCI #1 2023 AGE Interclub Trampoline Championships,,DMT,13-14 Years Female,Qualification,1,,2,TRUE,7,39800,0,99,0,,1,0,Johnson,Phoenix,ICE Gymsports North Canterbury,01/01/0001,,1,19700,2,0,0,E∑,185,6,6,0,0,0,0,0,0,0,0,3,0
1868,8050cb81-30bf-47a6-4b0f-a892199e19c8,TCI #1 2023 AGE Interclub Trampoline Championships,,DMT,13-14 Years Female,Qualification,1,,2,TRUE,7,39800,0,99,0,,1,0,Johnson,Phoenix,ICE Gymsports North Canterbury,01/01/0001,,1,19700,2,0,0,T,0,,,,,,,,,,,,
1869,8050cb81-30bf-47a6-4b0f-a892199e19c8,TCI #1 2023 AGE Interclub Trampoline Championships,,DMT,13-14 Years Female,Qualification,1,,2,TRUE,7,39800,0,99,0,,1,0,Johnson,Phoenix,ICE Gymsports North Canterbury,01/01/0001,,1,19700,2,0,0,D,12,0,,,,,,,,,,,
1870,8050cb81-30bf-47a6-4b0f-a892199e19c8,TCI #1 2023 AGE Interclub Trampoline Championships,,DMT,13-14 Years Female,Qualification,1,,2,TRUE,7,39800,0,99,0,,1,0,Johnson,Phoenix,ICE Gymsports North Canterbury,01/01/0001,,1,19700,2,0,0,H,0,0,0,,,,,,,,,,
1871,8050cb81-30bf-47a6-4b0f-a892199e19c8,TCI #1 2023 AGE Interclub Trampoline Championships,,DMT,13-14 Years Female,Qualification,1,,2,TRUE,7,39800,0,99,0,,1,0,Johnson,Phoenix,ICE Gymsports North Canterbury,01/01/0001,,2,20100,2,0,6,E1,94,2,3,,,,,,,,,1,0
1872,8050cb81-30bf-47a6-4b0f-a892199e19c8,TCI #1 2023 AGE Interclub Trampoline Championships,,DMT,13-14 Years Female,Qualification,1,,2,TRUE,7,39800,0,99,0,,1,0,Johnson,Phoenix,ICE Gymsports North Canterbury,01/01/0001,,2,20100,2,0,6,E2,95,2,2,,,,,,,,,1,0
1873,8050cb81-30bf-47a6-4b0f-a892199e19c8,TCI #1 2023 AGE Interclub Trampoline Championships,,DMT,13-14 Years Female,Qualification,1,,2,TRUE,7,39800,0,99,0,,1,0,Johnson,Phoenix,ICE Gymsports North Canterbury,01/01/0001,,2,20100,2,0,6,E3,96,2,2,,,,,,,,,0,0
1874,8050cb81-30bf-47a6-4b0f-a892199e19c8,TCI #1 2023 AGE Interclub Trampoline Championships,,DMT,13-14 Years Female,Qualification,1,,2,TRUE,7,39800,0,99,0,,1,0,Johnson,Phoenix,ICE Gymsports North Canterbury,01/01/0001,,2,20100,2,0,6,E4,100,,,,,,,,,,,,
1875,8050cb81-30bf-47a6-4b0f-a892199e19c8,TCI #1 2023 AGE Interclub Trampoline Championships,,DMT,13-14 Years Female,Qualification,1,,2,TRUE,7,39800,0,99,0,,1,0,Johnson,Phoenix,ICE Gymsports North Canterbury,01/01/0001,,2,20100,2,0,6,E5,100,,,,,,,,,,,,
1876,8050cb81-30bf-47a6-4b0f-a892199e19c8,TCI #1 2023 AGE Interclub Trampoline Championships,,DMT,13-14 Years Female,Qualification,1,,2,TRUE,7,39800,0,99,0,,1,0,Johnson,Phoenix,ICE Gymsports North Canterbury,01/01/0001,,2,20100,2,0,6,E8,100,,,,,,,,,,,,
1877,8050cb81-30bf-47a6-4b0f-a892199e19c8,TCI #1 2023 AGE Interclub Trampoline Championships,,DMT,13-14 Years Female,Qualification,1,,2,TRUE,7,39800,0,99,0,,1,0,Johnson,Phoenix,ICE Gymsports North Canterbury,01/01/0001,,2,20100,2,0,6,E∑,191,4,4,0,0,0,0,0,0,0,0,1,0
1878,8050cb81-30bf-47a6-4b0f-a892199e19c8,TCI #1 2023 AGE Interclub Trampoline Championships,,DMT,13-14 Years Female,Qualification,1,,2,TRUE,7,39800,0,99,0,,1,0,Johnson,Phoenix,ICE Gymsports North Canterbury,01/01/0001,,2,20100,2,0,6,T,0,,,,,,,,,,,,
1879,8050cb81-30bf-47a6-4b0f-a892199e19c8,TCI #1 2023 AGE Interclub Trampoline Championships,,DMT,13-14 Years Female,Qualification,1,,2,TRUE,7,39800,0,99,0,,1,0,Johnson,Phoenix,ICE Gymsports North Canterbury,01/01/0001,,2,20100,2,0,6,D,16,0,,,,,,,,,,,
1880,8050cb81-30bf-47a6-4b0f-a892199e19c8,TCI #1 2023 AGE Interclub Trampoline Championships,,DMT,13-14 Years Female,Qualification,1,,2,TRUE,7,39800,0,99,0,,1,0,Johnson,Phoenix,ICE Gymsports North Canterbury,01/01/0001,,2,20100,2,0,6,H,0,0,0,,,,,,,,,,
1881,8050cb81-30bf-47a6-4b0f-a892199e19c8,TCI #1 2023 AGE Interclub Trampoline Championships,,DMT,13-14 Years Female,Qualification,1,,2,TRUE,7,39800,0,99,0,,1,0,Johnson,Phoenix,ICE Gymsports North Canterbury,01/01/0001,,3,0,0,0,-1,E1,0,,,,,,,,,,,,
1882,8050cb81-30bf-47a6-4b0f-a892199e19c8,TCI #1 2023 AGE Interclub Trampoline Championships,,DMT,13-14 Years Female,Qualification,1,,2,TRUE,7,39800,0,99,0,,1,0,Johnson,Phoenix,ICE Gymsports North Canterbury,01/01/0001,,3,0,0,0,-1,E2,0,,,,,,,,,,,,
1883,8050cb81-30bf-47a6-4b0f-a892199e19c8,TCI #1 2023 AGE Interclub Trampoline Championships,,DMT,13-14 Years Female,Qualification,1,,2,TRUE,7,39800,0,99,0,,1,0,Johnson,Phoenix,ICE Gymsports North Canterbury,01/01/0001,,3,0,0,0,-1,E3,0,,,,,,,,,,,,
1884,8050cb81-30bf-47a6-4b0f-a892199e19c8,TCI #1 2023 AGE Interclub Trampoline Championships,,DMT,13-14 Years Female,Qualification,1,,2,TRUE,7,39800,0,99,0,,1,0,Johnson,Phoenix,ICE Gymsports North Canterbury,01/01/0001,,3,0,0,0,-1,E4,0,,,,,,,,,,,,
1885,8050cb81-30bf-47a6-4b0f-a892199e19c8,TCI #1 2023 AGE Interclub Trampoline Championships,,DMT,13-14 Years Female,Qualification,1,,2,TRUE,7,39800,0,99,0,,1,0,Johnson,Phoenix,ICE Gymsports North Canterbury,01/01/0001,,3,0,0,0,-1,E5,0,,,,,,,,,,,,
1886,8050cb81-30bf-47a6-4b0f-a892199e19c8,TCI #1 2023 AGE Interclub Trampoline Championships,,DMT,13-14 Years Female,Qualification,1,,2,TRUE,7,39800,0,99,0,,1,0,Johnson,Phoenix,ICE Gymsports North Canterbury,01/01/0001,,3,0,0,0,-1,E8,0,,,,,,,,,,,,
1887,8050cb81-30bf-47a6-4b0f-a892199e19c8,TCI #1 2023 AGE Interclub Trampoline Championships,,DMT,13-14 Years Female,Qualification,1,,2,TRUE,7,39800,0,99,0,,1,0,Johnson,Phoenix,ICE Gymsports North Canterbury,01/01/0001,,3,0,0,0,-1,E∑,0,0,0,0,0,0,0,0,0,0,0,0,0
1888,8050cb81-30bf-47a6-4b0f-a892199e19c8,TCI #1 2023 AGE Interclub Trampoline Championships,,DMT,13-14 Years Female,Qualification,1,,2,TRUE,7,39800,0,99,0,,1,0,Johnson,Phoenix,ICE Gymsports North Canterbury,01/01/0001,,3,0,0,0,-1,T,0,,,,,,,,,,,,
1889,8050cb81-30bf-47a6-4b0f-a892199e19c8,TCI #1 2023 AGE Interclub Trampoline Championships,,DMT,13-14 Years Female,Qualification,1,,2,TRUE,7,39800,0,99,0,,1,0,Johnson,Phoenix,ICE Gymsports North Canterbury,01/01/0001,,3,0,0,0,-1,D,0,0,,,,,,,,,,,
1890,8050cb81-30bf-47a6-4b0f-a892199e19c8,TCI #1 2023 AGE Interclub Trampoline Championships,,DMT,13-14 Years Female,Qualification,1,,2,TRUE,7,39800,0,99,0,,1,0,Johnson,Phoenix,ICE Gymsports North Canterbury,01/01/0001,,3,0,0,0,-1,H,0,0,0,,,,,,,,,,
1891,8050cb81-30bf-47a6-4b0f-a892199e19c8,TCI #1 2023 AGE Interclub Trampoline Championships,,DMT,13-14 Years Female,Qualification,1,,3,TRUE,8,20000,0,99,0,,1,0,Clarke,Zoe,ICE Gymsports North Canterbury,01/01/0001,,1,0,0,0,0,E1,0,,,,,,,,,,,,
1892,8050cb81-30bf-47a6-4b0f-a892199e19c8,TCI #1 2023 AGE Interclub Trampoline Championships,,DMT,13-14 Years Female,Qualification,1,,3,TRUE,8,20000,0,99,0,,1,0,Clarke,Zoe,ICE Gymsports North Canterbury,01/01/0001,,1,0,0,0,0,E2,0,,,,,,,,,,,,
1893,8050cb81-30bf-47a6-4b0f-a892199e19c8,TCI #1 2023 AGE Interclub Trampoline Championships,,DMT,13-14 Years Female,Qualification,1,,3,TRUE,8,20000,0,99,0,,1,0,Clarke,Zoe,ICE Gymsports North Canterbury,01/01/0001,,1,0,0,0,0,E3,0,,,,,,,,,,,,
1894,8050cb81-30bf-47a6-4b0f-a892199e19c8,TCI #1 2023 AGE Interclub Trampoline Championships,,DMT,13-14 Years Female,Qualification,1,,3,TRUE,8,20000,0,99,0,,1,0,Clarke,Zoe,ICE Gymsports North Canterbury,01/01/0001,,1,0,0,0,0,E4,0,,,,,,,,,,,,
1895,8050cb81-30bf-47a6-4b0f-a892199e19c8,TCI #1 2023 AGE Interclub Trampoline Championships,,DMT,13-14 Years Female,Qualification,1,,3,TRUE,8,20000,0,99,0,,1,0,Clarke,Zoe,ICE Gymsports North Canterbury,01/01/0001,,1,0,0,0,0,E5,0,,,,,,,,,,,,
1896,8050cb81-30bf-47a6-4b0f-a892199e19c8,TCI #1 2023 AGE Interclub Trampoline Championships,,DMT,13-14 Years Female,Qualification,1,,3,TRUE,8,20000,0,99,0,,1,0,Clarke,Zoe,ICE Gymsports North Canterbury,01/01/0001,,1,0,0,0,0,E8,0,,,,,,,,,,,,
1897,8050cb81-30bf-47a6-4b0f-a892199e19c8,TCI #1 2023 AGE Interclub Trampoline Championships,,DMT,13-14 Years Female,Qualification,1,,3,TRUE,8,20000,0,99,0,,1,0,Clarke,Zoe,ICE Gymsports North Canterbury,01/01/0001,,1,0,0,0,0,E∑,0,0,0,0,0,0,0,0,0,0,0,0,0
1898,8050cb81-30bf-47a6-4b0f-a892199e19c8,TCI #1 2023 AGE Interclub Trampoline Championships,,DMT,13-14 Years Female,Qualification,1,,3,TRUE,8,20000,0,99,0,,1,0,Clarke,Zoe,ICE Gymsports North Canterbury,01/01/0001,,1,0,0,0,0,T,0,,,,,,,,,,,,
1899,8050cb81-30bf-47a6-4b0f-a892199e19c8,TCI #1 2023 AGE Interclub Trampoline Championships,,DMT,13-14 Years Female,Qualification,1,,3,TRUE,8,20000,0,99,0,,1,0,Clarke,Zoe,ICE Gymsports North Canterbury,01/01/0001,,1,0,0,0,0,D,0,0,,,,,,,,,,,
1900,8050cb81-30bf-47a6-4b0f-a892199e19c8,TCI #1 2023 AGE Interclub Trampoline Championships,,DMT,13-14 Years Female,Qualification,1,,3,TRUE,8,20000,0,99,0,,1,0,Clarke,Zoe,ICE Gymsports North Canterbury,01/01/0001,,1,0,0,0,0,H,0,0,0,,,,,,,,,,
1901,8050cb81-30bf-47a6-4b0f-a892199e19c8,TCI #1 2023 AGE Interclub Trampoline Championships,,DMT,13-14 Years Female,Qualification,1,,3,TRUE,8,20000,0,99,0,,1,0,Clarke,Zoe,ICE Gymsports North Canterbury,01/01/0001,,2,20000,2,0,0,E1,100,,,,,,,,,,,,
1902,8050cb81-30bf-47a6-4b0f-a892199e19c8,TCI #1 2023 AGE Interclub Trampoline Championships,,DMT,13-14 Years Female,Qualification,1,,3,TRUE,8,20000,0,99,0,,1,0,Clarke,Zoe,ICE Gymsports North Canterbury,01/01/0001,,2,20000,2,0,0,E2,100,,,,,,,,,,,,
1903,8050cb81-30bf-47a6-4b0f-a892199e19c8,TCI #1 2023 AGE Interclub Trampoline Championships,,DMT,13-14 Years Female,Qualification,1,,3,TRUE,8,20000,0,99,0,,1,0,Clarke,Zoe,ICE Gymsports North Canterbury,01/01/0001,,2,20000,2,0,0,E3,100,,,,,,,,,,,,
1904,8050cb81-30bf-47a6-4b0f-a892199e19c8,TCI #1 2023 AGE Interclub Trampoline Championships,,DMT,13-14 Years Female,Qualification,1,,3,TRUE,8,20000,0,99,0,,1,0,Clarke,Zoe,ICE Gymsports North Canterbury,01/01/0001,,2,20000,2,0,0,E4,100,,,,,,,,,,,,
1905,8050cb81-30bf-47a6-4b0f-a892199e19c8,TCI #1 2023 AGE Interclub Trampoline Championships,,DMT,13-14 Years Female,Qualification,1,,3,TRUE,8,20000,0,99,0,,1,0,Clarke,Zoe,ICE Gymsports North Canterbury,01/01/0001,,2,20000,2,0,0,E5,100,,,,,,,,,,,,
1906,8050cb81-30bf-47a6-4b0f-a892199e19c8,TCI #1 2023 AGE Interclub Trampoline Championships,,DMT,13-14 Years Female,Qualification,1,,3,TRUE,8,20000,0,99,0,,1,0,Clarke,Zoe,ICE Gymsports North Canterbury,01/01/0001,,2,20000,2,0,0,E8,100,,,,,,,,,,,,
1907,8050cb81-30bf-47a6-4b0f-a892199e19c8,TCI #1 2023 AGE Interclub Trampoline Championships,,DMT,13-14 Years Female,Qualification,1,,3,TRUE,8,20000,0,99,0,,1,0,Clarke,Zoe,ICE Gymsports North Canterbury,01/01/0001,,2,20000,2,0,0,E∑,200,0,0,0,0,0,0,0,0,0,0,0,0
1908,8050cb81-30bf-47a6-4b0f-a892199e19c8,TCI #1 2023 AGE Interclub Trampoline Championships,,DMT,13-14 Years Female,Qualification,1,,3,TRUE,8,20000,0,99,0,,1,0,Clarke,Zoe,ICE Gymsports North Canterbury,01/01/0001,,2,20000,2,0,0,T,0,,,,,,,,,,,,
1909,8050cb81-30bf-47a6-4b0f-a892199e19c8,TCI #1 2023 AGE Interclub Trampoline Championships,,DMT,13-14 Years Female,Qualification,1,,3,TRUE,8,20000,0,99,0,,1,0,Clarke,Zoe,ICE Gymsports North Canterbury,01/01/0001,,2,20000,2,0,0,D,0,0,,,,,,,,,,,
1910,8050cb81-30bf-47a6-4b0f-a892199e19c8,TCI #1 2023 AGE Interclub Trampoline Championships,,DMT,13-14 Years Female,Qualification,1,,3,TRUE,8,20000,0,99,0,,1,0,Clarke,Zoe,ICE Gymsports North Canterbury,01/01/0001,,2,20000,2,0,0,H,0,0,0,,,,,,,,,,
1911,8050cb81-30bf-47a6-4b0f-a892199e19c8,TCI #1 2023 AGE Interclub Trampoline Championships,,DMT,13-14 Years Female,Qualification,1,,3,TRUE,8,20000,0,99,0,,1,0,Clarke,Zoe,ICE Gymsports North Canterbury,01/01/0001,,3,0,0,0,0,E1,0,,,,,,,,,,,,
1912,8050cb81-30bf-47a6-4b0f-a892199e19c8,TCI #1 2023 AGE Interclub Trampoline Championships,,DMT,13-14 Years Female,Qualification,1,,3,TRUE,8,20000,0,99,0,,1,0,Clarke,Zoe,ICE Gymsports North Canterbury,01/01/0001,,3,0,0,0,0,E2,0,,,,,,,,,,,,
1913,8050cb81-30bf-47a6-4b0f-a892199e19c8,TCI #1 2023 AGE Interclub Trampoline Championships,,DMT,13-14 Years Female,Qualification,1,,3,TRUE,8,20000,0,99,0,,1,0,Clarke,Zoe,ICE Gymsports North Canterbury,01/01/0001,,3,0,0,0,0,E3,0,,,,,,,,,,,,
1914,8050cb81-30bf-47a6-4b0f-a892199e19c8,TCI #1 2023 AGE Interclub Trampoline Championships,,DMT,13-14 Years Female,Qualification,1,,3,TRUE,8,20000,0,99,0,,1,0,Clarke,Zoe,ICE Gymsports North Canterbury,01/01/0001,,3,0,0,0,0,E4,0,,,,,,,,,,,,
1915,8050cb81-30bf-47a6-4b0f-a892199e19c8,TCI #1 2023 AGE Interclub Trampoline Championships,,DMT,13-14 Years Female,Qualification,1,,3,TRUE,8,20000,0,99,0,,1,0,Clarke,Zoe,ICE Gymsports North Canterbury,01/01/0001,,3,0,0,0,0,E5,0,,,,,,,,,,,,
1916,8050cb81-30bf-47a6-4b0f-a892199e19c8,TCI #1 2023 AGE Interclub Trampoline Championships,,DMT,13-14 Years Female,Qualification,1,,3,TRUE,8,20000,0,99,0,,1,0,Clarke,Zoe,ICE Gymsports North Canterbury,01/01/0001,,3,0,0,0,0,E8,0,,,,,,,,,,,,
1917,8050cb81-30bf-47a6-4b0f-a892199e19c8,TCI #1 2023 AGE Interclub Trampoline Championships,,DMT,13-14 Years Female,Qualification,1,,3,TRUE,8,20000,0,99,0,,1,0,Clarke,Zoe,ICE Gymsports North Canterbury,01/01/0001,,3,0,0,0,0,E∑,0,0,0,0,0,0,0,0,0,0,0,0,0
1918,8050cb81-30bf-47a6-4b0f-a892199e19c8,TCI #1 2023 AGE Interclub Trampoline Championships,,DMT,13-14 Years Female,Qualification,1,,3,TRUE,8,20000,0,99,0,,1,0,Clarke,Zoe,ICE Gymsports North Canterbury,01/01/0001,,3,0,0,0,0,T,0,,,,,,,,,,,,
1919,8050cb81-30bf-47a6-4b0f-a892199e19c8,TCI #1 2023 AGE Interclub Trampoline Championships,,DMT,13-14 Years Female,Qualification,1,,3,TRUE,8,20000,0,99,0,,1,0,Clarke,Zoe,ICE Gymsports North Canterbury,01/01/0001,,3,0,0,0,0,D,0,0,,,,,,,,,,,
1920,8050cb81-30bf-47a6-4b0f-a892199e19c8,TCI #1 2023 AGE Interclub Trampoline Championships,,DMT,13-14 Years Female,Qualification,1,,3,TRUE,8,20000,0,99,0,,1,0,Clarke,Zoe,ICE Gymsports North Canterbury,01/01/0001,,3,0,0,0,0,H,0,0,0,,,,,,,,,,
1921,8050cb81-30bf-47a6-4b0f-a892199e19c8,TCI #1 2023 AGE Interclub Trampoline Championships,,DMT,13-14 Years Female,Qualification,1,,4,TRUE,1,61500,0,99,0,,1,0,Glanville,Finleigh,Dynamic Gymnastics Sports,01/01/0001,,1,20700,2,0,0,E1,96,1,2,,,,,,,,,1,0
1922,8050cb81-30bf-47a6-4b0f-a892199e19c8,TCI #1 2023 AGE Interclub Trampoline Championships,,DMT,13-14 Years Female,Qualification,1,,4,TRUE,1,61500,0,99,0,,1,0,Glanville,Finleigh,Dynamic Gymnastics Sports,01/01/0001,,1,20700,2,0,0,E2,97,1,1,,,,,,,,,1,0
1923,8050cb81-30bf-47a6-4b0f-a892199e19c8,TCI #1 2023 AGE Interclub Trampoline Championships,,DMT,13-14 Years Female,Qualification,1,,4,TRUE,1,61500,0,99,0,,1,0,Glanville,Finleigh,Dynamic Gymnastics Sports,01/01/0001,,1,20700,2,0,0,E3,97,1,1,,,,,,,,,1,0
1924,8050cb81-30bf-47a6-4b0f-a892199e19c8,TCI #1 2023 AGE Interclub Trampoline Championships,,DMT,13-14 Years Female,Qualification,1,,4,TRUE,1,61500,0,99,0,,1,0,Glanville,Finleigh,Dynamic Gymnastics Sports,01/01/0001,,1,20700,2,0,0,E4,100,,,,,,,,,,,,
1925,8050cb81-30bf-47a6-4b0f-a892199e19c8,TCI #1 2023 AGE Interclub Trampoline Championships,,DMT,13-14 Years Female,Qualification,1,,4,TRUE,1,61500,0,99,0,,1,0,Glanville,Finleigh,Dynamic Gymnastics Sports,01/01/0001,,1,20700,2,0,0,E5,100,,,,,,,,,,,,
1926,8050cb81-30bf-47a6-4b0f-a892199e19c8,TCI #1 2023 AGE Interclub Trampoline Championships,,DMT,13-14 Years Female,Qualification,1,,4,TRUE,1,61500,0,99,0,,1,0,Glanville,Finleigh,Dynamic Gymnastics Sports,01/01/0001,,1,20700,2,0,0,E8,100,,,,,,,,,,,,
1927,8050cb81-30bf-47a6-4b0f-a892199e19c8,TCI #1 2023 AGE Interclub Trampoline Championships,,DMT,13-14 Years Female,Qualification,1,,4,TRUE,1,61500,0,99,0,,1,0,Glanville,Finleigh,Dynamic Gymnastics Sports,01/01/0001,,1,20700,2,0,0,E∑,194,2,2,0,0,0,0,0,0,0,0,2,0
1928,8050cb81-30bf-47a6-4b0f-a892199e19c8,TCI #1 2023 AGE Interclub Trampoline Championships,,DMT,13-14 Years Female,Qualification,1,,4,TRUE,1,61500,0,99,0,,1,0,Glanville,Finleigh,Dynamic Gymnastics Sports,01/01/0001,,1,20700,2,0,0,T,0,,,,,,,,,,,,
1929,8050cb81-30bf-47a6-4b0f-a892199e19c8,TCI #1 2023 AGE Interclub Trampoline Championships,,DMT,13-14 Years Female,Qualification,1,,4,TRUE,1,61500,0,99,0,,1,0,Glanville,Finleigh,Dynamic Gymnastics Sports,01/01/0001,,1,20700,2,0,0,D,13,0,,,,,,,,,,,
1930,8050cb81-30bf-47a6-4b0f-a892199e19c8,TCI #1 2023 AGE Interclub Trampoline Championships,,DMT,13-14 Years Female,Qualification,1,,4,TRUE,1,61500,0,99,0,,1,0,Glanville,Finleigh,Dynamic Gymnastics Sports,01/01/0001,,1,20700,2,0,0,H,0,0,0,,,,,,,,,,
1931,8050cb81-30bf-47a6-4b0f-a892199e19c8,TCI #1 2023 AGE Interclub Trampoline Championships,,DMT,13-14 Years Female,Qualification,1,,4,TRUE,1,61500,0,99,0,,1,0,Glanville,Finleigh,Dynamic Gymnastics Sports,01/01/0001,,2,19800,2,0,6,E1,95,2,2,,,,,,,,,1,0
1932,8050cb81-30bf-47a6-4b0f-a892199e19c8,TCI #1 2023 AGE Interclub Trampoline Championships,,DMT,13-14 Years Female,Qualification,1,,4,TRUE,1,61500,0,99,0,,1,0,Glanville,Finleigh,Dynamic Gymnastics Sports,01/01/0001,,2,19800,2,0,6,E2,95,2,2,,,,,,,,,1,0
1933,8050cb81-30bf-47a6-4b0f-a892199e19c8,TCI #1 2023 AGE Interclub Trampoline Championships,,DMT,13-14 Years Female,Qualification,1,,4,TRUE,1,61500,0,99,0,,1,0,Glanville,Finleigh,Dynamic Gymnastics Sports,01/01/0001,,2,19800,2,0,6,E3,96,1,2,,,,,,,,,1,0
1934,8050cb81-30bf-47a6-4b0f-a892199e19c8,TCI #1 2023 AGE Interclub Trampoline Championships,,DMT,13-14 Years Female,Qualification,1,,4,TRUE,1,61500,0,99,0,,1,0,Glanville,Finleigh,Dynamic Gymnastics Sports,01/01/0001,,2,19800,2,0,6,E4,100,,,,,,,,,,,,
1935,8050cb81-30bf-47a6-4b0f-a892199e19c8,TCI #1 2023 AGE Interclub Trampoline Championships,,DMT,13-14 Years Female,Qualification,1,,4,TRUE,1,61500,0,99,0,,1,0,Glanville,Finleigh,Dynamic Gymnastics Sports,01/01/0001,,2,19800,2,0,6,E5,100,,,,,,,,,,,,
1936,8050cb81-30bf-47a6-4b0f-a892199e19c8,TCI #1 2023 AGE Interclub Trampoline Championships,,DMT,13-14 Years Female,Qualification,1,,4,TRUE,1,61500,0,99,0,,1,0,Glanville,Finleigh,Dynamic Gymnastics Sports,01/01/0001,,2,19800,2,0,6,E8,100,,,,,,,,,,,,
1937,8050cb81-30bf-47a6-4b0f-a892199e19c8,TCI #1 2023 AGE Interclub Trampoline Championships,,DMT,13-14 Years Female,Qualification,1,,4,TRUE,1,61500,0,99,0,,1,0,Glanville,Finleigh,Dynamic Gymnastics Sports,01/01/0001,,2,19800,2,0,6,E∑,191,3,4,0,0,0,0,0,0,0,0,2,0
1938,8050cb81-30bf-47a6-4b0f-a892199e19c8,TCI #1 2023 AGE Interclub Trampoline Championships,,DMT,13-14 Years Female,Qualification,1,,4,TRUE,1,61500,0,99,0,,1,0,Glanville,Finleigh,Dynamic Gymnastics Sports,01/01/0001,,2,19800,2,0,6,T,0,,,,,,,,,,,,
1939,8050cb81-30bf-47a6-4b0f-a892199e19c8,TCI #1 2023 AGE Interclub Trampoline Championships,,DMT,13-14 Years Female,Qualification,1,,4,TRUE,1,61500,0,99,0,,1,0,Glanville,Finleigh,Dynamic Gymnastics Sports,01/01/0001,,2,19800,2,0,6,D,13,0,,,,,,,,,,,
1940,8050cb81-30bf-47a6-4b0f-a892199e19c8,TCI #1 2023 AGE Interclub Trampoline Championships,,DMT,13-14 Years Female,Qualification,1,,4,TRUE,1,61500,0,99,0,,1,0,Glanville,Finleigh,Dynamic Gymnastics Sports,01/01/0001,,2,19800,2,0,6,H,0,0,0,,,,,,,,,,
1941,8050cb81-30bf-47a6-4b0f-a892199e19c8,TCI #1 2023 AGE Interclub Trampoline Championships,,DMT,13-14 Years Female,Qualification,1,,4,TRUE,1,61500,0,99,0,,1,0,Glanville,Finleigh,Dynamic Gymnastics Sports,01/01/0001,,3,21000,2,0,0,E1,94,1,2,,,,,,,,,3,0
1942,8050cb81-30bf-47a6-4b0f-a892199e19c8,TCI #1 2023 AGE Interclub Trampoline Championships,,DMT,13-14 Years Female,Qualification,1,,4,TRUE,1,61500,0,99,0,,1,0,Glanville,Finleigh,Dynamic Gymnastics Sports,01/01/0001,,3,21000,2,0,0,E2,94,1,2,,,,,,,,,3,0
1943,8050cb81-30bf-47a6-4b0f-a892199e19c8,TCI #1 2023 AGE Interclub Trampoline Championships,,DMT,13-14 Years Female,Qualification,1,,4,TRUE,1,61500,0,99,0,,1,0,Glanville,Finleigh,Dynamic Gymnastics Sports,01/01/0001,,3,21000,2,0,0,E3,96,0,1,,,,,,,,,3,0
1944,8050cb81-30bf-47a6-4b0f-a892199e19c8,TCI #1 2023 AGE Interclub Trampoline Championships,,DMT,13-14 Years Female,Qualification,1,,4,TRUE,1,61500,0,99,0,,1,0,Glanville,Finleigh,Dynamic Gymnastics Sports,01/01/0001,,3,21000,2,0,0,E4,100,,,,,,,,,,,,
1945,8050cb81-30bf-47a6-4b0f-a892199e19c8,TCI #1 2023 AGE Interclub Trampoline Championships,,DMT,13-14 Years Female,Qualification,1,,4,TRUE,1,61500,0,99,0,,1,0,Glanville,Finleigh,Dynamic Gymnastics Sports,01/01/0001,,3,21000,2,0,0,E5,100,,,,,,,,,,,,
1946,8050cb81-30bf-47a6-4b0f-a892199e19c8,TCI #1 2023 AGE Interclub Trampoline Championships,,DMT,13-14 Years Female,Qualification,1,,4,TRUE,1,61500,0,99,0,,1,0,Glanville,Finleigh,Dynamic Gymnastics Sports,01/01/0001,,3,21000,2,0,0,E8,100,,,,,,,,,,,,
1947,8050cb81-30bf-47a6-4b0f-a892199e19c8,TCI #1 2023 AGE Interclub Trampoline Championships,,DMT,13-14 Years Female,Qualification,1,,4,TRUE,1,61500,0,99,0,,1,0,Glanville,Finleigh,Dynamic Gymnastics Sports,01/01/0001,,3,21000,2,0,0,E∑,190,1,3,0,0,0,0,0,0,0,0,6,0
1948,8050cb81-30bf-47a6-4b0f-a892199e19c8,TCI #1 2023 AGE Interclub Trampoline Championships,,DMT,13-14 Years Female,Qualification,1,,4,TRUE,1,61500,0,99,0,,1,0,Glanville,Finleigh,Dynamic Gymnastics Sports,01/01/0001,,3,21000,2,0,0,T,0,,,,,,,,,,,,
1949,8050cb81-30bf-47a6-4b0f-a892199e19c8,TCI #1 2023 AGE Interclub Trampoline Championships,,DMT,13-14 Years Female,Qualification,1,,4,TRUE,1,61500,0,99,0,,1,0,Glanville,Finleigh,Dynamic Gymnastics Sports,01/01/0001,,3,21000,2,0,0,D,20,0,,,,,,,,,,,
1950,8050cb81-30bf-47a6-4b0f-a892199e19c8,TCI #1 2023 AGE Interclub Trampoline Championships,,DMT,13-14 Years Female,Qualification,1,,4,TRUE,1,61500,0,99,0,,1,0,Glanville,Finleigh,Dynamic Gymnastics Sports,01/01/0001,,3,21000,2,0,0,H,0,0,0,,,,,,,,,,
1951,8050cb81-30bf-47a6-4b0f-a892199e19c8,TCI #1 2023 AGE Interclub Trampoline Championships,,DMT,13-14 Years Female,Qualification,1,,5,TRUE,5,59300,0,99,0,,1,0,Judd,Addison,Dynamic Gymnastics Sports,01/01/0001,,1,19700,2,0,0,E1,96,2,2,,,,,,,,,0,0
1952,8050cb81-30bf-47a6-4b0f-a892199e19c8,TCI #1 2023 AGE Interclub Trampoline Championships,,DMT,13-14 Years Female,Qualification,1,,5,TRUE,5,59300,0,99,0,,1,0,Judd,Addison,Dynamic Gymnastics Sports,01/01/0001,,1,19700,2,0,0,E2,93,4,3,,,,,,,,,0,0
1953,8050cb81-30bf-47a6-4b0f-a892199e19c8,TCI #1 2023 AGE Interclub Trampoline Championships,,DMT,13-14 Years Female,Qualification,1,,5,TRUE,5,59300,0,99,0,,1,0,Judd,Addison,Dynamic Gymnastics Sports,01/01/0001,,1,19700,2,0,0,E3,94,3,3,,,,,,,,,0,0
1954,8050cb81-30bf-47a6-4b0f-a892199e19c8,TCI #1 2023 AGE Interclub Trampoline Championships,,DMT,13-14 Years Female,Qualification,1,,5,TRUE,5,59300,0,99,0,,1,0,Judd,Addison,Dynamic Gymnastics Sports,01/01/0001,,1,19700,2,0,0,E4,100,,,,,,,,,,,,
1955,8050cb81-30bf-47a6-4b0f-a892199e19c8,TCI #1 2023 AGE Interclub Trampoline Championships,,DMT,13-14 Years Female,Qualification,1,,5,TRUE,5,59300,0,99,0,,1,0,Judd,Addison,Dynamic Gymnastics Sports,01/01/0001,,1,19700,2,0,0,E5,100,,,,,,,,,,,,
1956,8050cb81-30bf-47a6-4b0f-a892199e19c8,TCI #1 2023 AGE Interclub Trampoline Championships,,DMT,13-14 Years Female,Qualification,1,,5,TRUE,5,59300,0,99,0,,1,0,Judd,Addison,Dynamic Gymnastics Sports,01/01/0001,,1,19700,2,0,0,E8,100,,,,,,,,,,,,
1957,8050cb81-30bf-47a6-4b0f-a892199e19c8,TCI #1 2023 AGE Interclub Trampoline Championships,,DMT,13-14 Years Female,Qualification,1,,5,TRUE,5,59300,0,99,0,,1,0,Judd,Addison,Dynamic Gymnastics Sports,01/01/0001,,1,19700,2,0,0,E∑,190,5,5,0,0,0,0,0,0,0,0,0,0
1958,8050cb81-30bf-47a6-4b0f-a892199e19c8,TCI #1 2023 AGE Interclub Trampoline Championships,,DMT,13-14 Years Female,Qualification,1,,5,TRUE,5,59300,0,99,0,,1,0,Judd,Addison,Dynamic Gymnastics Sports,01/01/0001,,1,19700,2,0,0,T,0,,,,,,,,,,,,
1959,8050cb81-30bf-47a6-4b0f-a892199e19c8,TCI #1 2023 AGE Interclub Trampoline Championships,,DMT,13-14 Years Female,Qualification,1,,5,TRUE,5,59300,0,99,0,,1,0,Judd,Addison,Dynamic Gymnastics Sports,01/01/0001,,1,19700,2,0,0,D,7,0,,,,,,,,,,,
1960,8050cb81-30bf-47a6-4b0f-a892199e19c8,TCI #1 2023 AGE Interclub Trampoline Championships,,DMT,13-14 Years Female,Qualification,1,,5,TRUE,5,59300,0,99,0,,1,0,Judd,Addison,Dynamic Gymnastics Sports,01/01/0001,,1,19700,2,0,0,H,0,0,0,,,,,,,,,,
1961,8050cb81-30bf-47a6-4b0f-a892199e19c8,TCI #1 2023 AGE Interclub Trampoline Championships,,DMT,13-14 Years Female,Qualification,1,,5,TRUE,5,59300,0,99,0,,1,0,Judd,Addison,Dynamic Gymnastics Sports,01/01/0001,,2,19700,2,0,6,E1,98,0,2,,,,,,,,,0,0
1962,8050cb81-30bf-47a6-4b0f-a892199e19c8,TCI #1 2023 AGE Interclub Trampoline Championships,,DMT,13-14 Years Female,Qualification,1,,5,TRUE,5,59300,0,99,0,,1,0,Judd,Addison,Dynamic Gymnastics Sports,01/01/0001,,2,19700,2,0,6,E2,98,0,2,,,,,,,,,0,0
1963,8050cb81-30bf-47a6-4b0f-a892199e19c8,TCI #1 2023 AGE Interclub Trampoline Championships,,DMT,13-14 Years Female,Qualification,1,,5,TRUE,5,59300,0,99,0,,1,0,Judd,Addison,Dynamic Gymnastics Sports,01/01/0001,,2,19700,2,0,6,E3,98,0,2,,,,,,,,,0,0
1964,8050cb81-30bf-47a6-4b0f-a892199e19c8,TCI #1 2023 AGE Interclub Trampoline Championships,,DMT,13-14 Years Female,Qualification,1,,5,TRUE,5,59300,0,99,0,,1,0,Judd,Addison,Dynamic Gymnastics Sports,01/01/0001,,2,19700,2,0,6,E4,100,,,,,,,,,,,,
1965,8050cb81-30bf-47a6-4b0f-a892199e19c8,TCI #1 2023 AGE Interclub Trampoline Championships,,DMT,13-14 Years Female,Qualification,1,,5,TRUE,5,59300,0,99,0,,1,0,Judd,Addison,Dynamic Gymnastics Sports,01/01/0001,,2,19700,2,0,6,E5,100,,,,,,,,,,,,
1966,8050cb81-30bf-47a6-4b0f-a892199e19c8,TCI #1 2023 AGE Interclub Trampoline Championships,,DMT,13-14 Years Female,Qualification,1,,5,TRUE,5,59300,0,99,0,,1,0,Judd,Addison,Dynamic Gymnastics Sports,01/01/0001,,2,19700,2,0,6,E8,100,,,,,,,,,,,,
1967,8050cb81-30bf-47a6-4b0f-a892199e19c8,TCI #1 2023 AGE Interclub Trampoline Championships,,DMT,13-14 Years Female,Qualification,1,,5,TRUE,5,59300,0,99,0,,1,0,Judd,Addison,Dynamic Gymnastics Sports,01/01/0001,,2,19700,2,0,6,E∑,196,0,4,0,0,0,0,0,0,0,0,0,0
1968,8050cb81-30bf-47a6-4b0f-a892199e19c8,TCI #1 2023 AGE Interclub Trampoline Championships,,DMT,13-14 Years Female,Qualification,1,,5,TRUE,5,59300,0,99,0,,1,0,Judd,Addison,Dynamic Gymnastics Sports,01/01/0001,,2,19700,2,0,6,T,0,,,,,,,,,,,,
1969,8050cb81-30bf-47a6-4b0f-a892199e19c8,TCI #1 2023 AGE Interclub Trampoline Championships,,DMT,13-14 Years Female,Qualification,1,,5,TRUE,5,59300,0,99,0,,1,0,Judd,Addison,Dynamic Gymnastics Sports,01/01/0001,,2,19700,2,0,6,D,7,0,,,,,,,,,,,
1970,8050cb81-30bf-47a6-4b0f-a892199e19c8,TCI #1 2023 AGE Interclub Trampoline Championships,,DMT,13-14 Years Female,Qualification,1,,5,TRUE,5,59300,0,99,0,,1,0,Judd,Addison,Dynamic Gymnastics Sports,01/01/0001,,2,19700,2,0,6,H,0,0,0,,,,,,,,,,
1971,8050cb81-30bf-47a6-4b0f-a892199e19c8,TCI #1 2023 AGE Interclub Trampoline Championships,,DMT,13-14 Years Female,Qualification,1,,5,TRUE,5,59300,0,99,0,,1,0,Judd,Addison,Dynamic Gymnastics Sports,01/01/0001,,3,19900,2,0,0,E1,96,2,2,,,,,,,,,0,0
1972,8050cb81-30bf-47a6-4b0f-a892199e19c8,TCI #1 2023 AGE Interclub Trampoline Championships,,DMT,13-14 Years Female,Qualification,1,,5,TRUE,5,59300,0,99,0,,1,0,Judd,Addison,Dynamic Gymnastics Sports,01/01/0001,,3,19900,2,0,0,E2,94,3,3,,,,,,,,,0,0
1973,8050cb81-30bf-47a6-4b0f-a892199e19c8,TCI #1 2023 AGE Interclub Trampoline Championships,,DMT,13-14 Years Female,Qualification,1,,5,TRUE,5,59300,0,99,0,,1,0,Judd,Addison,Dynamic Gymnastics Sports,01/01/0001,,3,19900,2,0,0,E3,96,2,2,,,,,,,,,0,0
1974,8050cb81-30bf-47a6-4b0f-a892199e19c8,TCI #1 2023 AGE Interclub Trampoline Championships,,DMT,13-14 Years Female,Qualification,1,,5,TRUE,5,59300,0,99,0,,1,0,Judd,Addison,Dynamic Gymnastics Sports,01/01/0001,,3,19900,2,0,0,E4,100,,,,,,,,,,,,
1975,8050cb81-30bf-47a6-4b0f-a892199e19c8,TCI #1 2023 AGE Interclub Trampoline Championships,,DMT,13-14 Years Female,Qualification,1,,5,TRUE,5,59300,0,99,0,,1,0,Judd,Addison,Dynamic Gymnastics Sports,01/01/0001,,3,19900,2,0,0,E5,100,,,,,,,,,,,,
1976,8050cb81-30bf-47a6-4b0f-a892199e19c8,TCI #1 2023 AGE Interclub Trampoline Championships,,DMT,13-14 Years Female,Qualification,1,,5,TRUE,5,59300,0,99,0,,1,0,Judd,Addison,Dynamic Gymnastics Sports,01/01/0001,,3,19900,2,0,0,E8,100,,,,,,,,,,,,
1977,8050cb81-30bf-47a6-4b0f-a892199e19c8,TCI #1 2023 AGE Interclub Trampoline Championships,,DMT,13-14 Years Female,Qualification,1,,5,TRUE,5,59300,0,99,0,,1,0,Judd,Addison,Dynamic Gymnastics Sports,01/01/0001,,3,19900,2,0,0,E∑,192,4,4,0,0,0,0,0,0,0,0,0,0
1978,8050cb81-30bf-47a6-4b0f-a892199e19c8,TCI #1 2023 AGE Interclub Trampoline Championships,,DMT,13-14 Years Female,Qualification,1,,5,TRUE,5,59300,0,99,0,,1,0,Judd,Addison,Dynamic Gymnastics Sports,01/01/0001,,3,19900,2,0,0,T,0,,,,,,,,,,,,
1979,8050cb81-30bf-47a6-4b0f-a892199e19c8,TCI #1 2023 AGE Interclub Trampoline Championships,,DMT,13-14 Years Female,Qualification,1,,5,TRUE,5,59300,0,99,0,,1,0,Judd,Addison,Dynamic Gymnastics Sports,01/01/0001,,3,19900,2,0,0,D,7,0,,,,,,,,,,,
1980,8050cb81-30bf-47a6-4b0f-a892199e19c8,TCI #1 2023 AGE Interclub Trampoline Championships,,DMT,13-14 Years Female,Qualification,1,,5,TRUE,5,59300,0,99,0,,1,0,Judd,Addison,Dynamic Gymnastics Sports,01/01/0001,,3,19900,2,0,0,H,0,0,0,,,,,,,,,,
1981,8050cb81-30bf-47a6-4b0f-a892199e19c8,TCI #1 2023 AGE Interclub Trampoline Championships,,DMT,13-14 Years Female,Qualification,1,,6,TRUE,9,0,0,99,0,,1,0,Stanley,Laura,Dynamic Gymnastics Sports,01/01/0001,,1,0,0,0,0,E1,0,,,,,,,,,,,,
1982,8050cb81-30bf-47a6-4b0f-a892199e19c8,TCI #1 2023 AGE Interclub Trampoline Championships,,DMT,13-14 Years Female,Qualification,1,,6,TRUE,9,0,0,99,0,,1,0,Stanley,Laura,Dynamic Gymnastics Sports,01/01/0001,,1,0,0,0,0,E2,0,,,,,,,,,,,,
1983,8050cb81-30bf-47a6-4b0f-a892199e19c8,TCI #1 2023 AGE Interclub Trampoline Championships,,DMT,13-14 Years Female,Qualification,1,,6,TRUE,9,0,0,99,0,,1,0,Stanley,Laura,Dynamic Gymnastics Sports,01/01/0001,,1,0,0,0,0,E3,0,,,,,,,,,,,,
1984,8050cb81-30bf-47a6-4b0f-a892199e19c8,TCI #1 2023 AGE Interclub Trampoline Championships,,DMT,13-14 Years Female,Qualification,1,,6,TRUE,9,0,0,99,0,,1,0,Stanley,Laura,Dynamic Gymnastics Sports,01/01/0001,,1,0,0,0,0,E4,0,,,,,,,,,,,,
1985,8050cb81-30bf-47a6-4b0f-a892199e19c8,TCI #1 2023 AGE Interclub Trampoline Championships,,DMT,13-14 Years Female,Qualification,1,,6,TRUE,9,0,0,99,0,,1,0,Stanley,Laura,Dynamic Gymnastics Sports,01/01/0001,,1,0,0,0,0,E5,0,,,,,,,,,,,,
1986,8050cb81-30bf-47a6-4b0f-a892199e19c8,TCI #1 2023 AGE Interclub Trampoline Championships,,DMT,13-14 Years Female,Qualification,1,,6,TRUE,9,0,0,99,0,,1,0,Stanley,Laura,Dynamic Gymnastics Sports,01/01/0001,,1,0,0,0,0,E8,0,,,,,,,,,,,,
1987,8050cb81-30bf-47a6-4b0f-a892199e19c8,TCI #1 2023 AGE Interclub Trampoline Championships,,DMT,13-14 Years Female,Qualification,1,,6,TRUE,9,0,0,99,0,,1,0,Stanley,Laura,Dynamic Gymnastics Sports,01/01/0001,,1,0,0,0,0,E∑,0,0,0,0,0,0,0,0,0,0,0,0,0
1988,8050cb81-30bf-47a6-4b0f-a892199e19c8,TCI #1 2023 AGE Interclub Trampoline Championships,,DMT,13-14 Years Female,Qualification,1,,6,TRUE,9,0,0,99,0,,1,0,Stanley,Laura,Dynamic Gymnastics Sports,01/01/0001,,1,0,0,0,0,T,0,,,,,,,,,,,,
1989,8050cb81-30bf-47a6-4b0f-a892199e19c8,TCI #1 2023 AGE Interclub Trampoline Championships,,DMT,13-14 Years Female,Qualification,1,,6,TRUE,9,0,0,99,0,,1,0,Stanley,Laura,Dynamic Gymnastics Sports,01/01/0001,,1,0,0,0,0,D,0,0,,,,,,,,,,,
1990,8050cb81-30bf-47a6-4b0f-a892199e19c8,TCI #1 2023 AGE Interclub Trampoline Championships,,DMT,13-14 Years Female,Qualification,1,,6,TRUE,9,0,0,99,0,,1,0,Stanley,Laura,Dynamic Gymnastics Sports,01/01/0001,,1,0,0,0,0,H,0,0,0,,,,,,,,,,
1991,8050cb81-30bf-47a6-4b0f-a892199e19c8,TCI #1 2023 AGE Interclub Trampoline Championships,,DMT,13-14 Years Female,Qualification,1,,6,TRUE,9,0,0,99,0,,1,0,Stanley,Laura,Dynamic Gymnastics Sports,01/01/0001,,2,0,0,0,0,E1,0,,,,,,,,,,,,
1992,8050cb81-30bf-47a6-4b0f-a892199e19c8,TCI #1 2023 AGE Interclub Trampoline Championships,,DMT,13-14 Years Female,Qualification,1,,6,TRUE,9,0,0,99,0,,1,0,Stanley,Laura,Dynamic Gymnastics Sports,01/01/0001,,2,0,0,0,0,E2,0,,,,,,,,,,,,
1993,8050cb81-30bf-47a6-4b0f-a892199e19c8,TCI #1 2023 AGE Interclub Trampoline Championships,,DMT,13-14 Years Female,Qualification,1,,6,TRUE,9,0,0,99,0,,1,0,Stanley,Laura,Dynamic Gymnastics Sports,01/01/0001,,2,0,0,0,0,E3,0,,,,,,,,,,,,
1994,8050cb81-30bf-47a6-4b0f-a892199e19c8,TCI #1 2023 AGE Interclub Trampoline Championships,,DMT,13-14 Years Female,Qualification,1,,6,TRUE,9,0,0,99,0,,1,0,Stanley,Laura,Dynamic Gymnastics Sports,01/01/0001,,2,0,0,0,0,E4,0,,,,,,,,,,,,
1995,8050cb81-30bf-47a6-4b0f-a892199e19c8,TCI #1 2023 AGE Interclub Trampoline Championships,,DMT,13-14 Years Female,Qualification,1,,6,TRUE,9,0,0,99,0,,1,0,Stanley,Laura,Dynamic Gymnastics Sports,01/01/0001,,2,0,0,0,0,E5,0,,,,,,,,,,,,
1996,8050cb81-30bf-47a6-4b0f-a892199e19c8,TCI #1 2023 AGE Interclub Trampoline Championships,,DMT,13-14 Years Female,Qualification,1,,6,TRUE,9,0,0,99,0,,1,0,Stanley,Laura,Dynamic Gymnastics Sports,01/01/0001,,2,0,0,0,0,E8,0,,,,,,,,,,,,
1997,8050cb81-30bf-47a6-4b0f-a892199e19c8,TCI #1 2023 AGE Interclub Trampoline Championships,,DMT,13-14 Years Female,Qualification,1,,6,TRUE,9,0,0,99,0,,1,0,Stanley,Laura,Dynamic Gymnastics Sports,01/01/0001,,2,0,0,0,0,E∑,0,0,0,0,0,0,0,0,0,0,0,0,0
1998,8050cb81-30bf-47a6-4b0f-a892199e19c8,TCI #1 2023 AGE Interclub Trampoline Championships,,DMT,13-14 Years Female,Qualification,1,,6,TRUE,9,0,0,99,0,,1,0,Stanley,Laura,Dynamic Gymnastics Sports,01/01/0001,,2,0,0,0,0,T,0,,,,,,,,,,,,
1999,8050cb81-30bf-47a6-4b0f-a892199e19c8,TCI #1 2023 AGE Interclub Trampoline Championships,,DMT,13-14 Years Female,Qualification,1,,6,TRUE,9,0,0,99,0,,1,0,Stanley,Laura,Dynamic Gymnastics Sports,01/01/0001,,2,0,0,0,0,D,0,0,,,,,,,,,,,
2000,8050cb81-30bf-47a6-4b0f-a892199e19c8,TCI #1 2023 AGE Interclub Trampoline Championships,,DMT,13-14 Years Female,Qualification,1,,6,TRUE,9,0,0,99,0,,1,0,Stanley,Laura,Dynamic Gymnastics Sports,01/01/0001,,2,0,0,0,0,H,0,0,0,,,,,,,,,,
2001,8050cb81-30bf-47a6-4b0f-a892199e19c8,TCI #1 2023 AGE Interclub Trampoline Championships,,DMT,13-14 Years Female,Qualification,1,,6,TRUE,9,0,0,99,0,,1,0,Stanley,Laura,Dynamic Gymnastics Sports,01/01/0001,,3,0,0,0,0,E1,0,,,,,,,,,,,,
2002,8050cb81-30bf-47a6-4b0f-a892199e19c8,TCI #1 2023 AGE Interclub Trampoline Championships,,DMT,13-14 Years Female,Qualification,1,,6,TRUE,9,0,0,99,0,,1,0,Stanley,Laura,Dynamic Gymnastics Sports,01/01/0001,,3,0,0,0,0,E2,0,,,,,,,,,,,,
2003,8050cb81-30bf-47a6-4b0f-a892199e19c8,TCI #1 2023 AGE Interclub Trampoline Championships,,DMT,13-14 Years Female,Qualification,1,,6,TRUE,9,0,0,99,0,,1,0,Stanley,Laura,Dynamic Gymnastics Sports,01/01/0001,,3,0,0,0,0,E3,0,,,,,,,,,,,,
2004,8050cb81-30bf-47a6-4b0f-a892199e19c8,TCI #1 2023 AGE Interclub Trampoline Championships,,DMT,13-14 Years Female,Qualification,1,,6,TRUE,9,0,0,99,0,,1,0,Stanley,Laura,Dynamic Gymnastics Sports,01/01/0001,,3,0,0,0,0,E4,0,,,,,,,,,,,,
2005,8050cb81-30bf-47a6-4b0f-a892199e19c8,TCI #1 2023 AGE Interclub Trampoline Championships,,DMT,13-14 Years Female,Qualification,1,,6,TRUE,9,0,0,99,0,,1,0,Stanley,Laura,Dynamic Gymnastics Sports,01/01/0001,,3,0,0,0,0,E5,0,,,,,,,,,,,,
2006,8050cb81-30bf-47a6-4b0f-a892199e19c8,TCI #1 2023 AGE Interclub Trampoline Championships,,DMT,13-14 Years Female,Qualification,1,,6,TRUE,9,0,0,99,0,,1,0,Stanley,Laura,Dynamic Gymnastics Sports,01/01/0001,,3,0,0,0,0,E8,0,,,,,,,,,,,,
2007,8050cb81-30bf-47a6-4b0f-a892199e19c8,TCI #1 2023 AGE Interclub Trampoline Championships,,DMT,13-14 Years Female,Qualification,1,,6,TRUE,9,0,0,99,0,,1,0,Stanley,Laura,Dynamic Gymnastics Sports,01/01/0001,,3,0,0,0,0,E∑,0,0,0,0,0,0,0,0,0,0,0,0,0
2008,8050cb81-30bf-47a6-4b0f-a892199e19c8,TCI #1 2023 AGE Interclub Trampoline Championships,,DMT,13-14 Years Female,Qualification,1,,6,TRUE,9,0,0,99,0,,1,0,Stanley,Laura,Dynamic Gymnastics Sports,01/01/0001,,3,0,0,0,0,T,0,,,,,,,,,,,,
2009,8050cb81-30bf-47a6-4b0f-a892199e19c8,TCI #1 2023 AGE Interclub Trampoline Championships,,DMT,13-14 Years Female,Qualification,1,,6,TRUE,9,0,0,99,0,,1,0,Stanley,Laura,Dynamic Gymnastics Sports,01/01/0001,,3,0,0,0,0,D,0,0,,,,,,,,,,,
2010,8050cb81-30bf-47a6-4b0f-a892199e19c8,TCI #1 2023 AGE Interclub Trampoline Championships,,DMT,13-14 Years Female,Qualification,1,,6,TRUE,9,0,0,99,0,,1,0,Stanley,Laura,Dynamic Gymnastics Sports,01/01/0001,,3,0,0,0,0,H,0,0,0,,,,,,,,,,
2011,8050cb81-30bf-47a6-4b0f-a892199e19c8,TCI #1 2023 AGE Interclub Trampoline Championships,,DMT,13-14 Years Female,Qualification,1,,7,TRUE,2,60800,0,99,0,,1,0,Hewitson,Aria,Christchurch School of Gymnastics,01/01/0001,,1,20100,2,0,2,E1,94,2,3,,,,,,,,,1,0
2012,8050cb81-30bf-47a6-4b0f-a892199e19c8,TCI #1 2023 AGE Interclub Trampoline Championships,,DMT,13-14 Years Female,Qualification,1,,7,TRUE,2,60800,0,99,0,,1,0,Hewitson,Aria,Christchurch School of Gymnastics,01/01/0001,,1,20100,2,0,2,E2,94,2,3,,,,,,,,,1,0
2013,8050cb81-30bf-47a6-4b0f-a892199e19c8,TCI #1 2023 AGE Interclub Trampoline Championships,,DMT,13-14 Years Female,Qualification,1,,7,TRUE,2,60800,0,99,0,,1,0,Hewitson,Aria,Christchurch School of Gymnastics,01/01/0001,,1,20100,2,0,2,E3,96,2,2,,,,,,,,,0,0
2014,8050cb81-30bf-47a6-4b0f-a892199e19c8,TCI #1 2023 AGE Interclub Trampoline Championships,,DMT,13-14 Years Female,Qualification,1,,7,TRUE,2,60800,0,99,0,,1,0,Hewitson,Aria,Christchurch School of Gymnastics,01/01/0001,,1,20100,2,0,2,E4,100,,,,,,,,,,,,
2015,8050cb81-30bf-47a6-4b0f-a892199e19c8,TCI #1 2023 AGE Interclub Trampoline Championships,,DMT,13-14 Years Female,Qualification,1,,7,TRUE,2,60800,0,99,0,,1,0,Hewitson,Aria,Christchurch School of Gymnastics,01/01/0001,,1,20100,2,0,2,E5,100,,,,,,,,,,,,
2016,8050cb81-30bf-47a6-4b0f-a892199e19c8,TCI #1 2023 AGE Interclub Trampoline Championships,,DMT,13-14 Years Female,Qualification,1,,7,TRUE,2,60800,0,99,0,,1,0,Hewitson,Aria,Christchurch School of Gymnastics,01/01/0001,,1,20100,2,0,2,E8,100,,,,,,,,,,,,
2017,8050cb81-30bf-47a6-4b0f-a892199e19c8,TCI #1 2023 AGE Interclub Trampoline Championships,,DMT,13-14 Years Female,Qualification,1,,7,TRUE,2,60800,0,99,0,,1,0,Hewitson,Aria,Christchurch School of Gymnastics,01/01/0001,,1,20100,2,0,2,E∑,190,4,5,0,0,0,0,0,0,0,0,1,0
2018,8050cb81-30bf-47a6-4b0f-a892199e19c8,TCI #1 2023 AGE Interclub Trampoline Championships,,DMT,13-14 Years Female,Qualification,1,,7,TRUE,2,60800,0,99,0,,1,0,Hewitson,Aria,Christchurch School of Gymnastics,01/01/0001,,1,20100,2,0,2,T,0,,,,,,,,,,,,
2019,8050cb81-30bf-47a6-4b0f-a892199e19c8,TCI #1 2023 AGE Interclub Trampoline Championships,,DMT,13-14 Years Female,Qualification,1,,7,TRUE,2,60800,0,99,0,,1,0,Hewitson,Aria,Christchurch School of Gymnastics,01/01/0001,,1,20100,2,0,2,D,13,0,,,,,,,,,,,
2020,8050cb81-30bf-47a6-4b0f-a892199e19c8,TCI #1 2023 AGE Interclub Trampoline Championships,,DMT,13-14 Years Female,Qualification,1,,7,TRUE,2,60800,0,99,0,,1,0,Hewitson,Aria,Christchurch School of Gymnastics,01/01/0001,,1,20100,2,0,2,H,0,0,0,,,,,,,,,,
2021,8050cb81-30bf-47a6-4b0f-a892199e19c8,TCI #1 2023 AGE Interclub Trampoline Championships,,DMT,13-14 Years Female,Qualification,1,,7,TRUE,2,60800,0,99,0,,1,0,Hewitson,Aria,Christchurch School of Gymnastics,01/01/0001,,2,21000,2,0,0,E1,98,1,1,,,,,,,,,0,0
2022,8050cb81-30bf-47a6-4b0f-a892199e19c8,TCI #1 2023 AGE Interclub Trampoline Championships,,DMT,13-14 Years Female,Qualification,1,,7,TRUE,2,60800,0,99,0,,1,0,Hewitson,Aria,Christchurch School of Gymnastics,01/01/0001,,2,21000,2,0,0,E2,99,0,1,,,,,,,,,0,0
2023,8050cb81-30bf-47a6-4b0f-a892199e19c8,TCI #1 2023 AGE Interclub Trampoline Championships,,DMT,13-14 Years Female,Qualification,1,,7,TRUE,2,60800,0,99,0,,1,0,Hewitson,Aria,Christchurch School of Gymnastics,01/01/0001,,2,21000,2,0,0,E3,98,1,1,,,,,,,,,0,0
2024,8050cb81-30bf-47a6-4b0f-a892199e19c8,TCI #1 2023 AGE Interclub Trampoline Championships,,DMT,13-14 Years Female,Qualification,1,,7,TRUE,2,60800,0,99,0,,1,0,Hewitson,Aria,Christchurch School of Gymnastics,01/01/0001,,2,21000,2,0,0,E4,100,,,,,,,,,,,,
2025,8050cb81-30bf-47a6-4b0f-a892199e19c8,TCI #1 2023 AGE Interclub Trampoline Championships,,DMT,13-14 Years Female,Qualification,1,,7,TRUE,2,60800,0,99,0,,1,0,Hewitson,Aria,Christchurch School of Gymnastics,01/01/0001,,2,21000,2,0,0,E5,100,,,,,,,,,,,,
2026,8050cb81-30bf-47a6-4b0f-a892199e19c8,TCI #1 2023 AGE Interclub Trampoline Championships,,DMT,13-14 Years Female,Qualification,1,,7,TRUE,2,60800,0,99,0,,1,0,Hewitson,Aria,Christchurch School of Gymnastics,01/01/0001,,2,21000,2,0,0,E8,100,,,,,,,,,,,,
2027,8050cb81-30bf-47a6-4b0f-a892199e19c8,TCI #1 2023 AGE Interclub Trampoline Championships,,DMT,13-14 Years Female,Qualification,1,,7,TRUE,2,60800,0,99,0,,1,0,Hewitson,Aria,Christchurch School of Gymnastics,01/01/0001,,2,21000,2,0,0,E∑,197,1,2,0,0,0,0,0,0,0,0,0,0
2028,8050cb81-30bf-47a6-4b0f-a892199e19c8,TCI #1 2023 AGE Interclub Trampoline Championships,,DMT,13-14 Years Female,Qualification,1,,7,TRUE,2,60800,0,99,0,,1,0,Hewitson,Aria,Christchurch School of Gymnastics,01/01/0001,,2,21000,2,0,0,T,0,,,,,,,,,,,,
2029,8050cb81-30bf-47a6-4b0f-a892199e19c8,TCI #1 2023 AGE Interclub Trampoline Championships,,DMT,13-14 Years Female,Qualification,1,,7,TRUE,2,60800,0,99,0,,1,0,Hewitson,Aria,Christchurch School of Gymnastics,01/01/0001,,2,21000,2,0,0,D,13,0,,,,,,,,,,,
2030,8050cb81-30bf-47a6-4b0f-a892199e19c8,TCI #1 2023 AGE Interclub Trampoline Championships,,DMT,13-14 Years Female,Qualification,1,,7,TRUE,2,60800,0,99,0,,1,0,Hewitson,Aria,Christchurch School of Gymnastics,01/01/0001,,2,21000,2,0,0,H,0,0,0,,,,,,,,,,
2031,8050cb81-30bf-47a6-4b0f-a892199e19c8,TCI #1 2023 AGE Interclub Trampoline Championships,,DMT,13-14 Years Female,Qualification,1,,7,TRUE,2,60800,0,99,0,,1,0,Hewitson,Aria,Christchurch School of Gymnastics,01/01/0001,,3,19700,2,0,6,E1,95,2,3,,,,,,,,,0,0
2032,8050cb81-30bf-47a6-4b0f-a892199e19c8,TCI #1 2023 AGE Interclub Trampoline Championships,,DMT,13-14 Years Female,Qualification,1,,7,TRUE,2,60800,0,99,0,,1,0,Hewitson,Aria,Christchurch School of Gymnastics,01/01/0001,,3,19700,2,0,6,E2,96,2,2,,,,,,,,,0,0
2033,8050cb81-30bf-47a6-4b0f-a892199e19c8,TCI #1 2023 AGE Interclub Trampoline Championships,,DMT,13-14 Years Female,Qualification,1,,7,TRUE,2,60800,0,99,0,,1,0,Hewitson,Aria,Christchurch School of Gymnastics,01/01/0001,,3,19700,2,0,6,E3,93,3,4,,,,,,,,,0,0
2034,8050cb81-30bf-47a6-4b0f-a892199e19c8,TCI #1 2023 AGE Interclub Trampoline Championships,,DMT,13-14 Years Female,Qualification,1,,7,TRUE,2,60800,0,99,0,,1,0,Hewitson,Aria,Christchurch School of Gymnastics,01/01/0001,,3,19700,2,0,6,E4,100,,,,,,,,,,,,
2035,8050cb81-30bf-47a6-4b0f-a892199e19c8,TCI #1 2023 AGE Interclub Trampoline Championships,,DMT,13-14 Years Female,Qualification,1,,7,TRUE,2,60800,0,99,0,,1,0,Hewitson,Aria,Christchurch School of Gymnastics,01/01/0001,,3,19700,2,0,6,E5,100,,,,,,,,,,,,
2036,8050cb81-30bf-47a6-4b0f-a892199e19c8,TCI #1 2023 AGE Interclub Trampoline Championships,,DMT,13-14 Years Female,Qualification,1,,7,TRUE,2,60800,0,99,0,,1,0,Hewitson,Aria,Christchurch School of Gymnastics,01/01/0001,,3,19700,2,0,6,E8,100,,,,,,,,,,,,
2037,8050cb81-30bf-47a6-4b0f-a892199e19c8,TCI #1 2023 AGE Interclub Trampoline Championships,,DMT,13-14 Years Female,Qualification,1,,7,TRUE,2,60800,0,99,0,,1,0,Hewitson,Aria,Christchurch School of Gymnastics,01/01/0001,,3,19700,2,0,6,E∑,191,4,5,0,0,0,0,0,0,0,0,0,0
2038,8050cb81-30bf-47a6-4b0f-a892199e19c8,TCI #1 2023 AGE Interclub Trampoline Championships,,DMT,13-14 Years Female,Qualification,1,,7,TRUE,2,60800,0,99,0,,1,0,Hewitson,Aria,Christchurch School of Gymnastics,01/01/0001,,3,19700,2,0,6,T,0,,,,,,,,,,,,
2039,8050cb81-30bf-47a6-4b0f-a892199e19c8,TCI #1 2023 AGE Interclub Trampoline Championships,,DMT,13-14 Years Female,Qualification,1,,7,TRUE,2,60800,0,99,0,,1,0,Hewitson,Aria,Christchurch School of Gymnastics,01/01/0001,,3,19700,2,0,6,D,12,0,,,,,,,,,,,
2040,8050cb81-30bf-47a6-4b0f-a892199e19c8,TCI #1 2023 AGE Interclub Trampoline Championships,,DMT,13-14 Years Female,Qualification,1,,7,TRUE,2,60800,0,99,0,,1,0,Hewitson,Aria,Christchurch School of Gymnastics,01/01/0001,,3,19700,2,0,6,H,0,0,0,,,,,,,,,,
2041,8050cb81-30bf-47a6-4b0f-a892199e19c8,TCI #1 2023 AGE Interclub Trampoline Championships,,DMT,13-14 Years Female,Qualification,1,,8,TRUE,3,59900,0,99,0,,1,0,Sillifant,Madison,Christchurch School of Gymnastics,01/01/0001,,1,19500,2,0,0,E1,89,3,3,,,,,,,,,0,5
2042,8050cb81-30bf-47a6-4b0f-a892199e19c8,TCI #1 2023 AGE Interclub Trampoline Championships,,DMT,13-14 Years Female,Qualification,1,,8,TRUE,3,59900,0,99,0,,1,0,Sillifant,Madison,Christchurch School of Gymnastics,01/01/0001,,1,19500,2,0,0,E2,89,3,3,,,,,,,,,0,5
2043,8050cb81-30bf-47a6-4b0f-a892199e19c8,TCI #1 2023 AGE Interclub Trampoline Championships,,DMT,13-14 Years Female,Qualification,1,,8,TRUE,3,59900,0,99,0,,1,0,Sillifant,Madison,Christchurch School of Gymnastics,01/01/0001,,1,19500,2,0,0,E3,88,3,4,,,,,,,,,0,5
2044,8050cb81-30bf-47a6-4b0f-a892199e19c8,TCI #1 2023 AGE Interclub Trampoline Championships,,DMT,13-14 Years Female,Qualification,1,,8,TRUE,3,59900,0,99,0,,1,0,Sillifant,Madison,Christchurch School of Gymnastics,01/01/0001,,1,19500,2,0,0,E4,100,,,,,,,,,,,,
2045,8050cb81-30bf-47a6-4b0f-a892199e19c8,TCI #1 2023 AGE Interclub Trampoline Championships,,DMT,13-14 Years Female,Qualification,1,,8,TRUE,3,59900,0,99,0,,1,0,Sillifant,Madison,Christchurch School of Gymnastics,01/01/0001,,1,19500,2,0,0,E5,100,,,,,,,,,,,,
2046,8050cb81-30bf-47a6-4b0f-a892199e19c8,TCI #1 2023 AGE Interclub Trampoline Championships,,DMT,13-14 Years Female,Qualification,1,,8,TRUE,3,59900,0,99,0,,1,0,Sillifant,Madison,Christchurch School of Gymnastics,01/01/0001,,1,19500,2,0,0,E8,100,,,,,,,,,,,,
2047,8050cb81-30bf-47a6-4b0f-a892199e19c8,TCI #1 2023 AGE Interclub Trampoline Championships,,DMT,13-14 Years Female,Qualification,1,,8,TRUE,3,59900,0,99,0,,1,0,Sillifant,Madison,Christchurch School of Gymnastics,01/01/0001,,1,19500,2,0,0,E∑,178,6,6,0,0,0,0,0,0,0,0,0,10
2048,8050cb81-30bf-47a6-4b0f-a892199e19c8,TCI #1 2023 AGE Interclub Trampoline Championships,,DMT,13-14 Years Female,Qualification,1,,8,TRUE,3,59900,0,99,0,,1,0,Sillifant,Madison,Christchurch School of Gymnastics,01/01/0001,,1,19500,2,0,0,T,0,,,,,,,,,,,,
2049,8050cb81-30bf-47a6-4b0f-a892199e19c8,TCI #1 2023 AGE Interclub Trampoline Championships,,DMT,13-14 Years Female,Qualification,1,,8,TRUE,3,59900,0,99,0,,1,0,Sillifant,Madison,Christchurch School of Gymnastics,01/01/0001,,1,19500,2,0,0,D,17,0,,,,,,,,,,,
2050,8050cb81-30bf-47a6-4b0f-a892199e19c8,TCI #1 2023 AGE Interclub Trampoline Championships,,DMT,13-14 Years Female,Qualification,1,,8,TRUE,3,59900,0,99,0,,1,0,Sillifant,Madison,Christchurch School of Gymnastics,01/01/0001,,1,19500,2,0,0,H,0,0,0,,,,,,,,,,
2051,8050cb81-30bf-47a6-4b0f-a892199e19c8,TCI #1 2023 AGE Interclub Trampoline Championships,,DMT,13-14 Years Female,Qualification,1,,8,TRUE,3,59900,0,99,0,,1,0,Sillifant,Madison,Christchurch School of Gymnastics,01/01/0001,,2,20300,2,0,0,E1,95,2,3,,,,,,,,,0,0
2052,8050cb81-30bf-47a6-4b0f-a892199e19c8,TCI #1 2023 AGE Interclub Trampoline Championships,,DMT,13-14 Years Female,Qualification,1,,8,TRUE,3,59900,0,99,0,,1,0,Sillifant,Madison,Christchurch School of Gymnastics,01/01/0001,,2,20300,2,0,0,E2,95,2,2,,,,,,,,,1,0
2053,8050cb81-30bf-47a6-4b0f-a892199e19c8,TCI #1 2023 AGE Interclub Trampoline Championships,,DMT,13-14 Years Female,Qualification,1,,8,TRUE,3,59900,0,99,0,,1,0,Sillifant,Madison,Christchurch School of Gymnastics,01/01/0001,,2,20300,2,0,0,E3,94,2,3,,,,,,,,,1,0
2054,8050cb81-30bf-47a6-4b0f-a892199e19c8,TCI #1 2023 AGE Interclub Trampoline Championships,,DMT,13-14 Years Female,Qualification,1,,8,TRUE,3,59900,0,99,0,,1,0,Sillifant,Madison,Christchurch School of Gymnastics,01/01/0001,,2,20300,2,0,0,E4,100,,,,,,,,,,,,
2055,8050cb81-30bf-47a6-4b0f-a892199e19c8,TCI #1 2023 AGE Interclub Trampoline Championships,,DMT,13-14 Years Female,Qualification,1,,8,TRUE,3,59900,0,99,0,,1,0,Sillifant,Madison,Christchurch School of Gymnastics,01/01/0001,,2,20300,2,0,0,E5,100,,,,,,,,,,,,
2056,8050cb81-30bf-47a6-4b0f-a892199e19c8,TCI #1 2023 AGE Interclub Trampoline Championships,,DMT,13-14 Years Female,Qualification,1,,8,TRUE,3,59900,0,99,0,,1,0,Sillifant,Madison,Christchurch School of Gymnastics,01/01/0001,,2,20300,2,0,0,E8,100,,,,,,,,,,,,
2057,8050cb81-30bf-47a6-4b0f-a892199e19c8,TCI #1 2023 AGE Interclub Trampoline Championships,,DMT,13-14 Years Female,Qualification,1,,8,TRUE,3,59900,0,99,0,,1,0,Sillifant,Madison,Christchurch School of Gymnastics,01/01/0001,,2,20300,2,0,0,E∑,190,4,5,0,0,0,0,0,0,0,0,1,0
2058,8050cb81-30bf-47a6-4b0f-a892199e19c8,TCI #1 2023 AGE Interclub Trampoline Championships,,DMT,13-14 Years Female,Qualification,1,,8,TRUE,3,59900,0,99,0,,1,0,Sillifant,Madison,Christchurch School of Gymnastics,01/01/0001,,2,20300,2,0,0,T,0,,,,,,,,,,,,
2059,8050cb81-30bf-47a6-4b0f-a892199e19c8,TCI #1 2023 AGE Interclub Trampoline Championships,,DMT,13-14 Years Female,Qualification,1,,8,TRUE,3,59900,0,99,0,,1,0,Sillifant,Madison,Christchurch School of Gymnastics,01/01/0001,,2,20300,2,0,0,D,13,0,,,,,,,,,,,
2060,8050cb81-30bf-47a6-4b0f-a892199e19c8,TCI #1 2023 AGE Interclub Trampoline Championships,,DMT,13-14 Years Female,Qualification,1,,8,TRUE,3,59900,0,99,0,,1,0,Sillifant,Madison,Christchurch School of Gymnastics,01/01/0001,,2,20300,2,0,0,H,0,0,0,,,,,,,,,,
2061,8050cb81-30bf-47a6-4b0f-a892199e19c8,TCI #1 2023 AGE Interclub Trampoline Championships,,DMT,13-14 Years Female,Qualification,1,,8,TRUE,3,59900,0,99,0,,1,0,Sillifant,Madison,Christchurch School of Gymnastics,01/01/0001,,3,20100,2,0,0,E1,94,3,3,,,,,,,,,0,0
2062,8050cb81-30bf-47a6-4b0f-a892199e19c8,TCI #1 2023 AGE Interclub Trampoline Championships,,DMT,13-14 Years Female,Qualification,1,,8,TRUE,3,59900,0,99,0,,1,0,Sillifant,Madison,Christchurch School of Gymnastics,01/01/0001,,3,20100,2,0,0,E2,94,3,3,,,,,,,,,0,0
2063,8050cb81-30bf-47a6-4b0f-a892199e19c8,TCI #1 2023 AGE Interclub Trampoline Championships,,DMT,13-14 Years Female,Qualification,1,,8,TRUE,3,59900,0,99,0,,1,0,Sillifant,Madison,Christchurch School of Gymnastics,01/01/0001,,3,20100,2,0,0,E3,93,3,4,,,,,,,,,0,0
2064,8050cb81-30bf-47a6-4b0f-a892199e19c8,TCI #1 2023 AGE Interclub Trampoline Championships,,DMT,13-14 Years Female,Qualification,1,,8,TRUE,3,59900,0,99,0,,1,0,Sillifant,Madison,Christchurch School of Gymnastics,01/01/0001,,3,20100,2,0,0,E4,100,,,,,,,,,,,,
2065,8050cb81-30bf-47a6-4b0f-a892199e19c8,TCI #1 2023 AGE Interclub Trampoline Championships,,DMT,13-14 Years Female,Qualification,1,,8,TRUE,3,59900,0,99,0,,1,0,Sillifant,Madison,Christchurch School of Gymnastics,01/01/0001,,3,20100,2,0,0,E5,100,,,,,,,,,,,,
2066,8050cb81-30bf-47a6-4b0f-a892199e19c8,TCI #1 2023 AGE Interclub Trampoline Championships,,DMT,13-14 Years Female,Qualification,1,,8,TRUE,3,59900,0,99,0,,1,0,Sillifant,Madison,Christchurch School of Gymnastics,01/01/0001,,3,20100,2,0,0,E8,100,,,,,,,,,,,,
2067,8050cb81-30bf-47a6-4b0f-a892199e19c8,TCI #1 2023 AGE Interclub Trampoline Championships,,DMT,13-14 Years Female,Qualification,1,,8,TRUE,3,59900,0,99,0,,1,0,Sillifant,Madison,Christchurch School of Gymnastics,01/01/0001,,3,20100,2,0,0,E∑,188,6,6,0,0,0,0,0,0,0,0,0,0
2068,8050cb81-30bf-47a6-4b0f-a892199e19c8,TCI #1 2023 AGE Interclub Trampoline Championships,,DMT,13-14 Years Female,Qualification,1,,8,TRUE,3,59900,0,99,0,,1,0,Sillifant,Madison,Christchurch School of Gymnastics,01/01/0001,,3,20100,2,0,0,T,0,,,,,,,,,,,,
2069,8050cb81-30bf-47a6-4b0f-a892199e19c8,TCI #1 2023 AGE Interclub Trampoline Championships,,DMT,13-14 Years Female,Qualification,1,,8,TRUE,3,59900,0,99,0,,1,0,Sillifant,Madison,Christchurch School of Gymnastics,01/01/0001,,3,20100,2,0,0,D,13,0,,,,,,,,,,,
2070,8050cb81-30bf-47a6-4b0f-a892199e19c8,TCI #1 2023 AGE Interclub Trampoline Championships,,DMT,13-14 Years Female,Qualification,1,,8,TRUE,3,59900,0,99,0,,1,0,Sillifant,Madison,Christchurch School of Gymnastics,01/01/0001,,3,20100,2,0,0,H,0,0,0,,,,,,,,,,
2071,8050cb81-30bf-47a6-4b0f-a892199e19c8,TCI #1 2023 AGE Interclub Trampoline Championships,,DMT,13-14 Years Female,Qualification,1,,9,TRUE,6,58700,0,99,0,,1,0,Brysterbeld,Kloe,ICE Gymsports North Canterbury,01/01/0001,,1,19500,2,0,0,E1,94,2,3,,,,,,,,,1,0
2072,8050cb81-30bf-47a6-4b0f-a892199e19c8,TCI #1 2023 AGE Interclub Trampoline Championships,,DMT,13-14 Years Female,Qualification,1,,9,TRUE,6,58700,0,99,0,,1,0,Brysterbeld,Kloe,ICE Gymsports North Canterbury,01/01/0001,,1,19500,2,0,0,E2,93,3,3,,,,,,,,,1,0
2073,8050cb81-30bf-47a6-4b0f-a892199e19c8,TCI #1 2023 AGE Interclub Trampoline Championships,,DMT,13-14 Years Female,Qualification,1,,9,TRUE,6,58700,0,99,0,,1,0,Brysterbeld,Kloe,ICE Gymsports North Canterbury,01/01/0001,,1,19500,2,0,0,E3,95,2,2,,,,,,,,,1,0
2074,8050cb81-30bf-47a6-4b0f-a892199e19c8,TCI #1 2023 AGE Interclub Trampoline Championships,,DMT,13-14 Years Female,Qualification,1,,9,TRUE,6,58700,0,99,0,,1,0,Brysterbeld,Kloe,ICE Gymsports North Canterbury,01/01/0001,,1,19500,2,0,0,E4,100,,,,,,,,,,,,
2075,8050cb81-30bf-47a6-4b0f-a892199e19c8,TCI #1 2023 AGE Interclub Trampoline Championships,,DMT,13-14 Years Female,Qualification,1,,9,TRUE,6,58700,0,99,0,,1,0,Brysterbeld,Kloe,ICE Gymsports North Canterbury,01/01/0001,,1,19500,2,0,0,E5,100,,,,,,,,,,,,
2076,8050cb81-30bf-47a6-4b0f-a892199e19c8,TCI #1 2023 AGE Interclub Trampoline Championships,,DMT,13-14 Years Female,Qualification,1,,9,TRUE,6,58700,0,99,0,,1,0,Brysterbeld,Kloe,ICE Gymsports North Canterbury,01/01/0001,,1,19500,2,0,0,E8,100,,,,,,,,,,,,
2077,8050cb81-30bf-47a6-4b0f-a892199e19c8,TCI #1 2023 AGE Interclub Trampoline Championships,,DMT,13-14 Years Female,Qualification,1,,9,TRUE,6,58700,0,99,0,,1,0,Brysterbeld,Kloe,ICE Gymsports North Canterbury,01/01/0001,,1,19500,2,0,0,E∑,189,4,5,0,0,0,0,0,0,0,0,2,0
2078,8050cb81-30bf-47a6-4b0f-a892199e19c8,TCI #1 2023 AGE Interclub Trampoline Championships,,DMT,13-14 Years Female,Qualification,1,,9,TRUE,6,58700,0,99,0,,1,0,Brysterbeld,Kloe,ICE Gymsports North Canterbury,01/01/0001,,1,19500,2,0,0,T,0,,,,,,,,,,,,
2079,8050cb81-30bf-47a6-4b0f-a892199e19c8,TCI #1 2023 AGE Interclub Trampoline Championships,,DMT,13-14 Years Female,Qualification,1,,9,TRUE,6,58700,0,99,0,,1,0,Brysterbeld,Kloe,ICE Gymsports North Canterbury,01/01/0001,,1,19500,2,0,0,D,6,0,,,,,,,,,,,
2080,8050cb81-30bf-47a6-4b0f-a892199e19c8,TCI #1 2023 AGE Interclub Trampoline Championships,,DMT,13-14 Years Female,Qualification,1,,9,TRUE,6,58700,0,99,0,,1,0,Brysterbeld,Kloe,ICE Gymsports North Canterbury,01/01/0001,,1,19500,2,0,0,H,0,0,0,,,,,,,,,,
2081,8050cb81-30bf-47a6-4b0f-a892199e19c8,TCI #1 2023 AGE Interclub Trampoline Championships,,DMT,13-14 Years Female,Qualification,1,,9,TRUE,6,58700,0,99,0,,1,0,Brysterbeld,Kloe,ICE Gymsports North Canterbury,01/01/0001,,2,19700,2,0,0,E1,94,2,3,,,,,,,,,1,0
2082,8050cb81-30bf-47a6-4b0f-a892199e19c8,TCI #1 2023 AGE Interclub Trampoline Championships,,DMT,13-14 Years Female,Qualification,1,,9,TRUE,6,58700,0,99,0,,1,0,Brysterbeld,Kloe,ICE Gymsports North Canterbury,01/01/0001,,2,19700,2,0,0,E2,95,1,2,,,,,,,,,2,0
2083,8050cb81-30bf-47a6-4b0f-a892199e19c8,TCI #1 2023 AGE Interclub Trampoline Championships,,DMT,13-14 Years Female,Qualification,1,,9,TRUE,6,58700,0,99,0,,1,0,Brysterbeld,Kloe,ICE Gymsports North Canterbury,01/01/0001,,2,19700,2,0,0,E3,94,1,3,,,,,,,,,2,0
2084,8050cb81-30bf-47a6-4b0f-a892199e19c8,TCI #1 2023 AGE Interclub Trampoline Championships,,DMT,13-14 Years Female,Qualification,1,,9,TRUE,6,58700,0,99,0,,1,0,Brysterbeld,Kloe,ICE Gymsports North Canterbury,01/01/0001,,2,19700,2,0,0,E4,100,,,,,,,,,,,,
2085,8050cb81-30bf-47a6-4b0f-a892199e19c8,TCI #1 2023 AGE Interclub Trampoline Championships,,DMT,13-14 Years Female,Qualification,1,,9,TRUE,6,58700,0,99,0,,1,0,Brysterbeld,Kloe,ICE Gymsports North Canterbury,01/01/0001,,2,19700,2,0,0,E5,100,,,,,,,,,,,,
2086,8050cb81-30bf-47a6-4b0f-a892199e19c8,TCI #1 2023 AGE Interclub Trampoline Championships,,DMT,13-14 Years Female,Qualification,1,,9,TRUE,6,58700,0,99,0,,1,0,Brysterbeld,Kloe,ICE Gymsports North Canterbury,01/01/0001,,2,19700,2,0,0,E8,100,,,,,,,,,,,,
2087,8050cb81-30bf-47a6-4b0f-a892199e19c8,TCI #1 2023 AGE Interclub Trampoline Championships,,DMT,13-14 Years Female,Qualification,1,,9,TRUE,6,58700,0,99,0,,1,0,Brysterbeld,Kloe,ICE Gymsports North Canterbury,01/01/0001,,2,19700,2,0,0,E∑,190,2,5,0,0,0,0,0,0,0,0,3,0
2088,8050cb81-30bf-47a6-4b0f-a892199e19c8,TCI #1 2023 AGE Interclub Trampoline Championships,,DMT,13-14 Years Female,Qualification,1,,9,TRUE,6,58700,0,99,0,,1,0,Brysterbeld,Kloe,ICE Gymsports North Canterbury,01/01/0001,,2,19700,2,0,0,T,0,,,,,,,,,,,,
2089,8050cb81-30bf-47a6-4b0f-a892199e19c8,TCI #1 2023 AGE Interclub Trampoline Championships,,DMT,13-14 Years Female,Qualification,1,,9,TRUE,6,58700,0,99,0,,1,0,Brysterbeld,Kloe,ICE Gymsports North Canterbury,01/01/0001,,2,19700,2,0,0,D,7,0,,,,,,,,,,,
2090,8050cb81-30bf-47a6-4b0f-a892199e19c8,TCI #1 2023 AGE Interclub Trampoline Championships,,DMT,13-14 Years Female,Qualification,1,,9,TRUE,6,58700,0,99,0,,1,0,Brysterbeld,Kloe,ICE Gymsports North Canterbury,01/01/0001,,2,19700,2,0,0,H,0,0,0,,,,,,,,,,
2091,8050cb81-30bf-47a6-4b0f-a892199e19c8,TCI #1 2023 AGE Interclub Trampoline Championships,,DMT,13-14 Years Female,Qualification,1,,9,TRUE,6,58700,0,99,0,,1,0,Brysterbeld,Kloe,ICE Gymsports North Canterbury,01/01/0001,,3,19500,2,0,0,E1,92,2,3,,,,,,,,,3,0
2092,8050cb81-30bf-47a6-4b0f-a892199e19c8,TCI #1 2023 AGE Interclub Trampoline Championships,,DMT,13-14 Years Female,Qualification,1,,9,TRUE,6,58700,0,99,0,,1,0,Brysterbeld,Kloe,ICE Gymsports North Canterbury,01/01/0001,,3,19500,2,0,0,E2,92,3,3,,,,,,,,,2,0
2093,8050cb81-30bf-47a6-4b0f-a892199e19c8,TCI #1 2023 AGE Interclub Trampoline Championships,,DMT,13-14 Years Female,Qualification,1,,9,TRUE,6,58700,0,99,0,,1,0,Brysterbeld,Kloe,ICE Gymsports North Canterbury,01/01/0001,,3,19500,2,0,0,E3,95,2,2,,,,,,,,,1,0
2094,8050cb81-30bf-47a6-4b0f-a892199e19c8,TCI #1 2023 AGE Interclub Trampoline Championships,,DMT,13-14 Years Female,Qualification,1,,9,TRUE,6,58700,0,99,0,,1,0,Brysterbeld,Kloe,ICE Gymsports North Canterbury,01/01/0001,,3,19500,2,0,0,E4,100,,,,,,,,,,,,
2095,8050cb81-30bf-47a6-4b0f-a892199e19c8,TCI #1 2023 AGE Interclub Trampoline Championships,,DMT,13-14 Years Female,Qualification,1,,9,TRUE,6,58700,0,99,0,,1,0,Brysterbeld,Kloe,ICE Gymsports North Canterbury,01/01/0001,,3,19500,2,0,0,E5,100,,,,,,,,,,,,
2096,8050cb81-30bf-47a6-4b0f-a892199e19c8,TCI #1 2023 AGE Interclub Trampoline Championships,,DMT,13-14 Years Female,Qualification,1,,9,TRUE,6,58700,0,99,0,,1,0,Brysterbeld,Kloe,ICE Gymsports North Canterbury,01/01/0001,,3,19500,2,0,0,E8,100,,,,,,,,,,,,
2097,8050cb81-30bf-47a6-4b0f-a892199e19c8,TCI #1 2023 AGE Interclub Trampoline Championships,,DMT,13-14 Years Female,Qualification,1,,9,TRUE,6,58700,0,99,0,,1,0,Brysterbeld,Kloe,ICE Gymsports North Canterbury,01/01/0001,,3,19500,2,0,0,E∑,188,4,5,0,0,0,0,0,0,0,0,3,0
2098,8050cb81-30bf-47a6-4b0f-a892199e19c8,TCI #1 2023 AGE Interclub Trampoline Championships,,DMT,13-14 Years Female,Qualification,1,,9,TRUE,6,58700,0,99,0,,1,0,Brysterbeld,Kloe,ICE Gymsports North Canterbury,01/01/0001,,3,19500,2,0,0,T,0,,,,,,,,,,,,
2099,8050cb81-30bf-47a6-4b0f-a892199e19c8,TCI #1 2023 AGE Interclub Trampoline Championships,,DMT,13-14 Years Female,Qualification,1,,9,TRUE,6,58700,0,99,0,,1,0,Brysterbeld,Kloe,ICE Gymsports North Canterbury,01/01/0001,,3,19500,2,0,0,D,7,0,,,,,,,,,,,
2100,8050cb81-30bf-47a6-4b0f-a892199e19c8,TCI #1 2023 AGE Interclub Trampoline Championships,,DMT,13-14 Years Female,Qualification,1,,9,TRUE,6,58700,0,99,0,,1,0,Brysterbeld,Kloe,ICE Gymsports North Canterbury,01/01/0001,,3,19500,2,0,0,H,0,0,0,,,,,,,,,,
2101,8050cb81-30bf-47a6-4b0f-a892199e19c8,TCI #1 2023 AGE Interclub Trampoline Championships,,DMT,9-10 Years Male,Qualification,1,,1,TRUE,2,58900,0,99,0,,1,0,Whyte,Tane,ICE Gymsports North Canterbury,01/01/0001,,1,19600,2,0,6,E1,95,2,2,,,,,,,,,1,0
2102,8050cb81-30bf-47a6-4b0f-a892199e19c8,TCI #1 2023 AGE Interclub Trampoline Championships,,DMT,9-10 Years Male,Qualification,1,,1,TRUE,2,58900,0,99,0,,1,0,Whyte,Tane,ICE Gymsports North Canterbury,01/01/0001,,1,19600,2,0,6,E2,95,2,2,,,,,,,,,1,0
2103,8050cb81-30bf-47a6-4b0f-a892199e19c8,TCI #1 2023 AGE Interclub Trampoline Championships,,DMT,9-10 Years Male,Qualification,1,,1,TRUE,2,58900,0,99,0,,1,0,Whyte,Tane,ICE Gymsports North Canterbury,01/01/0001,,1,19600,2,0,6,E3,94,3,2,,,,,,,,,1,0
2104,8050cb81-30bf-47a6-4b0f-a892199e19c8,TCI #1 2023 AGE Interclub Trampoline Championships,,DMT,9-10 Years Male,Qualification,1,,1,TRUE,2,58900,0,99,0,,1,0,Whyte,Tane,ICE Gymsports North Canterbury,01/01/0001,,1,19600,2,0,6,E4,100,,,,,,,,,,,,
2105,8050cb81-30bf-47a6-4b0f-a892199e19c8,TCI #1 2023 AGE Interclub Trampoline Championships,,DMT,9-10 Years Male,Qualification,1,,1,TRUE,2,58900,0,99,0,,1,0,Whyte,Tane,ICE Gymsports North Canterbury,01/01/0001,,1,19600,2,0,6,E5,100,,,,,,,,,,,,
2106,8050cb81-30bf-47a6-4b0f-a892199e19c8,TCI #1 2023 AGE Interclub Trampoline Championships,,DMT,9-10 Years Male,Qualification,1,,1,TRUE,2,58900,0,99,0,,1,0,Whyte,Tane,ICE Gymsports North Canterbury,01/01/0001,,1,19600,2,0,6,E8,100,,,,,,,,,,,,
2107,8050cb81-30bf-47a6-4b0f-a892199e19c8,TCI #1 2023 AGE Interclub Trampoline Championships,,DMT,9-10 Years Male,Qualification,1,,1,TRUE,2,58900,0,99,0,,1,0,Whyte,Tane,ICE Gymsports North Canterbury,01/01/0001,,1,19600,2,0,6,E∑,190,4,4,0,0,0,0,0,0,0,0,2,0
2108,8050cb81-30bf-47a6-4b0f-a892199e19c8,TCI #1 2023 AGE Interclub Trampoline Championships,,DMT,9-10 Years Male,Qualification,1,,1,TRUE,2,58900,0,99,0,,1,0,Whyte,Tane,ICE Gymsports North Canterbury,01/01/0001,,1,19600,2,0,6,T,0,,,,,,,,,,,,
2109,8050cb81-30bf-47a6-4b0f-a892199e19c8,TCI #1 2023 AGE Interclub Trampoline Championships,,DMT,9-10 Years Male,Qualification,1,,1,TRUE,2,58900,0,99,0,,1,0,Whyte,Tane,ICE Gymsports North Canterbury,01/01/0001,,1,19600,2,0,6,D,12,0,,,,,,,,,,,
2110,8050cb81-30bf-47a6-4b0f-a892199e19c8,TCI #1 2023 AGE Interclub Trampoline Championships,,DMT,9-10 Years Male,Qualification,1,,1,TRUE,2,58900,0,99,0,,1,0,Whyte,Tane,ICE Gymsports North Canterbury,01/01/0001,,1,19600,2,0,6,H,0,0,0,,,,,,,,,,
2111,8050cb81-30bf-47a6-4b0f-a892199e19c8,TCI #1 2023 AGE Interclub Trampoline Championships,,DMT,9-10 Years Male,Qualification,1,,1,TRUE,2,58900,0,99,0,,1,0,Whyte,Tane,ICE Gymsports North Canterbury,01/01/0001,,2,19700,2,0,0,E1,95,2,2,,,,,,,,,1,0
2112,8050cb81-30bf-47a6-4b0f-a892199e19c8,TCI #1 2023 AGE Interclub Trampoline Championships,,DMT,9-10 Years Male,Qualification,1,,1,TRUE,2,58900,0,99,0,,1,0,Whyte,Tane,ICE Gymsports North Canterbury,01/01/0001,,2,19700,2,0,0,E2,94,3,2,,,,,,,,,1,0
2113,8050cb81-30bf-47a6-4b0f-a892199e19c8,TCI #1 2023 AGE Interclub Trampoline Championships,,DMT,9-10 Years Male,Qualification,1,,1,TRUE,2,58900,0,99,0,,1,0,Whyte,Tane,ICE Gymsports North Canterbury,01/01/0001,,2,19700,2,0,0,E3,95,2,2,,,,,,,,,1,0
2114,8050cb81-30bf-47a6-4b0f-a892199e19c8,TCI #1 2023 AGE Interclub Trampoline Championships,,DMT,9-10 Years Male,Qualification,1,,1,TRUE,2,58900,0,99,0,,1,0,Whyte,Tane,ICE Gymsports North Canterbury,01/01/0001,,2,19700,2,0,0,E4,100,,,,,,,,,,,,
2115,8050cb81-30bf-47a6-4b0f-a892199e19c8,TCI #1 2023 AGE Interclub Trampoline Championships,,DMT,9-10 Years Male,Qualification,1,,1,TRUE,2,58900,0,99,0,,1,0,Whyte,Tane,ICE Gymsports North Canterbury,01/01/0001,,2,19700,2,0,0,E5,100,,,,,,,,,,,,
2116,8050cb81-30bf-47a6-4b0f-a892199e19c8,TCI #1 2023 AGE Interclub Trampoline Championships,,DMT,9-10 Years Male,Qualification,1,,1,TRUE,2,58900,0,99,0,,1,0,Whyte,Tane,ICE Gymsports North Canterbury,01/01/0001,,2,19700,2,0,0,E8,100,,,,,,,,,,,,
2117,8050cb81-30bf-47a6-4b0f-a892199e19c8,TCI #1 2023 AGE Interclub Trampoline Championships,,DMT,9-10 Years Male,Qualification,1,,1,TRUE,2,58900,0,99,0,,1,0,Whyte,Tane,ICE Gymsports North Canterbury,01/01/0001,,2,19700,2,0,0,E∑,190,4,4,0,0,0,0,0,0,0,0,2,0
2118,8050cb81-30bf-47a6-4b0f-a892199e19c8,TCI #1 2023 AGE Interclub Trampoline Championships,,DMT,9-10 Years Male,Qualification,1,,1,TRUE,2,58900,0,99,0,,1,0,Whyte,Tane,ICE Gymsports North Canterbury,01/01/0001,,2,19700,2,0,0,T,0,,,,,,,,,,,,
2119,8050cb81-30bf-47a6-4b0f-a892199e19c8,TCI #1 2023 AGE Interclub Trampoline Championships,,DMT,9-10 Years Male,Qualification,1,,1,TRUE,2,58900,0,99,0,,1,0,Whyte,Tane,ICE Gymsports North Canterbury,01/01/0001,,2,19700,2,0,0,D,7,0,,,,,,,,,,,
2120,8050cb81-30bf-47a6-4b0f-a892199e19c8,TCI #1 2023 AGE Interclub Trampoline Championships,,DMT,9-10 Years Male,Qualification,1,,1,TRUE,2,58900,0,99,0,,1,0,Whyte,Tane,ICE Gymsports North Canterbury,01/01/0001,,2,19700,2,0,0,H,0,0,0,,,,,,,,,,
2121,8050cb81-30bf-47a6-4b0f-a892199e19c8,TCI #1 2023 AGE Interclub Trampoline Championships,,DMT,9-10 Years Male,Qualification,1,,1,TRUE,2,58900,0,99,0,,1,0,Whyte,Tane,ICE Gymsports North Canterbury,01/01/0001,,3,19600,2,0,0,E1,94,3,3,,,,,,,,,0,0
2122,8050cb81-30bf-47a6-4b0f-a892199e19c8,TCI #1 2023 AGE Interclub Trampoline Championships,,DMT,9-10 Years Male,Qualification,1,,1,TRUE,2,58900,0,99,0,,1,0,Whyte,Tane,ICE Gymsports North Canterbury,01/01/0001,,3,19600,2,0,0,E2,94,3,3,,,,,,,,,0,0
2123,8050cb81-30bf-47a6-4b0f-a892199e19c8,TCI #1 2023 AGE Interclub Trampoline Championships,,DMT,9-10 Years Male,Qualification,1,,1,TRUE,2,58900,0,99,0,,1,0,Whyte,Tane,ICE Gymsports North Canterbury,01/01/0001,,3,19600,2,0,0,E3,95,3,2,,,,,,,,,0,0
2124,8050cb81-30bf-47a6-4b0f-a892199e19c8,TCI #1 2023 AGE Interclub Trampoline Championships,,DMT,9-10 Years Male,Qualification,1,,1,TRUE,2,58900,0,99,0,,1,0,Whyte,Tane,ICE Gymsports North Canterbury,01/01/0001,,3,19600,2,0,0,E4,100,,,,,,,,,,,,
2125,8050cb81-30bf-47a6-4b0f-a892199e19c8,TCI #1 2023 AGE Interclub Trampoline Championships,,DMT,9-10 Years Male,Qualification,1,,1,TRUE,2,58900,0,99,0,,1,0,Whyte,Tane,ICE Gymsports North Canterbury,01/01/0001,,3,19600,2,0,0,E5,100,,,,,,,,,,,,
2126,8050cb81-30bf-47a6-4b0f-a892199e19c8,TCI #1 2023 AGE Interclub Trampoline Championships,,DMT,9-10 Years Male,Qualification,1,,1,TRUE,2,58900,0,99,0,,1,0,Whyte,Tane,ICE Gymsports North Canterbury,01/01/0001,,3,19600,2,0,0,E8,100,,,,,,,,,,,,
2127,8050cb81-30bf-47a6-4b0f-a892199e19c8,TCI #1 2023 AGE Interclub Trampoline Championships,,DMT,9-10 Years Male,Qualification,1,,1,TRUE,2,58900,0,99,0,,1,0,Whyte,Tane,ICE Gymsports North Canterbury,01/01/0001,,3,19600,2,0,0,E∑,189,6,5,0,0,0,0,0,0,0,0,0,0
2128,8050cb81-30bf-47a6-4b0f-a892199e19c8,TCI #1 2023 AGE Interclub Trampoline Championships,,DMT,9-10 Years Male,Qualification,1,,1,TRUE,2,58900,0,99,0,,1,0,Whyte,Tane,ICE Gymsports North Canterbury,01/01/0001,,3,19600,2,0,0,T,0,,,,,,,,,,,,
2129,8050cb81-30bf-47a6-4b0f-a892199e19c8,TCI #1 2023 AGE Interclub Trampoline Championships,,DMT,9-10 Years Male,Qualification,1,,1,TRUE,2,58900,0,99,0,,1,0,Whyte,Tane,ICE Gymsports North Canterbury,01/01/0001,,3,19600,2,0,0,D,7,0,,,,,,,,,,,
2130,8050cb81-30bf-47a6-4b0f-a892199e19c8,TCI #1 2023 AGE Interclub Trampoline Championships,,DMT,9-10 Years Male,Qualification,1,,1,TRUE,2,58900,0,99,0,,1,0,Whyte,Tane,ICE Gymsports North Canterbury,01/01/0001,,3,19600,2,0,0,H,0,0,0,,,,,,,,,,
2131,8050cb81-30bf-47a6-4b0f-a892199e19c8,TCI #1 2023 AGE Interclub Trampoline Championships,,DMT,9-10 Years Male,Qualification,1,,2,TRUE,5,57500,0,99,0,,1,0,Geotge,MacKay,ICE Gymsports North Canterbury,01/01/0001,,1,19500,2,0,0,E1,93,4,3,,,,,,,,,0,0
2132,8050cb81-30bf-47a6-4b0f-a892199e19c8,TCI #1 2023 AGE Interclub Trampoline Championships,,DMT,9-10 Years Male,Qualification,1,,2,TRUE,5,57500,0,99,0,,1,0,Geotge,MacKay,ICE Gymsports North Canterbury,01/01/0001,,1,19500,2,0,0,E2,94,4,2,,,,,,,,,0,0
2133,8050cb81-30bf-47a6-4b0f-a892199e19c8,TCI #1 2023 AGE Interclub Trampoline Championships,,DMT,9-10 Years Male,Qualification,1,,2,TRUE,5,57500,0,99,0,,1,0,Geotge,MacKay,ICE Gymsports North Canterbury,01/01/0001,,1,19500,2,0,0,E3,94,3,3,,,,,,,,,0,0
2134,8050cb81-30bf-47a6-4b0f-a892199e19c8,TCI #1 2023 AGE Interclub Trampoline Championships,,DMT,9-10 Years Male,Qualification,1,,2,TRUE,5,57500,0,99,0,,1,0,Geotge,MacKay,ICE Gymsports North Canterbury,01/01/0001,,1,19500,2,0,0,E4,100,,,,,,,,,,,,
2135,8050cb81-30bf-47a6-4b0f-a892199e19c8,TCI #1 2023 AGE Interclub Trampoline Championships,,DMT,9-10 Years Male,Qualification,1,,2,TRUE,5,57500,0,99,0,,1,0,Geotge,MacKay,ICE Gymsports North Canterbury,01/01/0001,,1,19500,2,0,0,E5,100,,,,,,,,,,,,
2136,8050cb81-30bf-47a6-4b0f-a892199e19c8,TCI #1 2023 AGE Interclub Trampoline Championships,,DMT,9-10 Years Male,Qualification,1,,2,TRUE,5,57500,0,99,0,,1,0,Geotge,MacKay,ICE Gymsports North Canterbury,01/01/0001,,1,19500,2,0,0,E8,100,,,,,,,,,,,,
2137,8050cb81-30bf-47a6-4b0f-a892199e19c8,TCI #1 2023 AGE Interclub Trampoline Championships,,DMT,9-10 Years Male,Qualification,1,,2,TRUE,5,57500,0,99,0,,1,0,Geotge,MacKay,ICE Gymsports North Canterbury,01/01/0001,,1,19500,2,0,0,E∑,188,7,5,0,0,0,0,0,0,0,0,0,0
2138,8050cb81-30bf-47a6-4b0f-a892199e19c8,TCI #1 2023 AGE Interclub Trampoline Championships,,DMT,9-10 Years Male,Qualification,1,,2,TRUE,5,57500,0,99,0,,1,0,Geotge,MacKay,ICE Gymsports North Canterbury,01/01/0001,,1,19500,2,0,0,T,0,,,,,,,,,,,,
2139,8050cb81-30bf-47a6-4b0f-a892199e19c8,TCI #1 2023 AGE Interclub Trampoline Championships,,DMT,9-10 Years Male,Qualification,1,,2,TRUE,5,57500,0,99,0,,1,0,Geotge,MacKay,ICE Gymsports North Canterbury,01/01/0001,,1,19500,2,0,0,D,7,0,,,,,,,,,,,
2140,8050cb81-30bf-47a6-4b0f-a892199e19c8,TCI #1 2023 AGE Interclub Trampoline Championships,,DMT,9-10 Years Male,Qualification,1,,2,TRUE,5,57500,0,99,0,,1,0,Geotge,MacKay,ICE Gymsports North Canterbury,01/01/0001,,1,19500,2,0,0,H,0,0,0,,,,,,,,,,
2141,8050cb81-30bf-47a6-4b0f-a892199e19c8,TCI #1 2023 AGE Interclub Trampoline Championships,,DMT,9-10 Years Male,Qualification,1,,2,TRUE,5,57500,0,99,0,,1,0,Geotge,MacKay,ICE Gymsports North Canterbury,01/01/0001,,2,18700,2,0,6,E1,92,3,4,,,,,,,,,1,0
2142,8050cb81-30bf-47a6-4b0f-a892199e19c8,TCI #1 2023 AGE Interclub Trampoline Championships,,DMT,9-10 Years Male,Qualification,1,,2,TRUE,5,57500,0,99,0,,1,0,Geotge,MacKay,ICE Gymsports North Canterbury,01/01/0001,,2,18700,2,0,6,E2,92,4,3,,,,,,,,,1,0
2143,8050cb81-30bf-47a6-4b0f-a892199e19c8,TCI #1 2023 AGE Interclub Trampoline Championships,,DMT,9-10 Years Male,Qualification,1,,2,TRUE,5,57500,0,99,0,,1,0,Geotge,MacKay,ICE Gymsports North Canterbury,01/01/0001,,2,18700,2,0,6,E3,91,3,3,,,,,,,,,3,0
2144,8050cb81-30bf-47a6-4b0f-a892199e19c8,TCI #1 2023 AGE Interclub Trampoline Championships,,DMT,9-10 Years Male,Qualification,1,,2,TRUE,5,57500,0,99,0,,1,0,Geotge,MacKay,ICE Gymsports North Canterbury,01/01/0001,,2,18700,2,0,6,E4,100,,,,,,,,,,,,
2145,8050cb81-30bf-47a6-4b0f-a892199e19c8,TCI #1 2023 AGE Interclub Trampoline Championships,,DMT,9-10 Years Male,Qualification,1,,2,TRUE,5,57500,0,99,0,,1,0,Geotge,MacKay,ICE Gymsports North Canterbury,01/01/0001,,2,18700,2,0,6,E5,100,,,,,,,,,,,,
2146,8050cb81-30bf-47a6-4b0f-a892199e19c8,TCI #1 2023 AGE Interclub Trampoline Championships,,DMT,9-10 Years Male,Qualification,1,,2,TRUE,5,57500,0,99,0,,1,0,Geotge,MacKay,ICE Gymsports North Canterbury,01/01/0001,,2,18700,2,0,6,E8,100,,,,,,,,,,,,
2147,8050cb81-30bf-47a6-4b0f-a892199e19c8,TCI #1 2023 AGE Interclub Trampoline Championships,,DMT,9-10 Years Male,Qualification,1,,2,TRUE,5,57500,0,99,0,,1,0,Geotge,MacKay,ICE Gymsports North Canterbury,01/01/0001,,2,18700,2,0,6,E∑,186,6,6,0,0,0,0,0,0,0,0,2,0
2148,8050cb81-30bf-47a6-4b0f-a892199e19c8,TCI #1 2023 AGE Interclub Trampoline Championships,,DMT,9-10 Years Male,Qualification,1,,2,TRUE,5,57500,0,99,0,,1,0,Geotge,MacKay,ICE Gymsports North Canterbury,01/01/0001,,2,18700,2,0,6,T,0,,,,,,,,,,,,
2149,8050cb81-30bf-47a6-4b0f-a892199e19c8,TCI #1 2023 AGE Interclub Trampoline Championships,,DMT,9-10 Years Male,Qualification,1,,2,TRUE,5,57500,0,99,0,,1,0,Geotge,MacKay,ICE Gymsports North Canterbury,01/01/0001,,2,18700,2,0,6,D,7,0,,,,,,,,,,,
2150,8050cb81-30bf-47a6-4b0f-a892199e19c8,TCI #1 2023 AGE Interclub Trampoline Championships,,DMT,9-10 Years Male,Qualification,1,,2,TRUE,5,57500,0,99,0,,1,0,Geotge,MacKay,ICE Gymsports North Canterbury,01/01/0001,,2,18700,2,0,6,H,0,0,0,,,,,,,,,,
2151,8050cb81-30bf-47a6-4b0f-a892199e19c8,TCI #1 2023 AGE Interclub Trampoline Championships,,DMT,9-10 Years Male,Qualification,1,,2,TRUE,5,57500,0,99,0,,1,0,Geotge,MacKay,ICE Gymsports North Canterbury,01/01/0001,,3,19300,2,0,0,E1,94,3,3,,,,,,,,,0,0
2152,8050cb81-30bf-47a6-4b0f-a892199e19c8,TCI #1 2023 AGE Interclub Trampoline Championships,,DMT,9-10 Years Male,Qualification,1,,2,TRUE,5,57500,0,99,0,,1,0,Geotge,MacKay,ICE Gymsports North Canterbury,01/01/0001,,3,19300,2,0,0,E2,94,3,3,,,,,,,,,0,0
2153,8050cb81-30bf-47a6-4b0f-a892199e19c8,TCI #1 2023 AGE Interclub Trampoline Championships,,DMT,9-10 Years Male,Qualification,1,,2,TRUE,5,57500,0,99,0,,1,0,Geotge,MacKay,ICE Gymsports North Canterbury,01/01/0001,,3,19300,2,0,0,E3,93,3,4,,,,,,,,,0,0
2154,8050cb81-30bf-47a6-4b0f-a892199e19c8,TCI #1 2023 AGE Interclub Trampoline Championships,,DMT,9-10 Years Male,Qualification,1,,2,TRUE,5,57500,0,99,0,,1,0,Geotge,MacKay,ICE Gymsports North Canterbury,01/01/0001,,3,19300,2,0,0,E4,100,,,,,,,,,,,,
2155,8050cb81-30bf-47a6-4b0f-a892199e19c8,TCI #1 2023 AGE Interclub Trampoline Championships,,DMT,9-10 Years Male,Qualification,1,,2,TRUE,5,57500,0,99,0,,1,0,Geotge,MacKay,ICE Gymsports North Canterbury,01/01/0001,,3,19300,2,0,0,E5,100,,,,,,,,,,,,
2156,8050cb81-30bf-47a6-4b0f-a892199e19c8,TCI #1 2023 AGE Interclub Trampoline Championships,,DMT,9-10 Years Male,Qualification,1,,2,TRUE,5,57500,0,99,0,,1,0,Geotge,MacKay,ICE Gymsports North Canterbury,01/01/0001,,3,19300,2,0,0,E8,100,,,,,,,,,,,,
2157,8050cb81-30bf-47a6-4b0f-a892199e19c8,TCI #1 2023 AGE Interclub Trampoline Championships,,DMT,9-10 Years Male,Qualification,1,,2,TRUE,5,57500,0,99,0,,1,0,Geotge,MacKay,ICE Gymsports North Canterbury,01/01/0001,,3,19300,2,0,0,E∑,188,6,6,0,0,0,0,0,0,0,0,0,0
2158,8050cb81-30bf-47a6-4b0f-a892199e19c8,TCI #1 2023 AGE Interclub Trampoline Championships,,DMT,9-10 Years Male,Qualification,1,,2,TRUE,5,57500,0,99,0,,1,0,Geotge,MacKay,ICE Gymsports North Canterbury,01/01/0001,,3,19300,2,0,0,T,0,,,,,,,,,,,,
2159,8050cb81-30bf-47a6-4b0f-a892199e19c8,TCI #1 2023 AGE Interclub Trampoline Championships,,DMT,9-10 Years Male,Qualification,1,,2,TRUE,5,57500,0,99,0,,1,0,Geotge,MacKay,ICE Gymsports North Canterbury,01/01/0001,,3,19300,2,0,0,D,5,0,,,,,,,,,,,
2160,8050cb81-30bf-47a6-4b0f-a892199e19c8,TCI #1 2023 AGE Interclub Trampoline Championships,,DMT,9-10 Years Male,Qualification,1,,2,TRUE,5,57500,0,99,0,,1,0,Geotge,MacKay,ICE Gymsports North Canterbury,01/01/0001,,3,19300,2,0,0,H,0,0,0,,,,,,,,,,
2161,8050cb81-30bf-47a6-4b0f-a892199e19c8,TCI #1 2023 AGE Interclub Trampoline Championships,,DMT,9-10 Years Male,Qualification,1,,3,TRUE,4,58300,0,99,0,,1,0,Findlay,Nathan,ICE Gymsports North Canterbury,01/01/0001,,1,19000,2,0,0,E1,91,3,3,,,,,,,,,3,0
2162,8050cb81-30bf-47a6-4b0f-a892199e19c8,TCI #1 2023 AGE Interclub Trampoline Championships,,DMT,9-10 Years Male,Qualification,1,,3,TRUE,4,58300,0,99,0,,1,0,Findlay,Nathan,ICE Gymsports North Canterbury,01/01/0001,,1,19000,2,0,0,E2,92,3,2,,,,,,,,,3,0
2163,8050cb81-30bf-47a6-4b0f-a892199e19c8,TCI #1 2023 AGE Interclub Trampoline Championships,,DMT,9-10 Years Male,Qualification,1,,3,TRUE,4,58300,0,99,0,,1,0,Findlay,Nathan,ICE Gymsports North Canterbury,01/01/0001,,1,19000,2,0,0,E3,91,3,3,,,,,,,,,3,0
2164,8050cb81-30bf-47a6-4b0f-a892199e19c8,TCI #1 2023 AGE Interclub Trampoline Championships,,DMT,9-10 Years Male,Qualification,1,,3,TRUE,4,58300,0,99,0,,1,0,Findlay,Nathan,ICE Gymsports North Canterbury,01/01/0001,,1,19000,2,0,0,E4,100,,,,,,,,,,,,
2165,8050cb81-30bf-47a6-4b0f-a892199e19c8,TCI #1 2023 AGE Interclub Trampoline Championships,,DMT,9-10 Years Male,Qualification,1,,3,TRUE,4,58300,0,99,0,,1,0,Findlay,Nathan,ICE Gymsports North Canterbury,01/01/0001,,1,19000,2,0,0,E5,100,,,,,,,,,,,,
2166,8050cb81-30bf-47a6-4b0f-a892199e19c8,TCI #1 2023 AGE Interclub Trampoline Championships,,DMT,9-10 Years Male,Qualification,1,,3,TRUE,4,58300,0,99,0,,1,0,Findlay,Nathan,ICE Gymsports North Canterbury,01/01/0001,,1,19000,2,0,0,E8,100,,,,,,,,,,,,
2167,8050cb81-30bf-47a6-4b0f-a892199e19c8,TCI #1 2023 AGE Interclub Trampoline Championships,,DMT,9-10 Years Male,Qualification,1,,3,TRUE,4,58300,0,99,0,,1,0,Findlay,Nathan,ICE Gymsports North Canterbury,01/01/0001,,1,19000,2,0,0,E∑,183,6,5,0,0,0,0,0,0,0,0,6,0
2168,8050cb81-30bf-47a6-4b0f-a892199e19c8,TCI #1 2023 AGE Interclub Trampoline Championships,,DMT,9-10 Years Male,Qualification,1,,3,TRUE,4,58300,0,99,0,,1,0,Findlay,Nathan,ICE Gymsports North Canterbury,01/01/0001,,1,19000,2,0,0,T,0,,,,,,,,,,,,
2169,8050cb81-30bf-47a6-4b0f-a892199e19c8,TCI #1 2023 AGE Interclub Trampoline Championships,,DMT,9-10 Years Male,Qualification,1,,3,TRUE,4,58300,0,99,0,,1,0,Findlay,Nathan,ICE Gymsports North Canterbury,01/01/0001,,1,19000,2,0,0,D,7,0,,,,,,,,,,,
2170,8050cb81-30bf-47a6-4b0f-a892199e19c8,TCI #1 2023 AGE Interclub Trampoline Championships,,DMT,9-10 Years Male,Qualification,1,,3,TRUE,4,58300,0,99,0,,1,0,Findlay,Nathan,ICE Gymsports North Canterbury,01/01/0001,,1,19000,2,0,0,H,0,0,0,,,,,,,,,,
2171,8050cb81-30bf-47a6-4b0f-a892199e19c8,TCI #1 2023 AGE Interclub Trampoline Championships,,DMT,9-10 Years Male,Qualification,1,,3,TRUE,4,58300,0,99,0,,1,0,Findlay,Nathan,ICE Gymsports North Canterbury,01/01/0001,,2,19700,2,0,0,E1,94,2,3,,,,,,,,,1,0
2172,8050cb81-30bf-47a6-4b0f-a892199e19c8,TCI #1 2023 AGE Interclub Trampoline Championships,,DMT,9-10 Years Male,Qualification,1,,3,TRUE,4,58300,0,99,0,,1,0,Findlay,Nathan,ICE Gymsports North Canterbury,01/01/0001,,2,19700,2,0,0,E2,95,2,2,,,,,,,,,1,0
2173,8050cb81-30bf-47a6-4b0f-a892199e19c8,TCI #1 2023 AGE Interclub Trampoline Championships,,DMT,9-10 Years Male,Qualification,1,,3,TRUE,4,58300,0,99,0,,1,0,Findlay,Nathan,ICE Gymsports North Canterbury,01/01/0001,,2,19700,2,0,0,E3,94,3,2,,,,,,,,,1,0
2174,8050cb81-30bf-47a6-4b0f-a892199e19c8,TCI #1 2023 AGE Interclub Trampoline Championships,,DMT,9-10 Years Male,Qualification,1,,3,TRUE,4,58300,0,99,0,,1,0,Findlay,Nathan,ICE Gymsports North Canterbury,01/01/0001,,2,19700,2,0,0,E4,100,,,,,,,,,,,,
2175,8050cb81-30bf-47a6-4b0f-a892199e19c8,TCI #1 2023 AGE Interclub Trampoline Championships,,DMT,9-10 Years Male,Qualification,1,,3,TRUE,4,58300,0,99,0,,1,0,Findlay,Nathan,ICE Gymsports North Canterbury,01/01/0001,,2,19700,2,0,0,E5,100,,,,,,,,,,,,
2176,8050cb81-30bf-47a6-4b0f-a892199e19c8,TCI #1 2023 AGE Interclub Trampoline Championships,,DMT,9-10 Years Male,Qualification,1,,3,TRUE,4,58300,0,99,0,,1,0,Findlay,Nathan,ICE Gymsports North Canterbury,01/01/0001,,2,19700,2,0,0,E8,100,,,,,,,,,,,,
2177,8050cb81-30bf-47a6-4b0f-a892199e19c8,TCI #1 2023 AGE Interclub Trampoline Championships,,DMT,9-10 Years Male,Qualification,1,,3,TRUE,4,58300,0,99,0,,1,0,Findlay,Nathan,ICE Gymsports North Canterbury,01/01/0001,,2,19700,2,0,0,E∑,190,4,4,0,0,0,0,0,0,0,0,2,0
2178,8050cb81-30bf-47a6-4b0f-a892199e19c8,TCI #1 2023 AGE Interclub Trampoline Championships,,DMT,9-10 Years Male,Qualification,1,,3,TRUE,4,58300,0,99,0,,1,0,Findlay,Nathan,ICE Gymsports North Canterbury,01/01/0001,,2,19700,2,0,0,T,0,,,,,,,,,,,,
2179,8050cb81-30bf-47a6-4b0f-a892199e19c8,TCI #1 2023 AGE Interclub Trampoline Championships,,DMT,9-10 Years Male,Qualification,1,,3,TRUE,4,58300,0,99,0,,1,0,Findlay,Nathan,ICE Gymsports North Canterbury,01/01/0001,,2,19700,2,0,0,D,7,0,,,,,,,,,,,
2180,8050cb81-30bf-47a6-4b0f-a892199e19c8,TCI #1 2023 AGE Interclub Trampoline Championships,,DMT,9-10 Years Male,Qualification,1,,3,TRUE,4,58300,0,99,0,,1,0,Findlay,Nathan,ICE Gymsports North Canterbury,01/01/0001,,2,19700,2,0,0,H,0,0,0,,,,,,,,,,
2181,8050cb81-30bf-47a6-4b0f-a892199e19c8,TCI #1 2023 AGE Interclub Trampoline Championships,,DMT,9-10 Years Male,Qualification,1,,3,TRUE,4,58300,0,99,0,,1,0,Findlay,Nathan,ICE Gymsports North Canterbury,01/01/0001,,3,19600,2,0,0,E1,93,3,3,,,,,,,,,1,0
2182,8050cb81-30bf-47a6-4b0f-a892199e19c8,TCI #1 2023 AGE Interclub Trampoline Championships,,DMT,9-10 Years Male,Qualification,1,,3,TRUE,4,58300,0,99,0,,1,0,Findlay,Nathan,ICE Gymsports North Canterbury,01/01/0001,,3,19600,2,0,0,E2,96,2,2,,,,,,,,,0,0
2183,8050cb81-30bf-47a6-4b0f-a892199e19c8,TCI #1 2023 AGE Interclub Trampoline Championships,,DMT,9-10 Years Male,Qualification,1,,3,TRUE,4,58300,0,99,0,,1,0,Findlay,Nathan,ICE Gymsports North Canterbury,01/01/0001,,3,19600,2,0,0,E3,95,2,2,,,,,,,,,1,0
2184,8050cb81-30bf-47a6-4b0f-a892199e19c8,TCI #1 2023 AGE Interclub Trampoline Championships,,DMT,9-10 Years Male,Qualification,1,,3,TRUE,4,58300,0,99,0,,1,0,Findlay,Nathan,ICE Gymsports North Canterbury,01/01/0001,,3,19600,2,0,0,E4,100,,,,,,,,,,,,
2185,8050cb81-30bf-47a6-4b0f-a892199e19c8,TCI #1 2023 AGE Interclub Trampoline Championships,,DMT,9-10 Years Male,Qualification,1,,3,TRUE,4,58300,0,99,0,,1,0,Findlay,Nathan,ICE Gymsports North Canterbury,01/01/0001,,3,19600,2,0,0,E5,100,,,,,,,,,,,,
2186,8050cb81-30bf-47a6-4b0f-a892199e19c8,TCI #1 2023 AGE Interclub Trampoline Championships,,DMT,9-10 Years Male,Qualification,1,,3,TRUE,4,58300,0,99,0,,1,0,Findlay,Nathan,ICE Gymsports North Canterbury,01/01/0001,,3,19600,2,0,0,E8,100,,,,,,,,,,,,
2187,8050cb81-30bf-47a6-4b0f-a892199e19c8,TCI #1 2023 AGE Interclub Trampoline Championships,,DMT,9-10 Years Male,Qualification,1,,3,TRUE,4,58300,0,99,0,,1,0,Findlay,Nathan,ICE Gymsports North Canterbury,01/01/0001,,3,19600,2,0,0,E∑,191,4,4,0,0,0,0,0,0,0,0,1,0
2188,8050cb81-30bf-47a6-4b0f-a892199e19c8,TCI #1 2023 AGE Interclub Trampoline Championships,,DMT,9-10 Years Male,Qualification,1,,3,TRUE,4,58300,0,99,0,,1,0,Findlay,Nathan,ICE Gymsports North Canterbury,01/01/0001,,3,19600,2,0,0,T,0,,,,,,,,,,,,
2189,8050cb81-30bf-47a6-4b0f-a892199e19c8,TCI #1 2023 AGE Interclub Trampoline Championships,,DMT,9-10 Years Male,Qualification,1,,3,TRUE,4,58300,0,99,0,,1,0,Findlay,Nathan,ICE Gymsports North Canterbury,01/01/0001,,3,19600,2,0,0,D,5,0,,,,,,,,,,,
2190,8050cb81-30bf-47a6-4b0f-a892199e19c8,TCI #1 2023 AGE Interclub Trampoline Championships,,DMT,9-10 Years Male,Qualification,1,,3,TRUE,4,58300,0,99,0,,1,0,Findlay,Nathan,ICE Gymsports North Canterbury,01/01/0001,,3,19600,2,0,0,H,0,0,0,,,,,,,,,,
2191,8050cb81-30bf-47a6-4b0f-a892199e19c8,TCI #1 2023 AGE Interclub Trampoline Championships,,DMT,9-10 Years Male,Qualification,1,,4,TRUE,3,58600,0,99,0,,1,0,Mould,Jonathan,ICE Gymsports North Canterbury,01/01/0001,,1,19500,2,0,0,E1,94,3,3,,,,,,,,,0,0
2192,8050cb81-30bf-47a6-4b0f-a892199e19c8,TCI #1 2023 AGE Interclub Trampoline Championships,,DMT,9-10 Years Male,Qualification,1,,4,TRUE,3,58600,0,99,0,,1,0,Mould,Jonathan,ICE Gymsports North Canterbury,01/01/0001,,1,19500,2,0,0,E2,96,2,2,,,,,,,,,0,0
2193,8050cb81-30bf-47a6-4b0f-a892199e19c8,TCI #1 2023 AGE Interclub Trampoline Championships,,DMT,9-10 Years Male,Qualification,1,,4,TRUE,3,58600,0,99,0,,1,0,Mould,Jonathan,ICE Gymsports North Canterbury,01/01/0001,,1,19500,2,0,0,E3,94,3,3,,,,,,,,,0,0
2194,8050cb81-30bf-47a6-4b0f-a892199e19c8,TCI #1 2023 AGE Interclub Trampoline Championships,,DMT,9-10 Years Male,Qualification,1,,4,TRUE,3,58600,0,99,0,,1,0,Mould,Jonathan,ICE Gymsports North Canterbury,01/01/0001,,1,19500,2,0,0,E4,100,,,,,,,,,,,,
2195,8050cb81-30bf-47a6-4b0f-a892199e19c8,TCI #1 2023 AGE Interclub Trampoline Championships,,DMT,9-10 Years Male,Qualification,1,,4,TRUE,3,58600,0,99,0,,1,0,Mould,Jonathan,ICE Gymsports North Canterbury,01/01/0001,,1,19500,2,0,0,E5,100,,,,,,,,,,,,
2196,8050cb81-30bf-47a6-4b0f-a892199e19c8,TCI #1 2023 AGE Interclub Trampoline Championships,,DMT,9-10 Years Male,Qualification,1,,4,TRUE,3,58600,0,99,0,,1,0,Mould,Jonathan,ICE Gymsports North Canterbury,01/01/0001,,1,19500,2,0,0,E8,100,,,,,,,,,,,,
2197,8050cb81-30bf-47a6-4b0f-a892199e19c8,TCI #1 2023 AGE Interclub Trampoline Championships,,DMT,9-10 Years Male,Qualification,1,,4,TRUE,3,58600,0,99,0,,1,0,Mould,Jonathan,ICE Gymsports North Canterbury,01/01/0001,,1,19500,2,0,0,E∑,190,5,5,0,0,0,0,0,0,0,0,0,0
2198,8050cb81-30bf-47a6-4b0f-a892199e19c8,TCI #1 2023 AGE Interclub Trampoline Championships,,DMT,9-10 Years Male,Qualification,1,,4,TRUE,3,58600,0,99,0,,1,0,Mould,Jonathan,ICE Gymsports North Canterbury,01/01/0001,,1,19500,2,0,0,T,0,,,,,,,,,,,,
2199,8050cb81-30bf-47a6-4b0f-a892199e19c8,TCI #1 2023 AGE Interclub Trampoline Championships,,DMT,9-10 Years Male,Qualification,1,,4,TRUE,3,58600,0,99,0,,1,0,Mould,Jonathan,ICE Gymsports North Canterbury,01/01/0001,,1,19500,2,0,0,D,5,0,,,,,,,,,,,
2200,8050cb81-30bf-47a6-4b0f-a892199e19c8,TCI #1 2023 AGE Interclub Trampoline Championships,,DMT,9-10 Years Male,Qualification,1,,4,TRUE,3,58600,0,99,0,,1,0,Mould,Jonathan,ICE Gymsports North Canterbury,01/01/0001,,1,19500,2,0,0,H,0,0,0,,,,,,,,,,
2201,8050cb81-30bf-47a6-4b0f-a892199e19c8,TCI #1 2023 AGE Interclub Trampoline Championships,,DMT,9-10 Years Male,Qualification,1,,4,TRUE,3,58600,0,99,0,,1,0,Mould,Jonathan,ICE Gymsports North Canterbury,01/01/0001,,2,19500,2,0,0,E1,94,2,3,,,,,,,,,1,0
2202,8050cb81-30bf-47a6-4b0f-a892199e19c8,TCI #1 2023 AGE Interclub Trampoline Championships,,DMT,9-10 Years Male,Qualification,1,,4,TRUE,3,58600,0,99,0,,1,0,Mould,Jonathan,ICE Gymsports North Canterbury,01/01/0001,,2,19500,2,0,0,E2,95,2,2,,,,,,,,,1,0
2203,8050cb81-30bf-47a6-4b0f-a892199e19c8,TCI #1 2023 AGE Interclub Trampoline Championships,,DMT,9-10 Years Male,Qualification,1,,4,TRUE,3,58600,0,99,0,,1,0,Mould,Jonathan,ICE Gymsports North Canterbury,01/01/0001,,2,19500,2,0,0,E3,94,2,3,,,,,,,,,1,0
2204,8050cb81-30bf-47a6-4b0f-a892199e19c8,TCI #1 2023 AGE Interclub Trampoline Championships,,DMT,9-10 Years Male,Qualification,1,,4,TRUE,3,58600,0,99,0,,1,0,Mould,Jonathan,ICE Gymsports North Canterbury,01/01/0001,,2,19500,2,0,0,E4,100,,,,,,,,,,,,
2205,8050cb81-30bf-47a6-4b0f-a892199e19c8,TCI #1 2023 AGE Interclub Trampoline Championships,,DMT,9-10 Years Male,Qualification,1,,4,TRUE,3,58600,0,99,0,,1,0,Mould,Jonathan,ICE Gymsports North Canterbury,01/01/0001,,2,19500,2,0,0,E5,100,,,,,,,,,,,,
2206,8050cb81-30bf-47a6-4b0f-a892199e19c8,TCI #1 2023 AGE Interclub Trampoline Championships,,DMT,9-10 Years Male,Qualification,1,,4,TRUE,3,58600,0,99,0,,1,0,Mould,Jonathan,ICE Gymsports North Canterbury,01/01/0001,,2,19500,2,0,0,E8,100,,,,,,,,,,,,
2207,8050cb81-30bf-47a6-4b0f-a892199e19c8,TCI #1 2023 AGE Interclub Trampoline Championships,,DMT,9-10 Years Male,Qualification,1,,4,TRUE,3,58600,0,99,0,,1,0,Mould,Jonathan,ICE Gymsports North Canterbury,01/01/0001,,2,19500,2,0,0,E∑,189,4,5,0,0,0,0,0,0,0,0,2,0
2208,8050cb81-30bf-47a6-4b0f-a892199e19c8,TCI #1 2023 AGE Interclub Trampoline Championships,,DMT,9-10 Years Male,Qualification,1,,4,TRUE,3,58600,0,99,0,,1,0,Mould,Jonathan,ICE Gymsports North Canterbury,01/01/0001,,2,19500,2,0,0,T,0,,,,,,,,,,,,
2209,8050cb81-30bf-47a6-4b0f-a892199e19c8,TCI #1 2023 AGE Interclub Trampoline Championships,,DMT,9-10 Years Male,Qualification,1,,4,TRUE,3,58600,0,99,0,,1,0,Mould,Jonathan,ICE Gymsports North Canterbury,01/01/0001,,2,19500,2,0,0,D,6,0,,,,,,,,,,,
2210,8050cb81-30bf-47a6-4b0f-a892199e19c8,TCI #1 2023 AGE Interclub Trampoline Championships,,DMT,9-10 Years Male,Qualification,1,,4,TRUE,3,58600,0,99,0,,1,0,Mould,Jonathan,ICE Gymsports North Canterbury,01/01/0001,,2,19500,2,0,0,H,0,0,0,,,,,,,,,,
2211,8050cb81-30bf-47a6-4b0f-a892199e19c8,TCI #1 2023 AGE Interclub Trampoline Championships,,DMT,9-10 Years Male,Qualification,1,,4,TRUE,3,58600,0,99,0,,1,0,Mould,Jonathan,ICE Gymsports North Canterbury,01/01/0001,,3,19600,2,0,0,E1,98,1,1,,,,,,,,,0,0
2212,8050cb81-30bf-47a6-4b0f-a892199e19c8,TCI #1 2023 AGE Interclub Trampoline Championships,,DMT,9-10 Years Male,Qualification,1,,4,TRUE,3,58600,0,99,0,,1,0,Mould,Jonathan,ICE Gymsports North Canterbury,01/01/0001,,3,19600,2,0,0,E2,97,1,2,,,,,,,,,0,0
2213,8050cb81-30bf-47a6-4b0f-a892199e19c8,TCI #1 2023 AGE Interclub Trampoline Championships,,DMT,9-10 Years Male,Qualification,1,,4,TRUE,3,58600,0,99,0,,1,0,Mould,Jonathan,ICE Gymsports North Canterbury,01/01/0001,,3,19600,2,0,0,E3,98,1,1,,,,,,,,,0,0
2214,8050cb81-30bf-47a6-4b0f-a892199e19c8,TCI #1 2023 AGE Interclub Trampoline Championships,,DMT,9-10 Years Male,Qualification,1,,4,TRUE,3,58600,0,99,0,,1,0,Mould,Jonathan,ICE Gymsports North Canterbury,01/01/0001,,3,19600,2,0,0,E4,100,,,,,,,,,,,,
2215,8050cb81-30bf-47a6-4b0f-a892199e19c8,TCI #1 2023 AGE Interclub Trampoline Championships,,DMT,9-10 Years Male,Qualification,1,,4,TRUE,3,58600,0,99,0,,1,0,Mould,Jonathan,ICE Gymsports North Canterbury,01/01/0001,,3,19600,2,0,0,E5,100,,,,,,,,,,,,
2216,8050cb81-30bf-47a6-4b0f-a892199e19c8,TCI #1 2023 AGE Interclub Trampoline Championships,,DMT,9-10 Years Male,Qualification,1,,4,TRUE,3,58600,0,99,0,,1,0,Mould,Jonathan,ICE Gymsports North Canterbury,01/01/0001,,3,19600,2,0,0,E8,100,,,,,,,,,,,,
2217,8050cb81-30bf-47a6-4b0f-a892199e19c8,TCI #1 2023 AGE Interclub Trampoline Championships,,DMT,9-10 Years Male,Qualification,1,,4,TRUE,3,58600,0,99,0,,1,0,Mould,Jonathan,ICE Gymsports North Canterbury,01/01/0001,,3,19600,2,0,0,E∑,196,2,2,0,0,0,0,0,0,0,0,0,0
2218,8050cb81-30bf-47a6-4b0f-a892199e19c8,TCI #1 2023 AGE Interclub Trampoline Championships,,DMT,9-10 Years Male,Qualification,1,,4,TRUE,3,58600,0,99,0,,1,0,Mould,Jonathan,ICE Gymsports North Canterbury,01/01/0001,,3,19600,2,0,0,T,0,,,,,,,,,,,,
2219,8050cb81-30bf-47a6-4b0f-a892199e19c8,TCI #1 2023 AGE Interclub Trampoline Championships,,DMT,9-10 Years Male,Qualification,1,,4,TRUE,3,58600,0,99,0,,1,0,Mould,Jonathan,ICE Gymsports North Canterbury,01/01/0001,,3,19600,2,0,0,D,0,0,,,,,,,,,,,
2220,8050cb81-30bf-47a6-4b0f-a892199e19c8,TCI #1 2023 AGE Interclub Trampoline Championships,,DMT,9-10 Years Male,Qualification,1,,4,TRUE,3,58600,0,99,0,,1,0,Mould,Jonathan,ICE Gymsports North Canterbury,01/01/0001,,3,19600,2,0,0,H,0,0,0,,,,,,,,,,
2221,8050cb81-30bf-47a6-4b0f-a892199e19c8,TCI #1 2023 AGE Interclub Trampoline Championships,,DMT,9-10 Years Male,Qualification,1,,5,TRUE,1,60100,0,99,0,,1,0,Pryce,Jye,Christchurch School of Gymnastics,01/01/0001,,1,20500,2,0,0,E1,94,2,3,,,,,,,,,1,0
2222,8050cb81-30bf-47a6-4b0f-a892199e19c8,TCI #1 2023 AGE Interclub Trampoline Championships,,DMT,9-10 Years Male,Qualification,1,,5,TRUE,1,60100,0,99,0,,1,0,Pryce,Jye,Christchurch School of Gymnastics,01/01/0001,,1,20500,2,0,0,E2,96,2,2,,,,,,,,,0,0
2223,8050cb81-30bf-47a6-4b0f-a892199e19c8,TCI #1 2023 AGE Interclub Trampoline Championships,,DMT,9-10 Years Male,Qualification,1,,5,TRUE,1,60100,0,99,0,,1,0,Pryce,Jye,Christchurch School of Gymnastics,01/01/0001,,1,20500,2,0,0,E3,96,2,2,,,,,,,,,0,0
2224,8050cb81-30bf-47a6-4b0f-a892199e19c8,TCI #1 2023 AGE Interclub Trampoline Championships,,DMT,9-10 Years Male,Qualification,1,,5,TRUE,1,60100,0,99,0,,1,0,Pryce,Jye,Christchurch School of Gymnastics,01/01/0001,,1,20500,2,0,0,E4,100,,,,,,,,,,,,
2225,8050cb81-30bf-47a6-4b0f-a892199e19c8,TCI #1 2023 AGE Interclub Trampoline Championships,,DMT,9-10 Years Male,Qualification,1,,5,TRUE,1,60100,0,99,0,,1,0,Pryce,Jye,Christchurch School of Gymnastics,01/01/0001,,1,20500,2,0,0,E5,100,,,,,,,,,,,,
2226,8050cb81-30bf-47a6-4b0f-a892199e19c8,TCI #1 2023 AGE Interclub Trampoline Championships,,DMT,9-10 Years Male,Qualification,1,,5,TRUE,1,60100,0,99,0,,1,0,Pryce,Jye,Christchurch School of Gymnastics,01/01/0001,,1,20500,2,0,0,E8,100,,,,,,,,,,,,
2227,8050cb81-30bf-47a6-4b0f-a892199e19c8,TCI #1 2023 AGE Interclub Trampoline Championships,,DMT,9-10 Years Male,Qualification,1,,5,TRUE,1,60100,0,99,0,,1,0,Pryce,Jye,Christchurch School of Gymnastics,01/01/0001,,1,20500,2,0,0,E∑,192,4,4,0,0,0,0,0,0,0,0,0,0
2228,8050cb81-30bf-47a6-4b0f-a892199e19c8,TCI #1 2023 AGE Interclub Trampoline Championships,,DMT,9-10 Years Male,Qualification,1,,5,TRUE,1,60100,0,99,0,,1,0,Pryce,Jye,Christchurch School of Gymnastics,01/01/0001,,1,20500,2,0,0,T,0,,,,,,,,,,,,
2229,8050cb81-30bf-47a6-4b0f-a892199e19c8,TCI #1 2023 AGE Interclub Trampoline Championships,,DMT,9-10 Years Male,Qualification,1,,5,TRUE,1,60100,0,99,0,,1,0,Pryce,Jye,Christchurch School of Gymnastics,01/01/0001,,1,20500,2,0,0,D,13,0,,,,,,,,,,,
2230,8050cb81-30bf-47a6-4b0f-a892199e19c8,TCI #1 2023 AGE Interclub Trampoline Championships,,DMT,9-10 Years Male,Qualification,1,,5,TRUE,1,60100,0,99,0,,1,0,Pryce,Jye,Christchurch School of Gymnastics,01/01/0001,,1,20500,2,0,0,H,0,0,0,,,,,,,,,,
2231,8050cb81-30bf-47a6-4b0f-a892199e19c8,TCI #1 2023 AGE Interclub Trampoline Championships,,DMT,9-10 Years Male,Qualification,1,,5,TRUE,1,60100,0,99,0,,1,0,Pryce,Jye,Christchurch School of Gymnastics,01/01/0001,,2,19400,2,0,2,E1,89,3,3,,,,,,,,,0,5
2232,8050cb81-30bf-47a6-4b0f-a892199e19c8,TCI #1 2023 AGE Interclub Trampoline Championships,,DMT,9-10 Years Male,Qualification,1,,5,TRUE,1,60100,0,99,0,,1,0,Pryce,Jye,Christchurch School of Gymnastics,01/01/0001,,2,19400,2,0,2,E2,90,3,2,,,,,,,,,0,5
2233,8050cb81-30bf-47a6-4b0f-a892199e19c8,TCI #1 2023 AGE Interclub Trampoline Championships,,DMT,9-10 Years Male,Qualification,1,,5,TRUE,1,60100,0,99,0,,1,0,Pryce,Jye,Christchurch School of Gymnastics,01/01/0001,,2,19400,2,0,2,E3,89,3,3,,,,,,,,,0,5
2234,8050cb81-30bf-47a6-4b0f-a892199e19c8,TCI #1 2023 AGE Interclub Trampoline Championships,,DMT,9-10 Years Male,Qualification,1,,5,TRUE,1,60100,0,99,0,,1,0,Pryce,Jye,Christchurch School of Gymnastics,01/01/0001,,2,19400,2,0,2,E4,100,,,,,,,,,,,,
2235,8050cb81-30bf-47a6-4b0f-a892199e19c8,TCI #1 2023 AGE Interclub Trampoline Championships,,DMT,9-10 Years Male,Qualification,1,,5,TRUE,1,60100,0,99,0,,1,0,Pryce,Jye,Christchurch School of Gymnastics,01/01/0001,,2,19400,2,0,2,E5,100,,,,,,,,,,,,
2236,8050cb81-30bf-47a6-4b0f-a892199e19c8,TCI #1 2023 AGE Interclub Trampoline Championships,,DMT,9-10 Years Male,Qualification,1,,5,TRUE,1,60100,0,99,0,,1,0,Pryce,Jye,Christchurch School of Gymnastics,01/01/0001,,2,19400,2,0,2,E8,100,,,,,,,,,,,,
2237,8050cb81-30bf-47a6-4b0f-a892199e19c8,TCI #1 2023 AGE Interclub Trampoline Championships,,DMT,9-10 Years Male,Qualification,1,,5,TRUE,1,60100,0,99,0,,1,0,Pryce,Jye,Christchurch School of Gymnastics,01/01/0001,,2,19400,2,0,2,E∑,179,6,5,0,0,0,0,0,0,0,0,0,10
2238,8050cb81-30bf-47a6-4b0f-a892199e19c8,TCI #1 2023 AGE Interclub Trampoline Championships,,DMT,9-10 Years Male,Qualification,1,,5,TRUE,1,60100,0,99,0,,1,0,Pryce,Jye,Christchurch School of Gymnastics,01/01/0001,,2,19400,2,0,2,T,0,,,,,,,,,,,,
2239,8050cb81-30bf-47a6-4b0f-a892199e19c8,TCI #1 2023 AGE Interclub Trampoline Championships,,DMT,9-10 Years Male,Qualification,1,,5,TRUE,1,60100,0,99,0,,1,0,Pryce,Jye,Christchurch School of Gymnastics,01/01/0001,,2,19400,2,0,2,D,17,0,,,,,,,,,,,
2240,8050cb81-30bf-47a6-4b0f-a892199e19c8,TCI #1 2023 AGE Interclub Trampoline Championships,,DMT,9-10 Years Male,Qualification,1,,5,TRUE,1,60100,0,99,0,,1,0,Pryce,Jye,Christchurch School of Gymnastics,01/01/0001,,2,19400,2,0,2,H,0,0,0,,,,,,,,,,
2241,8050cb81-30bf-47a6-4b0f-a892199e19c8,TCI #1 2023 AGE Interclub Trampoline Championships,,DMT,9-10 Years Male,Qualification,1,,5,TRUE,1,60100,0,99,0,,1,0,Pryce,Jye,Christchurch School of Gymnastics,01/01/0001,,3,20200,2,0,0,E1,93,3,3,,,,,,,,,1,0
2242,8050cb81-30bf-47a6-4b0f-a892199e19c8,TCI #1 2023 AGE Interclub Trampoline Championships,,DMT,9-10 Years Male,Qualification,1,,5,TRUE,1,60100,0,99,0,,1,0,Pryce,Jye,Christchurch School of Gymnastics,01/01/0001,,3,20200,2,0,0,E2,96,2,2,,,,,,,,,0,0
2243,8050cb81-30bf-47a6-4b0f-a892199e19c8,TCI #1 2023 AGE Interclub Trampoline Championships,,DMT,9-10 Years Male,Qualification,1,,5,TRUE,1,60100,0,99,0,,1,0,Pryce,Jye,Christchurch School of Gymnastics,01/01/0001,,3,20200,2,0,0,E3,93,3,3,,,,,,,,,1,0
2244,8050cb81-30bf-47a6-4b0f-a892199e19c8,TCI #1 2023 AGE Interclub Trampoline Championships,,DMT,9-10 Years Male,Qualification,1,,5,TRUE,1,60100,0,99,0,,1,0,Pryce,Jye,Christchurch School of Gymnastics,01/01/0001,,3,20200,2,0,0,E4,100,,,,,,,,,,,,
2245,8050cb81-30bf-47a6-4b0f-a892199e19c8,TCI #1 2023 AGE Interclub Trampoline Championships,,DMT,9-10 Years Male,Qualification,1,,5,TRUE,1,60100,0,99,0,,1,0,Pryce,Jye,Christchurch School of Gymnastics,01/01/0001,,3,20200,2,0,0,E5,100,,,,,,,,,,,,
2246,8050cb81-30bf-47a6-4b0f-a892199e19c8,TCI #1 2023 AGE Interclub Trampoline Championships,,DMT,9-10 Years Male,Qualification,1,,5,TRUE,1,60100,0,99,0,,1,0,Pryce,Jye,Christchurch School of Gymnastics,01/01/0001,,3,20200,2,0,0,E8,100,,,,,,,,,,,,
2247,8050cb81-30bf-47a6-4b0f-a892199e19c8,TCI #1 2023 AGE Interclub Trampoline Championships,,DMT,9-10 Years Male,Qualification,1,,5,TRUE,1,60100,0,99,0,,1,0,Pryce,Jye,Christchurch School of Gymnastics,01/01/0001,,3,20200,2,0,0,E∑,189,5,5,0,0,0,0,0,0,0,0,1,0
2248,8050cb81-30bf-47a6-4b0f-a892199e19c8,TCI #1 2023 AGE Interclub Trampoline Championships,,DMT,9-10 Years Male,Qualification,1,,5,TRUE,1,60100,0,99,0,,1,0,Pryce,Jye,Christchurch School of Gymnastics,01/01/0001,,3,20200,2,0,0,T,0,,,,,,,,,,,,
2249,8050cb81-30bf-47a6-4b0f-a892199e19c8,TCI #1 2023 AGE Interclub Trampoline Championships,,DMT,9-10 Years Male,Qualification,1,,5,TRUE,1,60100,0,99,0,,1,0,Pryce,Jye,Christchurch School of Gymnastics,01/01/0001,,3,20200,2,0,0,D,13,0,,,,,,,,,,,
2250,8050cb81-30bf-47a6-4b0f-a892199e19c8,TCI #1 2023 AGE Interclub Trampoline Championships,,DMT,9-10 Years Male,Qualification,1,,5,TRUE,1,60100,0,99,0,,1,0,Pryce,Jye,Christchurch School of Gymnastics,01/01/0001,,3,20200,2,0,0,H,0,0,0,,,,,,,,,,
2251,8050cb81-30bf-47a6-4b0f-a892199e19c8,TCI #1 2023 AGE Interclub Trampoline Championships,,DMT,8 & Under Years Male,Qualification,1,,1,TRUE,1,59800,0,99,0,,1,0,Bysterveld,Neihana,ICE Gymsports North Canterbury,01/01/0001,,1,20100,2,0,0,E1,93,3,3,,,,,,,,,1,0
2252,8050cb81-30bf-47a6-4b0f-a892199e19c8,TCI #1 2023 AGE Interclub Trampoline Championships,,DMT,8 & Under Years Male,Qualification,1,,1,TRUE,1,59800,0,99,0,,1,0,Bysterveld,Neihana,ICE Gymsports North Canterbury,01/01/0001,,1,20100,2,0,0,E2,95,3,2,,,,,,,,,0,0
2253,8050cb81-30bf-47a6-4b0f-a892199e19c8,TCI #1 2023 AGE Interclub Trampoline Championships,,DMT,8 & Under Years Male,Qualification,1,,1,TRUE,1,59800,0,99,0,,1,0,Bysterveld,Neihana,ICE Gymsports North Canterbury,01/01/0001,,1,20100,2,0,0,E3,93,3,3,,,,,,,,,1,0
2254,8050cb81-30bf-47a6-4b0f-a892199e19c8,TCI #1 2023 AGE Interclub Trampoline Championships,,DMT,8 & Under Years Male,Qualification,1,,1,TRUE,1,59800,0,99,0,,1,0,Bysterveld,Neihana,ICE Gymsports North Canterbury,01/01/0001,,1,20100,2,0,0,E4,100,,,,,,,,,,,,
2255,8050cb81-30bf-47a6-4b0f-a892199e19c8,TCI #1 2023 AGE Interclub Trampoline Championships,,DMT,8 & Under Years Male,Qualification,1,,1,TRUE,1,59800,0,99,0,,1,0,Bysterveld,Neihana,ICE Gymsports North Canterbury,01/01/0001,,1,20100,2,0,0,E5,100,,,,,,,,,,,,
2256,8050cb81-30bf-47a6-4b0f-a892199e19c8,TCI #1 2023 AGE Interclub Trampoline Championships,,DMT,8 & Under Years Male,Qualification,1,,1,TRUE,1,59800,0,99,0,,1,0,Bysterveld,Neihana,ICE Gymsports North Canterbury,01/01/0001,,1,20100,2,0,0,E8,100,,,,,,,,,,,,
2257,8050cb81-30bf-47a6-4b0f-a892199e19c8,TCI #1 2023 AGE Interclub Trampoline Championships,,DMT,8 & Under Years Male,Qualification,1,,1,TRUE,1,59800,0,99,0,,1,0,Bysterveld,Neihana,ICE Gymsports North Canterbury,01/01/0001,,1,20100,2,0,0,E∑,188,6,5,0,0,0,0,0,0,0,0,1,0
2258,8050cb81-30bf-47a6-4b0f-a892199e19c8,TCI #1 2023 AGE Interclub Trampoline Championships,,DMT,8 & Under Years Male,Qualification,1,,1,TRUE,1,59800,0,99,0,,1,0,Bysterveld,Neihana,ICE Gymsports North Canterbury,01/01/0001,,1,20100,2,0,0,T,0,,,,,,,,,,,,
2259,8050cb81-30bf-47a6-4b0f-a892199e19c8,TCI #1 2023 AGE Interclub Trampoline Championships,,DMT,8 & Under Years Male,Qualification,1,,1,TRUE,1,59800,0,99,0,,1,0,Bysterveld,Neihana,ICE Gymsports North Canterbury,01/01/0001,,1,20100,2,0,0,D,13,0,,,,,,,,,,,
2260,8050cb81-30bf-47a6-4b0f-a892199e19c8,TCI #1 2023 AGE Interclub Trampoline Championships,,DMT,8 & Under Years Male,Qualification,1,,1,TRUE,1,59800,0,99,0,,1,0,Bysterveld,Neihana,ICE Gymsports North Canterbury,01/01/0001,,1,20100,2,0,0,H,0,0,0,,,,,,,,,,
2261,8050cb81-30bf-47a6-4b0f-a892199e19c8,TCI #1 2023 AGE Interclub Trampoline Championships,,DMT,8 & Under Years Male,Qualification,1,,1,TRUE,1,59800,0,99,0,,1,0,Bysterveld,Neihana,ICE Gymsports North Canterbury,01/01/0001,,2,19900,2,0,0,E1,97,1,2,,,,,,,,,0,0
2262,8050cb81-30bf-47a6-4b0f-a892199e19c8,TCI #1 2023 AGE Interclub Trampoline Championships,,DMT,8 & Under Years Male,Qualification,1,,1,TRUE,1,59800,0,99,0,,1,0,Bysterveld,Neihana,ICE Gymsports North Canterbury,01/01/0001,,2,19900,2,0,0,E2,94,2,3,,,,,,,,,1,0
2263,8050cb81-30bf-47a6-4b0f-a892199e19c8,TCI #1 2023 AGE Interclub Trampoline Championships,,DMT,8 & Under Years Male,Qualification,1,,1,TRUE,1,59800,0,99,0,,1,0,Bysterveld,Neihana,ICE Gymsports North Canterbury,01/01/0001,,2,19900,2,0,0,E3,97,1,1,,,,,,,,,1,0
2264,8050cb81-30bf-47a6-4b0f-a892199e19c8,TCI #1 2023 AGE Interclub Trampoline Championships,,DMT,8 & Under Years Male,Qualification,1,,1,TRUE,1,59800,0,99,0,,1,0,Bysterveld,Neihana,ICE Gymsports North Canterbury,01/01/0001,,2,19900,2,0,0,E4,100,,,,,,,,,,,,
2265,8050cb81-30bf-47a6-4b0f-a892199e19c8,TCI #1 2023 AGE Interclub Trampoline Championships,,DMT,8 & Under Years Male,Qualification,1,,1,TRUE,1,59800,0,99,0,,1,0,Bysterveld,Neihana,ICE Gymsports North Canterbury,01/01/0001,,2,19900,2,0,0,E5,100,,,,,,,,,,,,
2266,8050cb81-30bf-47a6-4b0f-a892199e19c8,TCI #1 2023 AGE Interclub Trampoline Championships,,DMT,8 & Under Years Male,Qualification,1,,1,TRUE,1,59800,0,99,0,,1,0,Bysterveld,Neihana,ICE Gymsports North Canterbury,01/01/0001,,2,19900,2,0,0,E8,100,,,,,,,,,,,,
2267,8050cb81-30bf-47a6-4b0f-a892199e19c8,TCI #1 2023 AGE Interclub Trampoline Championships,,DMT,8 & Under Years Male,Qualification,1,,1,TRUE,1,59800,0,99,0,,1,0,Bysterveld,Neihana,ICE Gymsports North Canterbury,01/01/0001,,2,19900,2,0,0,E∑,194,2,3,0,0,0,0,0,0,0,0,1,0
2268,8050cb81-30bf-47a6-4b0f-a892199e19c8,TCI #1 2023 AGE Interclub Trampoline Championships,,DMT,8 & Under Years Male,Qualification,1,,1,TRUE,1,59800,0,99,0,,1,0,Bysterveld,Neihana,ICE Gymsports North Canterbury,01/01/0001,,2,19900,2,0,0,T,0,,,,,,,,,,,,
2269,8050cb81-30bf-47a6-4b0f-a892199e19c8,TCI #1 2023 AGE Interclub Trampoline Championships,,DMT,8 & Under Years Male,Qualification,1,,1,TRUE,1,59800,0,99,0,,1,0,Bysterveld,Neihana,ICE Gymsports North Canterbury,01/01/0001,,2,19900,2,0,0,D,5,0,,,,,,,,,,,
2270,8050cb81-30bf-47a6-4b0f-a892199e19c8,TCI #1 2023 AGE Interclub Trampoline Championships,,DMT,8 & Under Years Male,Qualification,1,,1,TRUE,1,59800,0,99,0,,1,0,Bysterveld,Neihana,ICE Gymsports North Canterbury,01/01/0001,,2,19900,2,0,0,H,0,0,0,,,,,,,,,,
2271,8050cb81-30bf-47a6-4b0f-a892199e19c8,TCI #1 2023 AGE Interclub Trampoline Championships,,DMT,8 & Under Years Male,Qualification,1,,1,TRUE,1,59800,0,99,0,,1,0,Bysterveld,Neihana,ICE Gymsports North Canterbury,01/01/0001,,3,19800,2,0,0,E1,94,3,3,,,,,,,,,0,0
2272,8050cb81-30bf-47a6-4b0f-a892199e19c8,TCI #1 2023 AGE Interclub Trampoline Championships,,DMT,8 & Under Years Male,Qualification,1,,1,TRUE,1,59800,0,99,0,,1,0,Bysterveld,Neihana,ICE Gymsports North Canterbury,01/01/0001,,3,19800,2,0,0,E2,94,2,3,,,,,,,,,1,0
2273,8050cb81-30bf-47a6-4b0f-a892199e19c8,TCI #1 2023 AGE Interclub Trampoline Championships,,DMT,8 & Under Years Male,Qualification,1,,1,TRUE,1,59800,0,99,0,,1,0,Bysterveld,Neihana,ICE Gymsports North Canterbury,01/01/0001,,3,19800,2,0,0,E3,96,1,2,,,,,,,,,1,0
2274,8050cb81-30bf-47a6-4b0f-a892199e19c8,TCI #1 2023 AGE Interclub Trampoline Championships,,DMT,8 & Under Years Male,Qualification,1,,1,TRUE,1,59800,0,99,0,,1,0,Bysterveld,Neihana,ICE Gymsports North Canterbury,01/01/0001,,3,19800,2,0,0,E4,100,,,,,,,,,,,,
2275,8050cb81-30bf-47a6-4b0f-a892199e19c8,TCI #1 2023 AGE Interclub Trampoline Championships,,DMT,8 & Under Years Male,Qualification,1,,1,TRUE,1,59800,0,99,0,,1,0,Bysterveld,Neihana,ICE Gymsports North Canterbury,01/01/0001,,3,19800,2,0,0,E5,100,,,,,,,,,,,,
2276,8050cb81-30bf-47a6-4b0f-a892199e19c8,TCI #1 2023 AGE Interclub Trampoline Championships,,DMT,8 & Under Years Male,Qualification,1,,1,TRUE,1,59800,0,99,0,,1,0,Bysterveld,Neihana,ICE Gymsports North Canterbury,01/01/0001,,3,19800,2,0,0,E8,100,,,,,,,,,,,,
2277,8050cb81-30bf-47a6-4b0f-a892199e19c8,TCI #1 2023 AGE Interclub Trampoline Championships,,DMT,8 & Under Years Male,Qualification,1,,1,TRUE,1,59800,0,99,0,,1,0,Bysterveld,Neihana,ICE Gymsports North Canterbury,01/01/0001,,3,19800,2,0,0,E∑,191,3,5,0,0,0,0,0,0,0,0,1,0
2278,8050cb81-30bf-47a6-4b0f-a892199e19c8,TCI #1 2023 AGE Interclub Trampoline Championships,,DMT,8 & Under Years Male,Qualification,1,,1,TRUE,1,59800,0,99,0,,1,0,Bysterveld,Neihana,ICE Gymsports North Canterbury,01/01/0001,,3,19800,2,0,0,T,0,,,,,,,,,,,,
2279,8050cb81-30bf-47a6-4b0f-a892199e19c8,TCI #1 2023 AGE Interclub Trampoline Championships,,DMT,8 & Under Years Male,Qualification,1,,1,TRUE,1,59800,0,99,0,,1,0,Bysterveld,Neihana,ICE Gymsports North Canterbury,01/01/0001,,3,19800,2,0,0,D,7,0,,,,,,,,,,,
2280,8050cb81-30bf-47a6-4b0f-a892199e19c8,TCI #1 2023 AGE Interclub Trampoline Championships,,DMT,8 & Under Years Male,Qualification,1,,1,TRUE,1,59800,0,99,0,,1,0,Bysterveld,Neihana,ICE Gymsports North Canterbury,01/01/0001,,3,19800,2,0,0,H,0,0,0,,,,,,,,,,
2281,8050cb81-30bf-47a6-4b0f-a892199e19c8,TCI #1 2023 AGE Interclub Trampoline Championships,,DMT,8 & Under Years Female,Qualification,1,,1,TRUE,3,55800,0,99,0,,1,0,Norrie,Bella,ICE Gymsports North Canterbury,01/01/0001,,1,19100,2,0,0,E1,94,3,2,,,,,,,,,1,0
2282,8050cb81-30bf-47a6-4b0f-a892199e19c8,TCI #1 2023 AGE Interclub Trampoline Championships,,DMT,8 & Under Years Female,Qualification,1,,1,TRUE,3,55800,0,99,0,,1,0,Norrie,Bella,ICE Gymsports North Canterbury,01/01/0001,,1,19100,2,0,0,E2,96,2,2,,,,,,,,,0,0
2283,8050cb81-30bf-47a6-4b0f-a892199e19c8,TCI #1 2023 AGE Interclub Trampoline Championships,,DMT,8 & Under Years Female,Qualification,1,,1,TRUE,3,55800,0,99,0,,1,0,Norrie,Bella,ICE Gymsports North Canterbury,01/01/0001,,1,19100,2,0,0,E3,95,2,2,,,,,,,,,1,0
2284,8050cb81-30bf-47a6-4b0f-a892199e19c8,TCI #1 2023 AGE Interclub Trampoline Championships,,DMT,8 & Under Years Female,Qualification,1,,1,TRUE,3,55800,0,99,0,,1,0,Norrie,Bella,ICE Gymsports North Canterbury,01/01/0001,,1,19100,2,0,0,E4,100,,,,,,,,,,,,
2285,8050cb81-30bf-47a6-4b0f-a892199e19c8,TCI #1 2023 AGE Interclub Trampoline Championships,,DMT,8 & Under Years Female,Qualification,1,,1,TRUE,3,55800,0,99,0,,1,0,Norrie,Bella,ICE Gymsports North Canterbury,01/01/0001,,1,19100,2,0,0,E5,100,,,,,,,,,,,,
2286,8050cb81-30bf-47a6-4b0f-a892199e19c8,TCI #1 2023 AGE Interclub Trampoline Championships,,DMT,8 & Under Years Female,Qualification,1,,1,TRUE,3,55800,0,99,0,,1,0,Norrie,Bella,ICE Gymsports North Canterbury,01/01/0001,,1,19100,2,0,0,E8,100,,,,,,,,,,,,
2287,8050cb81-30bf-47a6-4b0f-a892199e19c8,TCI #1 2023 AGE Interclub Trampoline Championships,,DMT,8 & Under Years Female,Qualification,1,,1,TRUE,3,55800,0,99,0,,1,0,Norrie,Bella,ICE Gymsports North Canterbury,01/01/0001,,1,19100,2,0,0,E∑,191,4,4,0,0,0,0,0,0,0,0,1,0
2288,8050cb81-30bf-47a6-4b0f-a892199e19c8,TCI #1 2023 AGE Interclub Trampoline Championships,,DMT,8 & Under Years Female,Qualification,1,,1,TRUE,3,55800,0,99,0,,1,0,Norrie,Bella,ICE Gymsports North Canterbury,01/01/0001,,1,19100,2,0,0,T,0,,,,,,,,,,,,
2289,8050cb81-30bf-47a6-4b0f-a892199e19c8,TCI #1 2023 AGE Interclub Trampoline Championships,,DMT,8 & Under Years Female,Qualification,1,,1,TRUE,3,55800,0,99,0,,1,0,Norrie,Bella,ICE Gymsports North Canterbury,01/01/0001,,1,19100,2,0,0,D,0,0,,,,,,,,,,,
2290,8050cb81-30bf-47a6-4b0f-a892199e19c8,TCI #1 2023 AGE Interclub Trampoline Championships,,DMT,8 & Under Years Female,Qualification,1,,1,TRUE,3,55800,0,99,0,,1,0,Norrie,Bella,ICE Gymsports North Canterbury,01/01/0001,,1,19100,2,0,0,H,0,0,0,,,,,,,,,,
2291,8050cb81-30bf-47a6-4b0f-a892199e19c8,TCI #1 2023 AGE Interclub Trampoline Championships,,DMT,8 & Under Years Female,Qualification,1,,1,TRUE,3,55800,0,99,0,,1,0,Norrie,Bella,ICE Gymsports North Canterbury,01/01/0001,,2,17800,2,0,6,E1,92,2,3,,,,,,,,,3,0
2292,8050cb81-30bf-47a6-4b0f-a892199e19c8,TCI #1 2023 AGE Interclub Trampoline Championships,,DMT,8 & Under Years Female,Qualification,1,,1,TRUE,3,55800,0,99,0,,1,0,Norrie,Bella,ICE Gymsports North Canterbury,01/01/0001,,2,17800,2,0,6,E2,91,3,3,,,,,,,,,3,0
2293,8050cb81-30bf-47a6-4b0f-a892199e19c8,TCI #1 2023 AGE Interclub Trampoline Championships,,DMT,8 & Under Years Female,Qualification,1,,1,TRUE,3,55800,0,99,0,,1,0,Norrie,Bella,ICE Gymsports North Canterbury,01/01/0001,,2,17800,2,0,6,E3,92,2,3,,,,,,,,,3,0
2294,8050cb81-30bf-47a6-4b0f-a892199e19c8,TCI #1 2023 AGE Interclub Trampoline Championships,,DMT,8 & Under Years Female,Qualification,1,,1,TRUE,3,55800,0,99,0,,1,0,Norrie,Bella,ICE Gymsports North Canterbury,01/01/0001,,2,17800,2,0,6,E4,100,,,,,,,,,,,,
2295,8050cb81-30bf-47a6-4b0f-a892199e19c8,TCI #1 2023 AGE Interclub Trampoline Championships,,DMT,8 & Under Years Female,Qualification,1,,1,TRUE,3,55800,0,99,0,,1,0,Norrie,Bella,ICE Gymsports North Canterbury,01/01/0001,,2,17800,2,0,6,E5,100,,,,,,,,,,,,
2296,8050cb81-30bf-47a6-4b0f-a892199e19c8,TCI #1 2023 AGE Interclub Trampoline Championships,,DMT,8 & Under Years Female,Qualification,1,,1,TRUE,3,55800,0,99,0,,1,0,Norrie,Bella,ICE Gymsports North Canterbury,01/01/0001,,2,17800,2,0,6,E8,100,,,,,,,,,,,,
2297,8050cb81-30bf-47a6-4b0f-a892199e19c8,TCI #1 2023 AGE Interclub Trampoline Championships,,DMT,8 & Under Years Female,Qualification,1,,1,TRUE,3,55800,0,99,0,,1,0,Norrie,Bella,ICE Gymsports North Canterbury,01/01/0001,,2,17800,2,0,6,E∑,184,4,6,0,0,0,0,0,0,0,0,6,0
2298,8050cb81-30bf-47a6-4b0f-a892199e19c8,TCI #1 2023 AGE Interclub Trampoline Championships,,DMT,8 & Under Years Female,Qualification,1,,1,TRUE,3,55800,0,99,0,,1,0,Norrie,Bella,ICE Gymsports North Canterbury,01/01/0001,,2,17800,2,0,6,T,0,,,,,,,,,,,,
2299,8050cb81-30bf-47a6-4b0f-a892199e19c8,TCI #1 2023 AGE Interclub Trampoline Championships,,DMT,8 & Under Years Female,Qualification,1,,1,TRUE,3,55800,0,99,0,,1,0,Norrie,Bella,ICE Gymsports North Canterbury,01/01/0001,,2,17800,2,0,6,D,0,0,,,,,,,,,,,
2300,8050cb81-30bf-47a6-4b0f-a892199e19c8,TCI #1 2023 AGE Interclub Trampoline Championships,,DMT,8 & Under Years Female,Qualification,1,,1,TRUE,3,55800,0,99,0,,1,0,Norrie,Bella,ICE Gymsports North Canterbury,01/01/0001,,2,17800,2,0,6,H,0,0,0,,,,,,,,,,
2301,8050cb81-30bf-47a6-4b0f-a892199e19c8,TCI #1 2023 AGE Interclub Trampoline Championships,,DMT,8 & Under Years Female,Qualification,1,,1,TRUE,3,55800,0,99,0,,1,0,Norrie,Bella,ICE Gymsports North Canterbury,01/01/0001,,3,18900,2,0,0,E1,94,3,3,,,,,,,,,0,0
2302,8050cb81-30bf-47a6-4b0f-a892199e19c8,TCI #1 2023 AGE Interclub Trampoline Championships,,DMT,8 & Under Years Female,Qualification,1,,1,TRUE,3,55800,0,99,0,,1,0,Norrie,Bella,ICE Gymsports North Canterbury,01/01/0001,,3,18900,2,0,0,E2,95,2,3,,,,,,,,,0,0
2303,8050cb81-30bf-47a6-4b0f-a892199e19c8,TCI #1 2023 AGE Interclub Trampoline Championships,,DMT,8 & Under Years Female,Qualification,1,,1,TRUE,3,55800,0,99,0,,1,0,Norrie,Bella,ICE Gymsports North Canterbury,01/01/0001,,3,18900,2,0,0,E3,93,4,3,,,,,,,,,0,0
2304,8050cb81-30bf-47a6-4b0f-a892199e19c8,TCI #1 2023 AGE Interclub Trampoline Championships,,DMT,8 & Under Years Female,Qualification,1,,1,TRUE,3,55800,0,99,0,,1,0,Norrie,Bella,ICE Gymsports North Canterbury,01/01/0001,,3,18900,2,0,0,E4,100,,,,,,,,,,,,
2305,8050cb81-30bf-47a6-4b0f-a892199e19c8,TCI #1 2023 AGE Interclub Trampoline Championships,,DMT,8 & Under Years Female,Qualification,1,,1,TRUE,3,55800,0,99,0,,1,0,Norrie,Bella,ICE Gymsports North Canterbury,01/01/0001,,3,18900,2,0,0,E5,100,,,,,,,,,,,,
2306,8050cb81-30bf-47a6-4b0f-a892199e19c8,TCI #1 2023 AGE Interclub Trampoline Championships,,DMT,8 & Under Years Female,Qualification,1,,1,TRUE,3,55800,0,99,0,,1,0,Norrie,Bella,ICE Gymsports North Canterbury,01/01/0001,,3,18900,2,0,0,E8,100,,,,,,,,,,,,
2307,8050cb81-30bf-47a6-4b0f-a892199e19c8,TCI #1 2023 AGE Interclub Trampoline Championships,,DMT,8 & Under Years Female,Qualification,1,,1,TRUE,3,55800,0,99,0,,1,0,Norrie,Bella,ICE Gymsports North Canterbury,01/01/0001,,3,18900,2,0,0,E∑,189,5,6,0,0,0,0,0,0,0,0,0,0
2308,8050cb81-30bf-47a6-4b0f-a892199e19c8,TCI #1 2023 AGE Interclub Trampoline Championships,,DMT,8 & Under Years Female,Qualification,1,,1,TRUE,3,55800,0,99,0,,1,0,Norrie,Bella,ICE Gymsports North Canterbury,01/01/0001,,3,18900,2,0,0,T,0,,,,,,,,,,,,
2309,8050cb81-30bf-47a6-4b0f-a892199e19c8,TCI #1 2023 AGE Interclub Trampoline Championships,,DMT,8 & Under Years Female,Qualification,1,,1,TRUE,3,55800,0,99,0,,1,0,Norrie,Bella,ICE Gymsports North Canterbury,01/01/0001,,3,18900,2,0,0,D,0,0,,,,,,,,,,,
2310,8050cb81-30bf-47a6-4b0f-a892199e19c8,TCI #1 2023 AGE Interclub Trampoline Championships,,DMT,8 & Under Years Female,Qualification,1,,1,TRUE,3,55800,0,99,0,,1,0,Norrie,Bella,ICE Gymsports North Canterbury,01/01/0001,,3,18900,2,0,0,H,0,0,0,,,,,,,,,,
2311,8050cb81-30bf-47a6-4b0f-a892199e19c8,TCI #1 2023 AGE Interclub Trampoline Championships,,DMT,8 & Under Years Female,Qualification,1,,2,TRUE,1,59200,0,99,0,,1,0,Kundycki,Karia,Christchurch School of Gymnastics,01/01/0001,,1,19700,2,0,0,E1,93,2,3,,,,,,,,,2,0
2312,8050cb81-30bf-47a6-4b0f-a892199e19c8,TCI #1 2023 AGE Interclub Trampoline Championships,,DMT,8 & Under Years Female,Qualification,1,,2,TRUE,1,59200,0,99,0,,1,0,Kundycki,Karia,Christchurch School of Gymnastics,01/01/0001,,1,19700,2,0,0,E2,93,2,3,,,,,,,,,2,0
2313,8050cb81-30bf-47a6-4b0f-a892199e19c8,TCI #1 2023 AGE Interclub Trampoline Championships,,DMT,8 & Under Years Female,Qualification,1,,2,TRUE,1,59200,0,99,0,,1,0,Kundycki,Karia,Christchurch School of Gymnastics,01/01/0001,,1,19700,2,0,0,E3,95,2,1,,,,,,,,,2,0
2314,8050cb81-30bf-47a6-4b0f-a892199e19c8,TCI #1 2023 AGE Interclub Trampoline Championships,,DMT,8 & Under Years Female,Qualification,1,,2,TRUE,1,59200,0,99,0,,1,0,Kundycki,Karia,Christchurch School of Gymnastics,01/01/0001,,1,19700,2,0,0,E4,100,,,,,,,,,,,,
2315,8050cb81-30bf-47a6-4b0f-a892199e19c8,TCI #1 2023 AGE Interclub Trampoline Championships,,DMT,8 & Under Years Female,Qualification,1,,2,TRUE,1,59200,0,99,0,,1,0,Kundycki,Karia,Christchurch School of Gymnastics,01/01/0001,,1,19700,2,0,0,E5,100,,,,,,,,,,,,
2316,8050cb81-30bf-47a6-4b0f-a892199e19c8,TCI #1 2023 AGE Interclub Trampoline Championships,,DMT,8 & Under Years Female,Qualification,1,,2,TRUE,1,59200,0,99,0,,1,0,Kundycki,Karia,Christchurch School of Gymnastics,01/01/0001,,1,19700,2,0,0,E8,100,,,,,,,,,,,,
2317,8050cb81-30bf-47a6-4b0f-a892199e19c8,TCI #1 2023 AGE Interclub Trampoline Championships,,DMT,8 & Under Years Female,Qualification,1,,2,TRUE,1,59200,0,99,0,,1,0,Kundycki,Karia,Christchurch School of Gymnastics,01/01/0001,,1,19700,2,0,0,E∑,188,4,4,0,0,0,0,0,0,0,0,4,0
2318,8050cb81-30bf-47a6-4b0f-a892199e19c8,TCI #1 2023 AGE Interclub Trampoline Championships,,DMT,8 & Under Years Female,Qualification,1,,2,TRUE,1,59200,0,99,0,,1,0,Kundycki,Karia,Christchurch School of Gymnastics,01/01/0001,,1,19700,2,0,0,T,0,,,,,,,,,,,,
2319,8050cb81-30bf-47a6-4b0f-a892199e19c8,TCI #1 2023 AGE Interclub Trampoline Championships,,DMT,8 & Under Years Female,Qualification,1,,2,TRUE,1,59200,0,99,0,,1,0,Kundycki,Karia,Christchurch School of Gymnastics,01/01/0001,,1,19700,2,0,0,D,9,0,,,,,,,,,,,
2320,8050cb81-30bf-47a6-4b0f-a892199e19c8,TCI #1 2023 AGE Interclub Trampoline Championships,,DMT,8 & Under Years Female,Qualification,1,,2,TRUE,1,59200,0,99,0,,1,0,Kundycki,Karia,Christchurch School of Gymnastics,01/01/0001,,1,19700,2,0,0,H,0,0,0,,,,,,,,,,
2321,8050cb81-30bf-47a6-4b0f-a892199e19c8,TCI #1 2023 AGE Interclub Trampoline Championships,,DMT,8 & Under Years Female,Qualification,1,,2,TRUE,1,59200,0,99,0,,1,0,Kundycki,Karia,Christchurch School of Gymnastics,01/01/0001,,2,19200,2,0,6,E1,95,2,3,,,,,,,,,0,0
2322,8050cb81-30bf-47a6-4b0f-a892199e19c8,TCI #1 2023 AGE Interclub Trampoline Championships,,DMT,8 & Under Years Female,Qualification,1,,2,TRUE,1,59200,0,99,0,,1,0,Kundycki,Karia,Christchurch School of Gymnastics,01/01/0001,,2,19200,2,0,6,E2,95,2,3,,,,,,,,,0,0
2323,8050cb81-30bf-47a6-4b0f-a892199e19c8,TCI #1 2023 AGE Interclub Trampoline Championships,,DMT,8 & Under Years Female,Qualification,1,,2,TRUE,1,59200,0,99,0,,1,0,Kundycki,Karia,Christchurch School of Gymnastics,01/01/0001,,2,19200,2,0,6,E3,95,2,3,,,,,,,,,0,0
2324,8050cb81-30bf-47a6-4b0f-a892199e19c8,TCI #1 2023 AGE Interclub Trampoline Championships,,DMT,8 & Under Years Female,Qualification,1,,2,TRUE,1,59200,0,99,0,,1,0,Kundycki,Karia,Christchurch School of Gymnastics,01/01/0001,,2,19200,2,0,6,E4,100,,,,,,,,,,,,
2325,8050cb81-30bf-47a6-4b0f-a892199e19c8,TCI #1 2023 AGE Interclub Trampoline Championships,,DMT,8 & Under Years Female,Qualification,1,,2,TRUE,1,59200,0,99,0,,1,0,Kundycki,Karia,Christchurch School of Gymnastics,01/01/0001,,2,19200,2,0,6,E5,100,,,,,,,,,,,,
2326,8050cb81-30bf-47a6-4b0f-a892199e19c8,TCI #1 2023 AGE Interclub Trampoline Championships,,DMT,8 & Under Years Female,Qualification,1,,2,TRUE,1,59200,0,99,0,,1,0,Kundycki,Karia,Christchurch School of Gymnastics,01/01/0001,,2,19200,2,0,6,E8,100,,,,,,,,,,,,
2327,8050cb81-30bf-47a6-4b0f-a892199e19c8,TCI #1 2023 AGE Interclub Trampoline Championships,,DMT,8 & Under Years Female,Qualification,1,,2,TRUE,1,59200,0,99,0,,1,0,Kundycki,Karia,Christchurch School of Gymnastics,01/01/0001,,2,19200,2,0,6,E∑,190,4,6,0,0,0,0,0,0,0,0,0,0
2328,8050cb81-30bf-47a6-4b0f-a892199e19c8,TCI #1 2023 AGE Interclub Trampoline Championships,,DMT,8 & Under Years Female,Qualification,1,,2,TRUE,1,59200,0,99,0,,1,0,Kundycki,Karia,Christchurch School of Gymnastics,01/01/0001,,2,19200,2,0,6,T,0,,,,,,,,,,,,
2329,8050cb81-30bf-47a6-4b0f-a892199e19c8,TCI #1 2023 AGE Interclub Trampoline Championships,,DMT,8 & Under Years Female,Qualification,1,,2,TRUE,1,59200,0,99,0,,1,0,Kundycki,Karia,Christchurch School of Gymnastics,01/01/0001,,2,19200,2,0,6,D,8,0,,,,,,,,,,,
2330,8050cb81-30bf-47a6-4b0f-a892199e19c8,TCI #1 2023 AGE Interclub Trampoline Championships,,DMT,8 & Under Years Female,Qualification,1,,2,TRUE,1,59200,0,99,0,,1,0,Kundycki,Karia,Christchurch School of Gymnastics,01/01/0001,,2,19200,2,0,6,H,0,0,0,,,,,,,,,,
2331,8050cb81-30bf-47a6-4b0f-a892199e19c8,TCI #1 2023 AGE Interclub Trampoline Championships,,DMT,8 & Under Years Female,Qualification,1,,2,TRUE,1,59200,0,99,0,,1,0,Kundycki,Karia,Christchurch School of Gymnastics,01/01/0001,,3,20300,2,0,0,E1,96,2,2,,,,,,,,,0,0
2332,8050cb81-30bf-47a6-4b0f-a892199e19c8,TCI #1 2023 AGE Interclub Trampoline Championships,,DMT,8 & Under Years Female,Qualification,1,,2,TRUE,1,59200,0,99,0,,1,0,Kundycki,Karia,Christchurch School of Gymnastics,01/01/0001,,3,20300,2,0,0,E2,98,1,1,,,,,,,,,0,0
2333,8050cb81-30bf-47a6-4b0f-a892199e19c8,TCI #1 2023 AGE Interclub Trampoline Championships,,DMT,8 & Under Years Female,Qualification,1,,2,TRUE,1,59200,0,99,0,,1,0,Kundycki,Karia,Christchurch School of Gymnastics,01/01/0001,,3,20300,2,0,0,E3,98,1,1,,,,,,,,,0,0
2334,8050cb81-30bf-47a6-4b0f-a892199e19c8,TCI #1 2023 AGE Interclub Trampoline Championships,,DMT,8 & Under Years Female,Qualification,1,,2,TRUE,1,59200,0,99,0,,1,0,Kundycki,Karia,Christchurch School of Gymnastics,01/01/0001,,3,20300,2,0,0,E4,100,,,,,,,,,,,,
2335,8050cb81-30bf-47a6-4b0f-a892199e19c8,TCI #1 2023 AGE Interclub Trampoline Championships,,DMT,8 & Under Years Female,Qualification,1,,2,TRUE,1,59200,0,99,0,,1,0,Kundycki,Karia,Christchurch School of Gymnastics,01/01/0001,,3,20300,2,0,0,E5,100,,,,,,,,,,,,
2336,8050cb81-30bf-47a6-4b0f-a892199e19c8,TCI #1 2023 AGE Interclub Trampoline Championships,,DMT,8 & Under Years Female,Qualification,1,,2,TRUE,1,59200,0,99,0,,1,0,Kundycki,Karia,Christchurch School of Gymnastics,01/01/0001,,3,20300,2,0,0,E8,100,,,,,,,,,,,,
2337,8050cb81-30bf-47a6-4b0f-a892199e19c8,TCI #1 2023 AGE Interclub Trampoline Championships,,DMT,8 & Under Years Female,Qualification,1,,2,TRUE,1,59200,0,99,0,,1,0,Kundycki,Karia,Christchurch School of Gymnastics,01/01/0001,,3,20300,2,0,0,E∑,196,2,2,0,0,0,0,0,0,0,0,0,0
2338,8050cb81-30bf-47a6-4b0f-a892199e19c8,TCI #1 2023 AGE Interclub Trampoline Championships,,DMT,8 & Under Years Female,Qualification,1,,2,TRUE,1,59200,0,99,0,,1,0,Kundycki,Karia,Christchurch School of Gymnastics,01/01/0001,,3,20300,2,0,0,T,0,,,,,,,,,,,,
2339,8050cb81-30bf-47a6-4b0f-a892199e19c8,TCI #1 2023 AGE Interclub Trampoline Championships,,DMT,8 & Under Years Female,Qualification,1,,2,TRUE,1,59200,0,99,0,,1,0,Kundycki,Karia,Christchurch School of Gymnastics,01/01/0001,,3,20300,2,0,0,D,7,0,,,,,,,,,,,
2340,8050cb81-30bf-47a6-4b0f-a892199e19c8,TCI #1 2023 AGE Interclub Trampoline Championships,,DMT,8 & Under Years Female,Qualification,1,,2,TRUE,1,59200,0,99,0,,1,0,Kundycki,Karia,Christchurch School of Gymnastics,01/01/0001,,3,20300,2,0,0,H,0,0,0,,,,,,,,,,
2341,8050cb81-30bf-47a6-4b0f-a892199e19c8,TCI #1 2023 AGE Interclub Trampoline Championships,,DMT,8 & Under Years Female,Qualification,1,,3,TRUE,2,56700,0,99,0,,1,0,Laplanche,Meadow,Olympia,01/01/0001,,1,18700,2,0,0,E1,93,3,3,,,,,,,,,1,0
2342,8050cb81-30bf-47a6-4b0f-a892199e19c8,TCI #1 2023 AGE Interclub Trampoline Championships,,DMT,8 & Under Years Female,Qualification,1,,3,TRUE,2,56700,0,99,0,,1,0,Laplanche,Meadow,Olympia,01/01/0001,,1,18700,2,0,0,E2,92,3,3,,,,,,,,,2,0
2343,8050cb81-30bf-47a6-4b0f-a892199e19c8,TCI #1 2023 AGE Interclub Trampoline Championships,,DMT,8 & Under Years Female,Qualification,1,,3,TRUE,2,56700,0,99,0,,1,0,Laplanche,Meadow,Olympia,01/01/0001,,1,18700,2,0,0,E3,94,3,3,,,,,,,,,0,0
2344,8050cb81-30bf-47a6-4b0f-a892199e19c8,TCI #1 2023 AGE Interclub Trampoline Championships,,DMT,8 & Under Years Female,Qualification,1,,3,TRUE,2,56700,0,99,0,,1,0,Laplanche,Meadow,Olympia,01/01/0001,,1,18700,2,0,0,E4,100,,,,,,,,,,,,
2345,8050cb81-30bf-47a6-4b0f-a892199e19c8,TCI #1 2023 AGE Interclub Trampoline Championships,,DMT,8 & Under Years Female,Qualification,1,,3,TRUE,2,56700,0,99,0,,1,0,Laplanche,Meadow,Olympia,01/01/0001,,1,18700,2,0,0,E5,100,,,,,,,,,,,,
2346,8050cb81-30bf-47a6-4b0f-a892199e19c8,TCI #1 2023 AGE Interclub Trampoline Championships,,DMT,8 & Under Years Female,Qualification,1,,3,TRUE,2,56700,0,99,0,,1,0,Laplanche,Meadow,Olympia,01/01/0001,,1,18700,2,0,0,E8,100,,,,,,,,,,,,
2347,8050cb81-30bf-47a6-4b0f-a892199e19c8,TCI #1 2023 AGE Interclub Trampoline Championships,,DMT,8 & Under Years Female,Qualification,1,,3,TRUE,2,56700,0,99,0,,1,0,Laplanche,Meadow,Olympia,01/01/0001,,1,18700,2,0,0,E∑,187,6,6,0,0,0,0,0,0,0,0,1,0
2348,8050cb81-30bf-47a6-4b0f-a892199e19c8,TCI #1 2023 AGE Interclub Trampoline Championships,,DMT,8 & Under Years Female,Qualification,1,,3,TRUE,2,56700,0,99,0,,1,0,Laplanche,Meadow,Olympia,01/01/0001,,1,18700,2,0,0,T,0,,,,,,,,,,,,
2349,8050cb81-30bf-47a6-4b0f-a892199e19c8,TCI #1 2023 AGE Interclub Trampoline Championships,,DMT,8 & Under Years Female,Qualification,1,,3,TRUE,2,56700,0,99,0,,1,0,Laplanche,Meadow,Olympia,01/01/0001,,1,18700,2,0,0,D,0,0,,,,,,,,,,,
2350,8050cb81-30bf-47a6-4b0f-a892199e19c8,TCI #1 2023 AGE Interclub Trampoline Championships,,DMT,8 & Under Years Female,Qualification,1,,3,TRUE,2,56700,0,99,0,,1,0,Laplanche,Meadow,Olympia,01/01/0001,,1,18700,2,0,0,H,0,0,0,,,,,,,,,,
2351,8050cb81-30bf-47a6-4b0f-a892199e19c8,TCI #1 2023 AGE Interclub Trampoline Championships,,DMT,8 & Under Years Female,Qualification,1,,3,TRUE,2,56700,0,99,0,,1,0,Laplanche,Meadow,Olympia,01/01/0001,,2,18800,2,0,0,E1,94,2,2,,,,,,,,,2,0
2352,8050cb81-30bf-47a6-4b0f-a892199e19c8,TCI #1 2023 AGE Interclub Trampoline Championships,,DMT,8 & Under Years Female,Qualification,1,,3,TRUE,2,56700,0,99,0,,1,0,Laplanche,Meadow,Olympia,01/01/0001,,2,18800,2,0,0,E2,93,3,2,,,,,,,,,2,0
2353,8050cb81-30bf-47a6-4b0f-a892199e19c8,TCI #1 2023 AGE Interclub Trampoline Championships,,DMT,8 & Under Years Female,Qualification,1,,3,TRUE,2,56700,0,99,0,,1,0,Laplanche,Meadow,Olympia,01/01/0001,,2,18800,2,0,0,E3,94,2,2,,,,,,,,,2,0
2354,8050cb81-30bf-47a6-4b0f-a892199e19c8,TCI #1 2023 AGE Interclub Trampoline Championships,,DMT,8 & Under Years Female,Qualification,1,,3,TRUE,2,56700,0,99,0,,1,0,Laplanche,Meadow,Olympia,01/01/0001,,2,18800,2,0,0,E4,100,,,,,,,,,,,,
2355,8050cb81-30bf-47a6-4b0f-a892199e19c8,TCI #1 2023 AGE Interclub Trampoline Championships,,DMT,8 & Under Years Female,Qualification,1,,3,TRUE,2,56700,0,99,0,,1,0,Laplanche,Meadow,Olympia,01/01/0001,,2,18800,2,0,0,E5,100,,,,,,,,,,,,
2356,8050cb81-30bf-47a6-4b0f-a892199e19c8,TCI #1 2023 AGE Interclub Trampoline Championships,,DMT,8 & Under Years Female,Qualification,1,,3,TRUE,2,56700,0,99,0,,1,0,Laplanche,Meadow,Olympia,01/01/0001,,2,18800,2,0,0,E8,100,,,,,,,,,,,,
2357,8050cb81-30bf-47a6-4b0f-a892199e19c8,TCI #1 2023 AGE Interclub Trampoline Championships,,DMT,8 & Under Years Female,Qualification,1,,3,TRUE,2,56700,0,99,0,,1,0,Laplanche,Meadow,Olympia,01/01/0001,,2,18800,2,0,0,E∑,188,4,4,0,0,0,0,0,0,0,0,4,0
2358,8050cb81-30bf-47a6-4b0f-a892199e19c8,TCI #1 2023 AGE Interclub Trampoline Championships,,DMT,8 & Under Years Female,Qualification,1,,3,TRUE,2,56700,0,99,0,,1,0,Laplanche,Meadow,Olympia,01/01/0001,,2,18800,2,0,0,T,0,,,,,,,,,,,,
2359,8050cb81-30bf-47a6-4b0f-a892199e19c8,TCI #1 2023 AGE Interclub Trampoline Championships,,DMT,8 & Under Years Female,Qualification,1,,3,TRUE,2,56700,0,99,0,,1,0,Laplanche,Meadow,Olympia,01/01/0001,,2,18800,2,0,0,D,0,0,,,,,,,,,,,
2360,8050cb81-30bf-47a6-4b0f-a892199e19c8,TCI #1 2023 AGE Interclub Trampoline Championships,,DMT,8 & Under Years Female,Qualification,1,,3,TRUE,2,56700,0,99,0,,1,0,Laplanche,Meadow,Olympia,01/01/0001,,2,18800,2,0,0,H,0,0,0,,,,,,,,,,
2361,8050cb81-30bf-47a6-4b0f-a892199e19c8,TCI #1 2023 AGE Interclub Trampoline Championships,,DMT,8 & Under Years Female,Qualification,1,,3,TRUE,2,56700,0,99,0,,1,0,Laplanche,Meadow,Olympia,01/01/0001,,3,19200,2,0,0,E1,93,2,3,,,,,,,,,2,0
2362,8050cb81-30bf-47a6-4b0f-a892199e19c8,TCI #1 2023 AGE Interclub Trampoline Championships,,DMT,8 & Under Years Female,Qualification,1,,3,TRUE,2,56700,0,99,0,,1,0,Laplanche,Meadow,Olympia,01/01/0001,,3,19200,2,0,0,E2,95,2,2,,,,,,,,,1,0
2363,8050cb81-30bf-47a6-4b0f-a892199e19c8,TCI #1 2023 AGE Interclub Trampoline Championships,,DMT,8 & Under Years Female,Qualification,1,,3,TRUE,2,56700,0,99,0,,1,0,Laplanche,Meadow,Olympia,01/01/0001,,3,19200,2,0,0,E3,97,1,1,,,,,,,,,1,0
2364,8050cb81-30bf-47a6-4b0f-a892199e19c8,TCI #1 2023 AGE Interclub Trampoline Championships,,DMT,8 & Under Years Female,Qualification,1,,3,TRUE,2,56700,0,99,0,,1,0,Laplanche,Meadow,Olympia,01/01/0001,,3,19200,2,0,0,E4,100,,,,,,,,,,,,
2365,8050cb81-30bf-47a6-4b0f-a892199e19c8,TCI #1 2023 AGE Interclub Trampoline Championships,,DMT,8 & Under Years Female,Qualification,1,,3,TRUE,2,56700,0,99,0,,1,0,Laplanche,Meadow,Olympia,01/01/0001,,3,19200,2,0,0,E5,100,,,,,,,,,,,,
2366,8050cb81-30bf-47a6-4b0f-a892199e19c8,TCI #1 2023 AGE Interclub Trampoline Championships,,DMT,8 & Under Years Female,Qualification,1,,3,TRUE,2,56700,0,99,0,,1,0,Laplanche,Meadow,Olympia,01/01/0001,,3,19200,2,0,0,E8,100,,,,,,,,,,,,
2367,8050cb81-30bf-47a6-4b0f-a892199e19c8,TCI #1 2023 AGE Interclub Trampoline Championships,,DMT,8 & Under Years Female,Qualification,1,,3,TRUE,2,56700,0,99,0,,1,0,Laplanche,Meadow,Olympia,01/01/0001,,3,19200,2,0,0,E∑,192,3,3,0,0,0,0,0,0,0,0,2,0
2368,8050cb81-30bf-47a6-4b0f-a892199e19c8,TCI #1 2023 AGE Interclub Trampoline Championships,,DMT,8 & Under Years Female,Qualification,1,,3,TRUE,2,56700,0,99,0,,1,0,Laplanche,Meadow,Olympia,01/01/0001,,3,19200,2,0,0,T,0,,,,,,,,,,,,
2369,8050cb81-30bf-47a6-4b0f-a892199e19c8,TCI #1 2023 AGE Interclub Trampoline Championships,,DMT,8 & Under Years Female,Qualification,1,,3,TRUE,2,56700,0,99,0,,1,0,Laplanche,Meadow,Olympia,01/01/0001,,3,19200,2,0,0,D,0,0,,,,,,,,,,,
2370,8050cb81-30bf-47a6-4b0f-a892199e19c8,TCI #1 2023 AGE Interclub Trampoline Championships,,DMT,8 & Under Years Female,Qualification,1,,3,TRUE,2,56700,0,99,0,,1,0,Laplanche,Meadow,Olympia,01/01/0001,,3,19200,2,0,0,H,0,0,0,,,,,,,,,,
2371,8050cb81-30bf-47a6-4b0f-a892199e19c8,TCI #1 2023 AGE Interclub Trampoline Championships,,DMT,11-12 Years Male,Qualification,1,,1,TRUE,3,60500,0,99,0,,1,0,Forgoes,Harry,ICE Gymsports North Canterbury,01/01/0001,,1,20300,2,0,0,E1,98,0,2,,,,,,,,,0,0
2372,8050cb81-30bf-47a6-4b0f-a892199e19c8,TCI #1 2023 AGE Interclub Trampoline Championships,,DMT,11-12 Years Male,Qualification,1,,1,TRUE,3,60500,0,99,0,,1,0,Forgoes,Harry,ICE Gymsports North Canterbury,01/01/0001,,1,20300,2,0,0,E2,96,2,2,,,,,,,,,0,0
2373,8050cb81-30bf-47a6-4b0f-a892199e19c8,TCI #1 2023 AGE Interclub Trampoline Championships,,DMT,11-12 Years Male,Qualification,1,,1,TRUE,3,60500,0,99,0,,1,0,Forgoes,Harry,ICE Gymsports North Canterbury,01/01/0001,,1,20300,2,0,0,E3,98,1,1,,,,,,,,,0,0
2374,8050cb81-30bf-47a6-4b0f-a892199e19c8,TCI #1 2023 AGE Interclub Trampoline Championships,,DMT,11-12 Years Male,Qualification,1,,1,TRUE,3,60500,0,99,0,,1,0,Forgoes,Harry,ICE Gymsports North Canterbury,01/01/0001,,1,20300,2,0,0,E4,100,,,,,,,,,,,,
2375,8050cb81-30bf-47a6-4b0f-a892199e19c8,TCI #1 2023 AGE Interclub Trampoline Championships,,DMT,11-12 Years Male,Qualification,1,,1,TRUE,3,60500,0,99,0,,1,0,Forgoes,Harry,ICE Gymsports North Canterbury,01/01/0001,,1,20300,2,0,0,E5,100,,,,,,,,,,,,
2376,8050cb81-30bf-47a6-4b0f-a892199e19c8,TCI #1 2023 AGE Interclub Trampoline Championships,,DMT,11-12 Years Male,Qualification,1,,1,TRUE,3,60500,0,99,0,,1,0,Forgoes,Harry,ICE Gymsports North Canterbury,01/01/0001,,1,20300,2,0,0,E8,100,,,,,,,,,,,,
2377,8050cb81-30bf-47a6-4b0f-a892199e19c8,TCI #1 2023 AGE Interclub Trampoline Championships,,DMT,11-12 Years Male,Qualification,1,,1,TRUE,3,60500,0,99,0,,1,0,Forgoes,Harry,ICE Gymsports North Canterbury,01/01/0001,,1,20300,2,0,0,E∑,196,1,3,0,0,0,0,0,0,0,0,0,0
2378,8050cb81-30bf-47a6-4b0f-a892199e19c8,TCI #1 2023 AGE Interclub Trampoline Championships,,DMT,11-12 Years Male,Qualification,1,,1,TRUE,3,60500,0,99,0,,1,0,Forgoes,Harry,ICE Gymsports North Canterbury,01/01/0001,,1,20300,2,0,0,T,0,,,,,,,,,,,,
2379,8050cb81-30bf-47a6-4b0f-a892199e19c8,TCI #1 2023 AGE Interclub Trampoline Championships,,DMT,11-12 Years Male,Qualification,1,,1,TRUE,3,60500,0,99,0,,1,0,Forgoes,Harry,ICE Gymsports North Canterbury,01/01/0001,,1,20300,2,0,0,D,7,0,,,,,,,,,,,
2380,8050cb81-30bf-47a6-4b0f-a892199e19c8,TCI #1 2023 AGE Interclub Trampoline Championships,,DMT,11-12 Years Male,Qualification,1,,1,TRUE,3,60500,0,99,0,,1,0,Forgoes,Harry,ICE Gymsports North Canterbury,01/01/0001,,1,20300,2,0,0,H,0,0,0,,,,,,,,,,
2381,8050cb81-30bf-47a6-4b0f-a892199e19c8,TCI #1 2023 AGE Interclub Trampoline Championships,,DMT,11-12 Years Male,Qualification,1,,1,TRUE,3,60500,0,99,0,,1,0,Forgoes,Harry,ICE Gymsports North Canterbury,01/01/0001,,2,20200,2,0,0,E1,97,1,2,,,,,,,,,0,0
2382,8050cb81-30bf-47a6-4b0f-a892199e19c8,TCI #1 2023 AGE Interclub Trampoline Championships,,DMT,11-12 Years Male,Qualification,1,,1,TRUE,3,60500,0,99,0,,1,0,Forgoes,Harry,ICE Gymsports North Canterbury,01/01/0001,,2,20200,2,0,0,E2,96,1,3,,,,,,,,,0,0
2383,8050cb81-30bf-47a6-4b0f-a892199e19c8,TCI #1 2023 AGE Interclub Trampoline Championships,,DMT,11-12 Years Male,Qualification,1,,1,TRUE,3,60500,0,99,0,,1,0,Forgoes,Harry,ICE Gymsports North Canterbury,01/01/0001,,2,20200,2,0,0,E3,97,1,1,,,,,,,,,1,0
2384,8050cb81-30bf-47a6-4b0f-a892199e19c8,TCI #1 2023 AGE Interclub Trampoline Championships,,DMT,11-12 Years Male,Qualification,1,,1,TRUE,3,60500,0,99,0,,1,0,Forgoes,Harry,ICE Gymsports North Canterbury,01/01/0001,,2,20200,2,0,0,E4,100,,,,,,,,,,,,
2385,8050cb81-30bf-47a6-4b0f-a892199e19c8,TCI #1 2023 AGE Interclub Trampoline Championships,,DMT,11-12 Years Male,Qualification,1,,1,TRUE,3,60500,0,99,0,,1,0,Forgoes,Harry,ICE Gymsports North Canterbury,01/01/0001,,2,20200,2,0,0,E5,100,,,,,,,,,,,,
2386,8050cb81-30bf-47a6-4b0f-a892199e19c8,TCI #1 2023 AGE Interclub Trampoline Championships,,DMT,11-12 Years Male,Qualification,1,,1,TRUE,3,60500,0,99,0,,1,0,Forgoes,Harry,ICE Gymsports North Canterbury,01/01/0001,,2,20200,2,0,0,E8,100,,,,,,,,,,,,
2387,8050cb81-30bf-47a6-4b0f-a892199e19c8,TCI #1 2023 AGE Interclub Trampoline Championships,,DMT,11-12 Years Male,Qualification,1,,1,TRUE,3,60500,0,99,0,,1,0,Forgoes,Harry,ICE Gymsports North Canterbury,01/01/0001,,2,20200,2,0,0,E∑,195,2,3,0,0,0,0,0,0,0,0,0,0
2388,8050cb81-30bf-47a6-4b0f-a892199e19c8,TCI #1 2023 AGE Interclub Trampoline Championships,,DMT,11-12 Years Male,Qualification,1,,1,TRUE,3,60500,0,99,0,,1,0,Forgoes,Harry,ICE Gymsports North Canterbury,01/01/0001,,2,20200,2,0,0,T,0,,,,,,,,,,,,
2389,8050cb81-30bf-47a6-4b0f-a892199e19c8,TCI #1 2023 AGE Interclub Trampoline Championships,,DMT,11-12 Years Male,Qualification,1,,1,TRUE,3,60500,0,99,0,,1,0,Forgoes,Harry,ICE Gymsports North Canterbury,01/01/0001,,2,20200,2,0,0,D,7,0,,,,,,,,,,,
2390,8050cb81-30bf-47a6-4b0f-a892199e19c8,TCI #1 2023 AGE Interclub Trampoline Championships,,DMT,11-12 Years Male,Qualification,1,,1,TRUE,3,60500,0,99,0,,1,0,Forgoes,Harry,ICE Gymsports North Canterbury,01/01/0001,,2,20200,2,0,0,H,0,0,0,,,,,,,,,,
2391,8050cb81-30bf-47a6-4b0f-a892199e19c8,TCI #1 2023 AGE Interclub Trampoline Championships,,DMT,11-12 Years Male,Qualification,1,,1,TRUE,3,60500,0,99,0,,1,0,Forgoes,Harry,ICE Gymsports North Canterbury,01/01/0001,,3,20000,2,0,0,E1,97,1,2,,,,,,,,,0,0
2392,8050cb81-30bf-47a6-4b0f-a892199e19c8,TCI #1 2023 AGE Interclub Trampoline Championships,,DMT,11-12 Years Male,Qualification,1,,1,TRUE,3,60500,0,99,0,,1,0,Forgoes,Harry,ICE Gymsports North Canterbury,01/01/0001,,3,20000,2,0,0,E2,96,2,2,,,,,,,,,0,0
2393,8050cb81-30bf-47a6-4b0f-a892199e19c8,TCI #1 2023 AGE Interclub Trampoline Championships,,DMT,11-12 Years Male,Qualification,1,,1,TRUE,3,60500,0,99,0,,1,0,Forgoes,Harry,ICE Gymsports North Canterbury,01/01/0001,,3,20000,2,0,0,E3,97,1,1,,,,,,,,,1,0
2394,8050cb81-30bf-47a6-4b0f-a892199e19c8,TCI #1 2023 AGE Interclub Trampoline Championships,,DMT,11-12 Years Male,Qualification,1,,1,TRUE,3,60500,0,99,0,,1,0,Forgoes,Harry,ICE Gymsports North Canterbury,01/01/0001,,3,20000,2,0,0,E4,100,,,,,,,,,,,,
2395,8050cb81-30bf-47a6-4b0f-a892199e19c8,TCI #1 2023 AGE Interclub Trampoline Championships,,DMT,11-12 Years Male,Qualification,1,,1,TRUE,3,60500,0,99,0,,1,0,Forgoes,Harry,ICE Gymsports North Canterbury,01/01/0001,,3,20000,2,0,0,E5,100,,,,,,,,,,,,
2396,8050cb81-30bf-47a6-4b0f-a892199e19c8,TCI #1 2023 AGE Interclub Trampoline Championships,,DMT,11-12 Years Male,Qualification,1,,1,TRUE,3,60500,0,99,0,,1,0,Forgoes,Harry,ICE Gymsports North Canterbury,01/01/0001,,3,20000,2,0,0,E8,100,,,,,,,,,,,,
2397,8050cb81-30bf-47a6-4b0f-a892199e19c8,TCI #1 2023 AGE Interclub Trampoline Championships,,DMT,11-12 Years Male,Qualification,1,,1,TRUE,3,60500,0,99,0,,1,0,Forgoes,Harry,ICE Gymsports North Canterbury,01/01/0001,,3,20000,2,0,0,E∑,195,2,3,0,0,0,0,0,0,0,0,0,0
2398,8050cb81-30bf-47a6-4b0f-a892199e19c8,TCI #1 2023 AGE Interclub Trampoline Championships,,DMT,11-12 Years Male,Qualification,1,,1,TRUE,3,60500,0,99,0,,1,0,Forgoes,Harry,ICE Gymsports North Canterbury,01/01/0001,,3,20000,2,0,0,T,0,,,,,,,,,,,,
2399,8050cb81-30bf-47a6-4b0f-a892199e19c8,TCI #1 2023 AGE Interclub Trampoline Championships,,DMT,11-12 Years Male,Qualification,1,,1,TRUE,3,60500,0,99,0,,1,0,Forgoes,Harry,ICE Gymsports North Canterbury,01/01/0001,,3,20000,2,0,0,D,5,0,,,,,,,,,,,
2400,8050cb81-30bf-47a6-4b0f-a892199e19c8,TCI #1 2023 AGE Interclub Trampoline Championships,,DMT,11-12 Years Male,Qualification,1,,1,TRUE,3,60500,0,99,0,,1,0,Forgoes,Harry,ICE Gymsports North Canterbury,01/01/0001,,3,20000,2,0,0,H,0,0,0,,,,,,,,,,
2401,8050cb81-30bf-47a6-4b0f-a892199e19c8,TCI #1 2023 AGE Interclub Trampoline Championships,,DMT,11-12 Years Male,Qualification,1,,2,TRUE,4,60200,0,99,0,,1,0,Cowan,Jacob,ICE Gymsports North Canterbury,01/01/0001,,1,19700,2,0,6,E1,95,2,3,,,,,,,,,0,0
2402,8050cb81-30bf-47a6-4b0f-a892199e19c8,TCI #1 2023 AGE Interclub Trampoline Championships,,DMT,11-12 Years Male,Qualification,1,,2,TRUE,4,60200,0,99,0,,1,0,Cowan,Jacob,ICE Gymsports North Canterbury,01/01/0001,,1,19700,2,0,6,E2,95,2,2,,,,,,,,,1,0
2403,8050cb81-30bf-47a6-4b0f-a892199e19c8,TCI #1 2023 AGE Interclub Trampoline Championships,,DMT,11-12 Years Male,Qualification,1,,2,TRUE,4,60200,0,99,0,,1,0,Cowan,Jacob,ICE Gymsports North Canterbury,01/01/0001,,1,19700,2,0,6,E3,94,3,3,,,,,,,,,0,0
2404,8050cb81-30bf-47a6-4b0f-a892199e19c8,TCI #1 2023 AGE Interclub Trampoline Championships,,DMT,11-12 Years Male,Qualification,1,,2,TRUE,4,60200,0,99,0,,1,0,Cowan,Jacob,ICE Gymsports North Canterbury,01/01/0001,,1,19700,2,0,6,E4,100,,,,,,,,,,,,
2405,8050cb81-30bf-47a6-4b0f-a892199e19c8,TCI #1 2023 AGE Interclub Trampoline Championships,,DMT,11-12 Years Male,Qualification,1,,2,TRUE,4,60200,0,99,0,,1,0,Cowan,Jacob,ICE Gymsports North Canterbury,01/01/0001,,1,19700,2,0,6,E5,100,,,,,,,,,,,,
2406,8050cb81-30bf-47a6-4b0f-a892199e19c8,TCI #1 2023 AGE Interclub Trampoline Championships,,DMT,11-12 Years Male,Qualification,1,,2,TRUE,4,60200,0,99,0,,1,0,Cowan,Jacob,ICE Gymsports North Canterbury,01/01/0001,,1,19700,2,0,6,E8,100,,,,,,,,,,,,
2407,8050cb81-30bf-47a6-4b0f-a892199e19c8,TCI #1 2023 AGE Interclub Trampoline Championships,,DMT,11-12 Years Male,Qualification,1,,2,TRUE,4,60200,0,99,0,,1,0,Cowan,Jacob,ICE Gymsports North Canterbury,01/01/0001,,1,19700,2,0,6,E∑,191,4,5,0,0,0,0,0,0,0,0,0,0
2408,8050cb81-30bf-47a6-4b0f-a892199e19c8,TCI #1 2023 AGE Interclub Trampoline Championships,,DMT,11-12 Years Male,Qualification,1,,2,TRUE,4,60200,0,99,0,,1,0,Cowan,Jacob,ICE Gymsports North Canterbury,01/01/0001,,1,19700,2,0,6,T,0,,,,,,,,,,,,
2409,8050cb81-30bf-47a6-4b0f-a892199e19c8,TCI #1 2023 AGE Interclub Trampoline Championships,,DMT,11-12 Years Male,Qualification,1,,2,TRUE,4,60200,0,99,0,,1,0,Cowan,Jacob,ICE Gymsports North Canterbury,01/01/0001,,1,19700,2,0,6,D,12,0,,,,,,,,,,,
2410,8050cb81-30bf-47a6-4b0f-a892199e19c8,TCI #1 2023 AGE Interclub Trampoline Championships,,DMT,11-12 Years Male,Qualification,1,,2,TRUE,4,60200,0,99,0,,1,0,Cowan,Jacob,ICE Gymsports North Canterbury,01/01/0001,,1,19700,2,0,6,H,0,0,0,,,,,,,,,,
2411,8050cb81-30bf-47a6-4b0f-a892199e19c8,TCI #1 2023 AGE Interclub Trampoline Championships,,DMT,11-12 Years Male,Qualification,1,,2,TRUE,4,60200,0,99,0,,1,0,Cowan,Jacob,ICE Gymsports North Canterbury,01/01/0001,,2,20600,2,0,6,E1,95,2,3,,,,,,,,,0,0
2412,8050cb81-30bf-47a6-4b0f-a892199e19c8,TCI #1 2023 AGE Interclub Trampoline Championships,,DMT,11-12 Years Male,Qualification,1,,2,TRUE,4,60200,0,99,0,,1,0,Cowan,Jacob,ICE Gymsports North Canterbury,01/01/0001,,2,20600,2,0,6,E2,97,1,2,,,,,,,,,0,0
2413,8050cb81-30bf-47a6-4b0f-a892199e19c8,TCI #1 2023 AGE Interclub Trampoline Championships,,DMT,11-12 Years Male,Qualification,1,,2,TRUE,4,60200,0,99,0,,1,0,Cowan,Jacob,ICE Gymsports North Canterbury,01/01/0001,,2,20600,2,0,6,E3,98,1,1,,,,,,,,,0,0
2414,8050cb81-30bf-47a6-4b0f-a892199e19c8,TCI #1 2023 AGE Interclub Trampoline Championships,,DMT,11-12 Years Male,Qualification,1,,2,TRUE,4,60200,0,99,0,,1,0,Cowan,Jacob,ICE Gymsports North Canterbury,01/01/0001,,2,20600,2,0,6,E4,100,,,,,,,,,,,,
2415,8050cb81-30bf-47a6-4b0f-a892199e19c8,TCI #1 2023 AGE Interclub Trampoline Championships,,DMT,11-12 Years Male,Qualification,1,,2,TRUE,4,60200,0,99,0,,1,0,Cowan,Jacob,ICE Gymsports North Canterbury,01/01/0001,,2,20600,2,0,6,E5,100,,,,,,,,,,,,
2416,8050cb81-30bf-47a6-4b0f-a892199e19c8,TCI #1 2023 AGE Interclub Trampoline Championships,,DMT,11-12 Years Male,Qualification,1,,2,TRUE,4,60200,0,99,0,,1,0,Cowan,Jacob,ICE Gymsports North Canterbury,01/01/0001,,2,20600,2,0,6,E8,100,,,,,,,,,,,,
2417,8050cb81-30bf-47a6-4b0f-a892199e19c8,TCI #1 2023 AGE Interclub Trampoline Championships,,DMT,11-12 Years Male,Qualification,1,,2,TRUE,4,60200,0,99,0,,1,0,Cowan,Jacob,ICE Gymsports North Canterbury,01/01/0001,,2,20600,2,0,6,E∑,195,2,3,0,0,0,0,0,0,0,0,0,0
2418,8050cb81-30bf-47a6-4b0f-a892199e19c8,TCI #1 2023 AGE Interclub Trampoline Championships,,DMT,11-12 Years Male,Qualification,1,,2,TRUE,4,60200,0,99,0,,1,0,Cowan,Jacob,ICE Gymsports North Canterbury,01/01/0001,,2,20600,2,0,6,T,0,,,,,,,,,,,,
2419,8050cb81-30bf-47a6-4b0f-a892199e19c8,TCI #1 2023 AGE Interclub Trampoline Championships,,DMT,11-12 Years Male,Qualification,1,,2,TRUE,4,60200,0,99,0,,1,0,Cowan,Jacob,ICE Gymsports North Canterbury,01/01/0001,,2,20600,2,0,6,D,17,0,,,,,,,,,,,
2420,8050cb81-30bf-47a6-4b0f-a892199e19c8,TCI #1 2023 AGE Interclub Trampoline Championships,,DMT,11-12 Years Male,Qualification,1,,2,TRUE,4,60200,0,99,0,,1,0,Cowan,Jacob,ICE Gymsports North Canterbury,01/01/0001,,2,20600,2,0,6,H,0,0,0,,,,,,,,,,
2421,8050cb81-30bf-47a6-4b0f-a892199e19c8,TCI #1 2023 AGE Interclub Trampoline Championships,,DMT,11-12 Years Male,Qualification,1,,2,TRUE,4,60200,0,99,0,,1,0,Cowan,Jacob,ICE Gymsports North Canterbury,01/01/0001,,3,19900,2,0,0,E1,94,2,3,,,,,,,,,1,0
2422,8050cb81-30bf-47a6-4b0f-a892199e19c8,TCI #1 2023 AGE Interclub Trampoline Championships,,DMT,11-12 Years Male,Qualification,1,,2,TRUE,4,60200,0,99,0,,1,0,Cowan,Jacob,ICE Gymsports North Canterbury,01/01/0001,,3,19900,2,0,0,E2,95,2,2,,,,,,,,,1,0
2423,8050cb81-30bf-47a6-4b0f-a892199e19c8,TCI #1 2023 AGE Interclub Trampoline Championships,,DMT,11-12 Years Male,Qualification,1,,2,TRUE,4,60200,0,99,0,,1,0,Cowan,Jacob,ICE Gymsports North Canterbury,01/01/0001,,3,19900,2,0,0,E3,97,1,1,,,,,,,,,1,0
2424,8050cb81-30bf-47a6-4b0f-a892199e19c8,TCI #1 2023 AGE Interclub Trampoline Championships,,DMT,11-12 Years Male,Qualification,1,,2,TRUE,4,60200,0,99,0,,1,0,Cowan,Jacob,ICE Gymsports North Canterbury,01/01/0001,,3,19900,2,0,0,E4,100,,,,,,,,,,,,
2425,8050cb81-30bf-47a6-4b0f-a892199e19c8,TCI #1 2023 AGE Interclub Trampoline Championships,,DMT,11-12 Years Male,Qualification,1,,2,TRUE,4,60200,0,99,0,,1,0,Cowan,Jacob,ICE Gymsports North Canterbury,01/01/0001,,3,19900,2,0,0,E5,100,,,,,,,,,,,,
2426,8050cb81-30bf-47a6-4b0f-a892199e19c8,TCI #1 2023 AGE Interclub Trampoline Championships,,DMT,11-12 Years Male,Qualification,1,,2,TRUE,4,60200,0,99,0,,1,0,Cowan,Jacob,ICE Gymsports North Canterbury,01/01/0001,,3,19900,2,0,0,E8,100,,,,,,,,,,,,
2427,8050cb81-30bf-47a6-4b0f-a892199e19c8,TCI #1 2023 AGE Interclub Trampoline Championships,,DMT,11-12 Years Male,Qualification,1,,2,TRUE,4,60200,0,99,0,,1,0,Cowan,Jacob,ICE Gymsports North Canterbury,01/01/0001,,3,19900,2,0,0,E∑,192,3,3,0,0,0,0,0,0,0,0,2,0
2428,8050cb81-30bf-47a6-4b0f-a892199e19c8,TCI #1 2023 AGE Interclub Trampoline Championships,,DMT,11-12 Years Male,Qualification,1,,2,TRUE,4,60200,0,99,0,,1,0,Cowan,Jacob,ICE Gymsports North Canterbury,01/01/0001,,3,19900,2,0,0,T,0,,,,,,,,,,,,
2429,8050cb81-30bf-47a6-4b0f-a892199e19c8,TCI #1 2023 AGE Interclub Trampoline Championships,,DMT,11-12 Years Male,Qualification,1,,2,TRUE,4,60200,0,99,0,,1,0,Cowan,Jacob,ICE Gymsports North Canterbury,01/01/0001,,3,19900,2,0,0,D,7,0,,,,,,,,,,,
2430,8050cb81-30bf-47a6-4b0f-a892199e19c8,TCI #1 2023 AGE Interclub Trampoline Championships,,DMT,11-12 Years Male,Qualification,1,,2,TRUE,4,60200,0,99,0,,1,0,Cowan,Jacob,ICE Gymsports North Canterbury,01/01/0001,,3,19900,2,0,0,H,0,0,0,,,,,,,,,,
2431,8050cb81-30bf-47a6-4b0f-a892199e19c8,TCI #1 2023 AGE Interclub Trampoline Championships,,DMT,11-12 Years Male,Qualification,1,,3,TRUE,5,59800,0,99,0,,1,0,Stanley,Jack,Dynamic Gymnastics Sports,01/01/0001,,1,20400,2,0,0,E1,96,2,2,,,,,,,,,0,0
2432,8050cb81-30bf-47a6-4b0f-a892199e19c8,TCI #1 2023 AGE Interclub Trampoline Championships,,DMT,11-12 Years Male,Qualification,1,,3,TRUE,5,59800,0,99,0,,1,0,Stanley,Jack,Dynamic Gymnastics Sports,01/01/0001,,1,20400,2,0,0,E2,96,2,2,,,,,,,,,0,0
2433,8050cb81-30bf-47a6-4b0f-a892199e19c8,TCI #1 2023 AGE Interclub Trampoline Championships,,DMT,11-12 Years Male,Qualification,1,,3,TRUE,5,59800,0,99,0,,1,0,Stanley,Jack,Dynamic Gymnastics Sports,01/01/0001,,1,20400,2,0,0,E3,96,2,2,,,,,,,,,0,0
2434,8050cb81-30bf-47a6-4b0f-a892199e19c8,TCI #1 2023 AGE Interclub Trampoline Championships,,DMT,11-12 Years Male,Qualification,1,,3,TRUE,5,59800,0,99,0,,1,0,Stanley,Jack,Dynamic Gymnastics Sports,01/01/0001,,1,20400,2,0,0,E4,100,,,,,,,,,,,,
2435,8050cb81-30bf-47a6-4b0f-a892199e19c8,TCI #1 2023 AGE Interclub Trampoline Championships,,DMT,11-12 Years Male,Qualification,1,,3,TRUE,5,59800,0,99,0,,1,0,Stanley,Jack,Dynamic Gymnastics Sports,01/01/0001,,1,20400,2,0,0,E5,100,,,,,,,,,,,,
2436,8050cb81-30bf-47a6-4b0f-a892199e19c8,TCI #1 2023 AGE Interclub Trampoline Championships,,DMT,11-12 Years Male,Qualification,1,,3,TRUE,5,59800,0,99,0,,1,0,Stanley,Jack,Dynamic Gymnastics Sports,01/01/0001,,1,20400,2,0,0,E8,100,,,,,,,,,,,,
2437,8050cb81-30bf-47a6-4b0f-a892199e19c8,TCI #1 2023 AGE Interclub Trampoline Championships,,DMT,11-12 Years Male,Qualification,1,,3,TRUE,5,59800,0,99,0,,1,0,Stanley,Jack,Dynamic Gymnastics Sports,01/01/0001,,1,20400,2,0,0,E∑,192,4,4,0,0,0,0,0,0,0,0,0,0
2438,8050cb81-30bf-47a6-4b0f-a892199e19c8,TCI #1 2023 AGE Interclub Trampoline Championships,,DMT,11-12 Years Male,Qualification,1,,3,TRUE,5,59800,0,99,0,,1,0,Stanley,Jack,Dynamic Gymnastics Sports,01/01/0001,,1,20400,2,0,0,T,0,,,,,,,,,,,,
2439,8050cb81-30bf-47a6-4b0f-a892199e19c8,TCI #1 2023 AGE Interclub Trampoline Championships,,DMT,11-12 Years Male,Qualification,1,,3,TRUE,5,59800,0,99,0,,1,0,Stanley,Jack,Dynamic Gymnastics Sports,01/01/0001,,1,20400,2,0,0,D,12,0,,,,,,,,,,,
2440,8050cb81-30bf-47a6-4b0f-a892199e19c8,TCI #1 2023 AGE Interclub Trampoline Championships,,DMT,11-12 Years Male,Qualification,1,,3,TRUE,5,59800,0,99,0,,1,0,Stanley,Jack,Dynamic Gymnastics Sports,01/01/0001,,1,20400,2,0,0,H,0,0,0,,,,,,,,,,
2441,8050cb81-30bf-47a6-4b0f-a892199e19c8,TCI #1 2023 AGE Interclub Trampoline Championships,,DMT,11-12 Years Male,Qualification,1,,3,TRUE,5,59800,0,99,0,,1,0,Stanley,Jack,Dynamic Gymnastics Sports,01/01/0001,,2,19900,2,0,6,E1,95,2,2,,,,,,,,,1,0
2442,8050cb81-30bf-47a6-4b0f-a892199e19c8,TCI #1 2023 AGE Interclub Trampoline Championships,,DMT,11-12 Years Male,Qualification,1,,3,TRUE,5,59800,0,99,0,,1,0,Stanley,Jack,Dynamic Gymnastics Sports,01/01/0001,,2,19900,2,0,6,E2,96,3,1,,,,,,,,,0,0
2443,8050cb81-30bf-47a6-4b0f-a892199e19c8,TCI #1 2023 AGE Interclub Trampoline Championships,,DMT,11-12 Years Male,Qualification,1,,3,TRUE,5,59800,0,99,0,,1,0,Stanley,Jack,Dynamic Gymnastics Sports,01/01/0001,,2,19900,2,0,6,E3,95,2,2,,,,,,,,,1,0
2444,8050cb81-30bf-47a6-4b0f-a892199e19c8,TCI #1 2023 AGE Interclub Trampoline Championships,,DMT,11-12 Years Male,Qualification,1,,3,TRUE,5,59800,0,99,0,,1,0,Stanley,Jack,Dynamic Gymnastics Sports,01/01/0001,,2,19900,2,0,6,E4,100,,,,,,,,,,,,
2445,8050cb81-30bf-47a6-4b0f-a892199e19c8,TCI #1 2023 AGE Interclub Trampoline Championships,,DMT,11-12 Years Male,Qualification,1,,3,TRUE,5,59800,0,99,0,,1,0,Stanley,Jack,Dynamic Gymnastics Sports,01/01/0001,,2,19900,2,0,6,E5,100,,,,,,,,,,,,
2446,8050cb81-30bf-47a6-4b0f-a892199e19c8,TCI #1 2023 AGE Interclub Trampoline Championships,,DMT,11-12 Years Male,Qualification,1,,3,TRUE,5,59800,0,99,0,,1,0,Stanley,Jack,Dynamic Gymnastics Sports,01/01/0001,,2,19900,2,0,6,E8,100,,,,,,,,,,,,
2447,8050cb81-30bf-47a6-4b0f-a892199e19c8,TCI #1 2023 AGE Interclub Trampoline Championships,,DMT,11-12 Years Male,Qualification,1,,3,TRUE,5,59800,0,99,0,,1,0,Stanley,Jack,Dynamic Gymnastics Sports,01/01/0001,,2,19900,2,0,6,E∑,192,4,3,0,0,0,0,0,0,0,0,1,0
2448,8050cb81-30bf-47a6-4b0f-a892199e19c8,TCI #1 2023 AGE Interclub Trampoline Championships,,DMT,11-12 Years Male,Qualification,1,,3,TRUE,5,59800,0,99,0,,1,0,Stanley,Jack,Dynamic Gymnastics Sports,01/01/0001,,2,19900,2,0,6,T,0,,,,,,,,,,,,
2449,8050cb81-30bf-47a6-4b0f-a892199e19c8,TCI #1 2023 AGE Interclub Trampoline Championships,,DMT,11-12 Years Male,Qualification,1,,3,TRUE,5,59800,0,99,0,,1,0,Stanley,Jack,Dynamic Gymnastics Sports,01/01/0001,,2,19900,2,0,6,D,13,0,,,,,,,,,,,
2450,8050cb81-30bf-47a6-4b0f-a892199e19c8,TCI #1 2023 AGE Interclub Trampoline Championships,,DMT,11-12 Years Male,Qualification,1,,3,TRUE,5,59800,0,99,0,,1,0,Stanley,Jack,Dynamic Gymnastics Sports,01/01/0001,,2,19900,2,0,6,H,0,0,0,,,,,,,,,,
2451,8050cb81-30bf-47a6-4b0f-a892199e19c8,TCI #1 2023 AGE Interclub Trampoline Championships,,DMT,11-12 Years Male,Qualification,1,,3,TRUE,5,59800,0,99,0,,1,0,Stanley,Jack,Dynamic Gymnastics Sports,01/01/0001,,3,19500,2,0,0,E1,91,3,3,,,,,,,,,3,0
2452,8050cb81-30bf-47a6-4b0f-a892199e19c8,TCI #1 2023 AGE Interclub Trampoline Championships,,DMT,11-12 Years Male,Qualification,1,,3,TRUE,5,59800,0,99,0,,1,0,Stanley,Jack,Dynamic Gymnastics Sports,01/01/0001,,3,19500,2,0,0,E2,91,3,3,,,,,,,,,3,0
2453,8050cb81-30bf-47a6-4b0f-a892199e19c8,TCI #1 2023 AGE Interclub Trampoline Championships,,DMT,11-12 Years Male,Qualification,1,,3,TRUE,5,59800,0,99,0,,1,0,Stanley,Jack,Dynamic Gymnastics Sports,01/01/0001,,3,19500,2,0,0,E3,93,2,2,,,,,,,,,3,0
2454,8050cb81-30bf-47a6-4b0f-a892199e19c8,TCI #1 2023 AGE Interclub Trampoline Championships,,DMT,11-12 Years Male,Qualification,1,,3,TRUE,5,59800,0,99,0,,1,0,Stanley,Jack,Dynamic Gymnastics Sports,01/01/0001,,3,19500,2,0,0,E4,100,,,,,,,,,,,,
2455,8050cb81-30bf-47a6-4b0f-a892199e19c8,TCI #1 2023 AGE Interclub Trampoline Championships,,DMT,11-12 Years Male,Qualification,1,,3,TRUE,5,59800,0,99,0,,1,0,Stanley,Jack,Dynamic Gymnastics Sports,01/01/0001,,3,19500,2,0,0,E5,100,,,,,,,,,,,,
2456,8050cb81-30bf-47a6-4b0f-a892199e19c8,TCI #1 2023 AGE Interclub Trampoline Championships,,DMT,11-12 Years Male,Qualification,1,,3,TRUE,5,59800,0,99,0,,1,0,Stanley,Jack,Dynamic Gymnastics Sports,01/01/0001,,3,19500,2,0,0,E8,100,,,,,,,,,,,,
2457,8050cb81-30bf-47a6-4b0f-a892199e19c8,TCI #1 2023 AGE Interclub Trampoline Championships,,DMT,11-12 Years Male,Qualification,1,,3,TRUE,5,59800,0,99,0,,1,0,Stanley,Jack,Dynamic Gymnastics Sports,01/01/0001,,3,19500,2,0,0,E∑,184,5,5,0,0,0,0,0,0,0,0,6,0
2458,8050cb81-30bf-47a6-4b0f-a892199e19c8,TCI #1 2023 AGE Interclub Trampoline Championships,,DMT,11-12 Years Male,Qualification,1,,3,TRUE,5,59800,0,99,0,,1,0,Stanley,Jack,Dynamic Gymnastics Sports,01/01/0001,,3,19500,2,0,0,T,0,,,,,,,,,,,,
2459,8050cb81-30bf-47a6-4b0f-a892199e19c8,TCI #1 2023 AGE Interclub Trampoline Championships,,DMT,11-12 Years Male,Qualification,1,,3,TRUE,5,59800,0,99,0,,1,0,Stanley,Jack,Dynamic Gymnastics Sports,01/01/0001,,3,19500,2,0,0,D,11,0,,,,,,,,,,,
2460,8050cb81-30bf-47a6-4b0f-a892199e19c8,TCI #1 2023 AGE Interclub Trampoline Championships,,DMT,11-12 Years Male,Qualification,1,,3,TRUE,5,59800,0,99,0,,1,0,Stanley,Jack,Dynamic Gymnastics Sports,01/01/0001,,3,19500,2,0,0,H,0,0,0,,,,,,,,,,
2461,8050cb81-30bf-47a6-4b0f-a892199e19c8,TCI #1 2023 AGE Interclub Trampoline Championships,,DMT,11-12 Years Male,Qualification,1,,4,TRUE,7,54200,0,99,0,,1,0,Scheepers,Wilhelm,Dynamic Gymnastics Sports,01/01/0001,,1,18900,2,0,6,E1,94,2,3,,,,,,,,,1,0
2462,8050cb81-30bf-47a6-4b0f-a892199e19c8,TCI #1 2023 AGE Interclub Trampoline Championships,,DMT,11-12 Years Male,Qualification,1,,4,TRUE,7,54200,0,99,0,,1,0,Scheepers,Wilhelm,Dynamic Gymnastics Sports,01/01/0001,,1,18900,2,0,6,E2,95,2,2,,,,,,,,,1,0
2463,8050cb81-30bf-47a6-4b0f-a892199e19c8,TCI #1 2023 AGE Interclub Trampoline Championships,,DMT,11-12 Years Male,Qualification,1,,4,TRUE,7,54200,0,99,0,,1,0,Scheepers,Wilhelm,Dynamic Gymnastics Sports,01/01/0001,,1,18900,2,0,6,E3,95,2,2,,,,,,,,,1,0
2464,8050cb81-30bf-47a6-4b0f-a892199e19c8,TCI #1 2023 AGE Interclub Trampoline Championships,,DMT,11-12 Years Male,Qualification,1,,4,TRUE,7,54200,0,99,0,,1,0,Scheepers,Wilhelm,Dynamic Gymnastics Sports,01/01/0001,,1,18900,2,0,6,E4,100,,,,,,,,,,,,
2465,8050cb81-30bf-47a6-4b0f-a892199e19c8,TCI #1 2023 AGE Interclub Trampoline Championships,,DMT,11-12 Years Male,Qualification,1,,4,TRUE,7,54200,0,99,0,,1,0,Scheepers,Wilhelm,Dynamic Gymnastics Sports,01/01/0001,,1,18900,2,0,6,E5,100,,,,,,,,,,,,
2466,8050cb81-30bf-47a6-4b0f-a892199e19c8,TCI #1 2023 AGE Interclub Trampoline Championships,,DMT,11-12 Years Male,Qualification,1,,4,TRUE,7,54200,0,99,0,,1,0,Scheepers,Wilhelm,Dynamic Gymnastics Sports,01/01/0001,,1,18900,2,0,6,E8,100,,,,,,,,,,,,
2467,8050cb81-30bf-47a6-4b0f-a892199e19c8,TCI #1 2023 AGE Interclub Trampoline Championships,,DMT,11-12 Years Male,Qualification,1,,4,TRUE,7,54200,0,99,0,,1,0,Scheepers,Wilhelm,Dynamic Gymnastics Sports,01/01/0001,,1,18900,2,0,6,E∑,190,4,4,0,0,0,0,0,0,0,0,2,0
2468,8050cb81-30bf-47a6-4b0f-a892199e19c8,TCI #1 2023 AGE Interclub Trampoline Championships,,DMT,11-12 Years Male,Qualification,1,,4,TRUE,7,54200,0,99,0,,1,0,Scheepers,Wilhelm,Dynamic Gymnastics Sports,01/01/0001,,1,18900,2,0,6,T,0,,,,,,,,,,,,
2469,8050cb81-30bf-47a6-4b0f-a892199e19c8,TCI #1 2023 AGE Interclub Trampoline Championships,,DMT,11-12 Years Male,Qualification,1,,4,TRUE,7,54200,0,99,0,,1,0,Scheepers,Wilhelm,Dynamic Gymnastics Sports,01/01/0001,,1,18900,2,0,6,D,5,0,,,,,,,,,,,
2470,8050cb81-30bf-47a6-4b0f-a892199e19c8,TCI #1 2023 AGE Interclub Trampoline Championships,,DMT,11-12 Years Male,Qualification,1,,4,TRUE,7,54200,0,99,0,,1,0,Scheepers,Wilhelm,Dynamic Gymnastics Sports,01/01/0001,,1,18900,2,0,6,H,0,0,0,,,,,,,,,,
2471,8050cb81-30bf-47a6-4b0f-a892199e19c8,TCI #1 2023 AGE Interclub Trampoline Championships,,DMT,11-12 Years Male,Qualification,1,,4,TRUE,7,54200,0,99,0,,1,0,Scheepers,Wilhelm,Dynamic Gymnastics Sports,01/01/0001,,2,17100,2,0,6,E1,85,2,3,,,,,,,,,0,10
2472,8050cb81-30bf-47a6-4b0f-a892199e19c8,TCI #1 2023 AGE Interclub Trampoline Championships,,DMT,11-12 Years Male,Qualification,1,,4,TRUE,7,54200,0,99,0,,1,0,Scheepers,Wilhelm,Dynamic Gymnastics Sports,01/01/0001,,2,17100,2,0,6,E2,86,2,2,,,,,,,,,0,10
2473,8050cb81-30bf-47a6-4b0f-a892199e19c8,TCI #1 2023 AGE Interclub Trampoline Championships,,DMT,11-12 Years Male,Qualification,1,,4,TRUE,7,54200,0,99,0,,1,0,Scheepers,Wilhelm,Dynamic Gymnastics Sports,01/01/0001,,2,17100,2,0,6,E3,85,2,3,,,,,,,,,0,10
2474,8050cb81-30bf-47a6-4b0f-a892199e19c8,TCI #1 2023 AGE Interclub Trampoline Championships,,DMT,11-12 Years Male,Qualification,1,,4,TRUE,7,54200,0,99,0,,1,0,Scheepers,Wilhelm,Dynamic Gymnastics Sports,01/01/0001,,2,17100,2,0,6,E4,100,,,,,,,,,,,,
2475,8050cb81-30bf-47a6-4b0f-a892199e19c8,TCI #1 2023 AGE Interclub Trampoline Championships,,DMT,11-12 Years Male,Qualification,1,,4,TRUE,7,54200,0,99,0,,1,0,Scheepers,Wilhelm,Dynamic Gymnastics Sports,01/01/0001,,2,17100,2,0,6,E5,100,,,,,,,,,,,,
2476,8050cb81-30bf-47a6-4b0f-a892199e19c8,TCI #1 2023 AGE Interclub Trampoline Championships,,DMT,11-12 Years Male,Qualification,1,,4,TRUE,7,54200,0,99,0,,1,0,Scheepers,Wilhelm,Dynamic Gymnastics Sports,01/01/0001,,2,17100,2,0,6,E8,100,,,,,,,,,,,,
2477,8050cb81-30bf-47a6-4b0f-a892199e19c8,TCI #1 2023 AGE Interclub Trampoline Championships,,DMT,11-12 Years Male,Qualification,1,,4,TRUE,7,54200,0,99,0,,1,0,Scheepers,Wilhelm,Dynamic Gymnastics Sports,01/01/0001,,2,17100,2,0,6,E∑,171,4,5,0,0,0,0,0,0,0,0,0,20
2478,8050cb81-30bf-47a6-4b0f-a892199e19c8,TCI #1 2023 AGE Interclub Trampoline Championships,,DMT,11-12 Years Male,Qualification,1,,4,TRUE,7,54200,0,99,0,,1,0,Scheepers,Wilhelm,Dynamic Gymnastics Sports,01/01/0001,,2,17100,2,0,6,T,0,,,,,,,,,,,,
2479,8050cb81-30bf-47a6-4b0f-a892199e19c8,TCI #1 2023 AGE Interclub Trampoline Championships,,DMT,11-12 Years Male,Qualification,1,,4,TRUE,7,54200,0,99,0,,1,0,Scheepers,Wilhelm,Dynamic Gymnastics Sports,01/01/0001,,2,17100,2,0,6,D,6,0,,,,,,,,,,,
2480,8050cb81-30bf-47a6-4b0f-a892199e19c8,TCI #1 2023 AGE Interclub Trampoline Championships,,DMT,11-12 Years Male,Qualification,1,,4,TRUE,7,54200,0,99,0,,1,0,Scheepers,Wilhelm,Dynamic Gymnastics Sports,01/01/0001,,2,17100,2,0,6,H,0,0,0,,,,,,,,,,
2481,8050cb81-30bf-47a6-4b0f-a892199e19c8,TCI #1 2023 AGE Interclub Trampoline Championships,,DMT,11-12 Years Male,Qualification,1,,4,TRUE,7,54200,0,99,0,,1,0,Scheepers,Wilhelm,Dynamic Gymnastics Sports,01/01/0001,,3,18200,2,0,6,E1,93,2,4,,,,,,,,,1,0
2482,8050cb81-30bf-47a6-4b0f-a892199e19c8,TCI #1 2023 AGE Interclub Trampoline Championships,,DMT,11-12 Years Male,Qualification,1,,4,TRUE,7,54200,0,99,0,,1,0,Scheepers,Wilhelm,Dynamic Gymnastics Sports,01/01/0001,,3,18200,2,0,6,E2,94,2,3,,,,,,,,,1,0
2483,8050cb81-30bf-47a6-4b0f-a892199e19c8,TCI #1 2023 AGE Interclub Trampoline Championships,,DMT,11-12 Years Male,Qualification,1,,4,TRUE,7,54200,0,99,0,,1,0,Scheepers,Wilhelm,Dynamic Gymnastics Sports,01/01/0001,,3,18200,2,0,6,E3,94,2,3,,,,,,,,,1,0
2484,8050cb81-30bf-47a6-4b0f-a892199e19c8,TCI #1 2023 AGE Interclub Trampoline Championships,,DMT,11-12 Years Male,Qualification,1,,4,TRUE,7,54200,0,99,0,,1,0,Scheepers,Wilhelm,Dynamic Gymnastics Sports,01/01/0001,,3,18200,2,0,6,E4,100,,,,,,,,,,,,
2485,8050cb81-30bf-47a6-4b0f-a892199e19c8,TCI #1 2023 AGE Interclub Trampoline Championships,,DMT,11-12 Years Male,Qualification,1,,4,TRUE,7,54200,0,99,0,,1,0,Scheepers,Wilhelm,Dynamic Gymnastics Sports,01/01/0001,,3,18200,2,0,6,E5,100,,,,,,,,,,,,
2486,8050cb81-30bf-47a6-4b0f-a892199e19c8,TCI #1 2023 AGE Interclub Trampoline Championships,,DMT,11-12 Years Male,Qualification,1,,4,TRUE,7,54200,0,99,0,,1,0,Scheepers,Wilhelm,Dynamic Gymnastics Sports,01/01/0001,,3,18200,2,0,6,E8,100,,,,,,,,,,,,
2487,8050cb81-30bf-47a6-4b0f-a892199e19c8,TCI #1 2023 AGE Interclub Trampoline Championships,,DMT,11-12 Years Male,Qualification,1,,4,TRUE,7,54200,0,99,0,,1,0,Scheepers,Wilhelm,Dynamic Gymnastics Sports,01/01/0001,,3,18200,2,0,6,E∑,188,4,6,0,0,0,0,0,0,0,0,2,0
2488,8050cb81-30bf-47a6-4b0f-a892199e19c8,TCI #1 2023 AGE Interclub Trampoline Championships,,DMT,11-12 Years Male,Qualification,1,,4,TRUE,7,54200,0,99,0,,1,0,Scheepers,Wilhelm,Dynamic Gymnastics Sports,01/01/0001,,3,18200,2,0,6,T,0,,,,,,,,,,,,
2489,8050cb81-30bf-47a6-4b0f-a892199e19c8,TCI #1 2023 AGE Interclub Trampoline Championships,,DMT,11-12 Years Male,Qualification,1,,4,TRUE,7,54200,0,99,0,,1,0,Scheepers,Wilhelm,Dynamic Gymnastics Sports,01/01/0001,,3,18200,2,0,6,D,0,0,,,,,,,,,,,
2490,8050cb81-30bf-47a6-4b0f-a892199e19c8,TCI #1 2023 AGE Interclub Trampoline Championships,,DMT,11-12 Years Male,Qualification,1,,4,TRUE,7,54200,0,99,0,,1,0,Scheepers,Wilhelm,Dynamic Gymnastics Sports,01/01/0001,,3,18200,2,0,6,H,0,0,0,,,,,,,,,,
2491,8050cb81-30bf-47a6-4b0f-a892199e19c8,TCI #1 2023 AGE Interclub Trampoline Championships,,DMT,11-12 Years Male,Qualification,1,,5,TRUE,2,60600,0,99,0,,1,0,Patrick,Harrison,Christchurch School of Gymnastics,01/01/0001,,1,20200,2,0,0,E1,94,3,3,,,,,,,,,0,0
2492,8050cb81-30bf-47a6-4b0f-a892199e19c8,TCI #1 2023 AGE Interclub Trampoline Championships,,DMT,11-12 Years Male,Qualification,1,,5,TRUE,2,60600,0,99,0,,1,0,Patrick,Harrison,Christchurch School of Gymnastics,01/01/0001,,1,20200,2,0,0,E2,95,3,2,,,,,,,,,0,0
2493,8050cb81-30bf-47a6-4b0f-a892199e19c8,TCI #1 2023 AGE Interclub Trampoline Championships,,DMT,11-12 Years Male,Qualification,1,,5,TRUE,2,60600,0,99,0,,1,0,Patrick,Harrison,Christchurch School of Gymnastics,01/01/0001,,1,20200,2,0,0,E3,94,3,3,,,,,,,,,0,0
2494,8050cb81-30bf-47a6-4b0f-a892199e19c8,TCI #1 2023 AGE Interclub Trampoline Championships,,DMT,11-12 Years Male,Qualification,1,,5,TRUE,2,60600,0,99,0,,1,0,Patrick,Harrison,Christchurch School of Gymnastics,01/01/0001,,1,20200,2,0,0,E4,100,,,,,,,,,,,,
2495,8050cb81-30bf-47a6-4b0f-a892199e19c8,TCI #1 2023 AGE Interclub Trampoline Championships,,DMT,11-12 Years Male,Qualification,1,,5,TRUE,2,60600,0,99,0,,1,0,Patrick,Harrison,Christchurch School of Gymnastics,01/01/0001,,1,20200,2,0,0,E5,100,,,,,,,,,,,,
2496,8050cb81-30bf-47a6-4b0f-a892199e19c8,TCI #1 2023 AGE Interclub Trampoline Championships,,DMT,11-12 Years Male,Qualification,1,,5,TRUE,2,60600,0,99,0,,1,0,Patrick,Harrison,Christchurch School of Gymnastics,01/01/0001,,1,20200,2,0,0,E8,100,,,,,,,,,,,,
2497,8050cb81-30bf-47a6-4b0f-a892199e19c8,TCI #1 2023 AGE Interclub Trampoline Championships,,DMT,11-12 Years Male,Qualification,1,,5,TRUE,2,60600,0,99,0,,1,0,Patrick,Harrison,Christchurch School of Gymnastics,01/01/0001,,1,20200,2,0,0,E∑,189,6,5,0,0,0,0,0,0,0,0,0,0
2498,8050cb81-30bf-47a6-4b0f-a892199e19c8,TCI #1 2023 AGE Interclub Trampoline Championships,,DMT,11-12 Years Male,Qualification,1,,5,TRUE,2,60600,0,99,0,,1,0,Patrick,Harrison,Christchurch School of Gymnastics,01/01/0001,,1,20200,2,0,0,T,0,,,,,,,,,,,,
2499,8050cb81-30bf-47a6-4b0f-a892199e19c8,TCI #1 2023 AGE Interclub Trampoline Championships,,DMT,11-12 Years Male,Qualification,1,,5,TRUE,2,60600,0,99,0,,1,0,Patrick,Harrison,Christchurch School of Gymnastics,01/01/0001,,1,20200,2,0,0,D,13,0,,,,,,,,,,,
2500,8050cb81-30bf-47a6-4b0f-a892199e19c8,TCI #1 2023 AGE Interclub Trampoline Championships,,DMT,11-12 Years Male,Qualification,1,,5,TRUE,2,60600,0,99,0,,1,0,Patrick,Harrison,Christchurch School of Gymnastics,01/01/0001,,1,20200,2,0,0,H,0,0,0,,,,,,,,,,
2501,8050cb81-30bf-47a6-4b0f-a892199e19c8,TCI #1 2023 AGE Interclub Trampoline Championships,,DMT,11-12 Years Male,Qualification,1,,5,TRUE,2,60600,0,99,0,,1,0,Patrick,Harrison,Christchurch School of Gymnastics,01/01/0001,,2,20000,2,0,0,E1,94,3,3,,,,,,,,,0,0
2502,8050cb81-30bf-47a6-4b0f-a892199e19c8,TCI #1 2023 AGE Interclub Trampoline Championships,,DMT,11-12 Years Male,Qualification,1,,5,TRUE,2,60600,0,99,0,,1,0,Patrick,Harrison,Christchurch School of Gymnastics,01/01/0001,,2,20000,2,0,0,E2,94,3,3,,,,,,,,,0,0
2503,8050cb81-30bf-47a6-4b0f-a892199e19c8,TCI #1 2023 AGE Interclub Trampoline Championships,,DMT,11-12 Years Male,Qualification,1,,5,TRUE,2,60600,0,99,0,,1,0,Patrick,Harrison,Christchurch School of Gymnastics,01/01/0001,,2,20000,2,0,0,E3,94,3,3,,,,,,,,,0,0
2504,8050cb81-30bf-47a6-4b0f-a892199e19c8,TCI #1 2023 AGE Interclub Trampoline Championships,,DMT,11-12 Years Male,Qualification,1,,5,TRUE,2,60600,0,99,0,,1,0,Patrick,Harrison,Christchurch School of Gymnastics,01/01/0001,,2,20000,2,0,0,E4,100,,,,,,,,,,,,
2505,8050cb81-30bf-47a6-4b0f-a892199e19c8,TCI #1 2023 AGE Interclub Trampoline Championships,,DMT,11-12 Years Male,Qualification,1,,5,TRUE,2,60600,0,99,0,,1,0,Patrick,Harrison,Christchurch School of Gymnastics,01/01/0001,,2,20000,2,0,0,E5,100,,,,,,,,,,,,
2506,8050cb81-30bf-47a6-4b0f-a892199e19c8,TCI #1 2023 AGE Interclub Trampoline Championships,,DMT,11-12 Years Male,Qualification,1,,5,TRUE,2,60600,0,99,0,,1,0,Patrick,Harrison,Christchurch School of Gymnastics,01/01/0001,,2,20000,2,0,0,E8,100,,,,,,,,,,,,
2507,8050cb81-30bf-47a6-4b0f-a892199e19c8,TCI #1 2023 AGE Interclub Trampoline Championships,,DMT,11-12 Years Male,Qualification,1,,5,TRUE,2,60600,0,99,0,,1,0,Patrick,Harrison,Christchurch School of Gymnastics,01/01/0001,,2,20000,2,0,0,E∑,188,6,6,0,0,0,0,0,0,0,0,0,0
2508,8050cb81-30bf-47a6-4b0f-a892199e19c8,TCI #1 2023 AGE Interclub Trampoline Championships,,DMT,11-12 Years Male,Qualification,1,,5,TRUE,2,60600,0,99,0,,1,0,Patrick,Harrison,Christchurch School of Gymnastics,01/01/0001,,2,20000,2,0,0,T,0,,,,,,,,,,,,
2509,8050cb81-30bf-47a6-4b0f-a892199e19c8,TCI #1 2023 AGE Interclub Trampoline Championships,,DMT,11-12 Years Male,Qualification,1,,5,TRUE,2,60600,0,99,0,,1,0,Patrick,Harrison,Christchurch School of Gymnastics,01/01/0001,,2,20000,2,0,0,D,12,0,,,,,,,,,,,
2510,8050cb81-30bf-47a6-4b0f-a892199e19c8,TCI #1 2023 AGE Interclub Trampoline Championships,,DMT,11-12 Years Male,Qualification,1,,5,TRUE,2,60600,0,99,0,,1,0,Patrick,Harrison,Christchurch School of Gymnastics,01/01/0001,,2,20000,2,0,0,H,0,0,0,,,,,,,,,,
2511,8050cb81-30bf-47a6-4b0f-a892199e19c8,TCI #1 2023 AGE Interclub Trampoline Championships,,DMT,11-12 Years Male,Qualification,1,,5,TRUE,2,60600,0,99,0,,1,0,Patrick,Harrison,Christchurch School of Gymnastics,01/01/0001,,3,20400,2,0,0,E1,95,2,3,,,,,,,,,0,0
2512,8050cb81-30bf-47a6-4b0f-a892199e19c8,TCI #1 2023 AGE Interclub Trampoline Championships,,DMT,11-12 Years Male,Qualification,1,,5,TRUE,2,60600,0,99,0,,1,0,Patrick,Harrison,Christchurch School of Gymnastics,01/01/0001,,3,20400,2,0,0,E2,97,1,2,,,,,,,,,0,0
2513,8050cb81-30bf-47a6-4b0f-a892199e19c8,TCI #1 2023 AGE Interclub Trampoline Championships,,DMT,11-12 Years Male,Qualification,1,,5,TRUE,2,60600,0,99,0,,1,0,Patrick,Harrison,Christchurch School of Gymnastics,01/01/0001,,3,20400,2,0,0,E3,98,1,1,,,,,,,,,0,0
2514,8050cb81-30bf-47a6-4b0f-a892199e19c8,TCI #1 2023 AGE Interclub Trampoline Championships,,DMT,11-12 Years Male,Qualification,1,,5,TRUE,2,60600,0,99,0,,1,0,Patrick,Harrison,Christchurch School of Gymnastics,01/01/0001,,3,20400,2,0,0,E4,100,,,,,,,,,,,,
2515,8050cb81-30bf-47a6-4b0f-a892199e19c8,TCI #1 2023 AGE Interclub Trampoline Championships,,DMT,11-12 Years Male,Qualification,1,,5,TRUE,2,60600,0,99,0,,1,0,Patrick,Harrison,Christchurch School of Gymnastics,01/01/0001,,3,20400,2,0,0,E5,100,,,,,,,,,,,,
2516,8050cb81-30bf-47a6-4b0f-a892199e19c8,TCI #1 2023 AGE Interclub Trampoline Championships,,DMT,11-12 Years Male,Qualification,1,,5,TRUE,2,60600,0,99,0,,1,0,Patrick,Harrison,Christchurch School of Gymnastics,01/01/0001,,3,20400,2,0,0,E8,100,,,,,,,,,,,,
2517,8050cb81-30bf-47a6-4b0f-a892199e19c8,TCI #1 2023 AGE Interclub Trampoline Championships,,DMT,11-12 Years Male,Qualification,1,,5,TRUE,2,60600,0,99,0,,1,0,Patrick,Harrison,Christchurch School of Gymnastics,01/01/0001,,3,20400,2,0,0,E∑,195,2,3,0,0,0,0,0,0,0,0,0,0
2518,8050cb81-30bf-47a6-4b0f-a892199e19c8,TCI #1 2023 AGE Interclub Trampoline Championships,,DMT,11-12 Years Male,Qualification,1,,5,TRUE,2,60600,0,99,0,,1,0,Patrick,Harrison,Christchurch School of Gymnastics,01/01/0001,,3,20400,2,0,0,T,0,,,,,,,,,,,,
2519,8050cb81-30bf-47a6-4b0f-a892199e19c8,TCI #1 2023 AGE Interclub Trampoline Championships,,DMT,11-12 Years Male,Qualification,1,,5,TRUE,2,60600,0,99,0,,1,0,Patrick,Harrison,Christchurch School of Gymnastics,01/01/0001,,3,20400,2,0,0,D,9,0,,,,,,,,,,,
2520,8050cb81-30bf-47a6-4b0f-a892199e19c8,TCI #1 2023 AGE Interclub Trampoline Championships,,DMT,11-12 Years Male,Qualification,1,,5,TRUE,2,60600,0,99,0,,1,0,Patrick,Harrison,Christchurch School of Gymnastics,01/01/0001,,3,20400,2,0,0,H,0,0,0,,,,,,,,,,
2521,8050cb81-30bf-47a6-4b0f-a892199e19c8,TCI #1 2023 AGE Interclub Trampoline Championships,,DMT,11-12 Years Male,Qualification,1,,6,TRUE,1,62400,0,99,0,,1,0,Peawini,Noah,Christchurch School of Gymnastics,01/01/0001,,1,21100,2,0,0,E1,96,2,2,,,,,,,,,0,0
2522,8050cb81-30bf-47a6-4b0f-a892199e19c8,TCI #1 2023 AGE Interclub Trampoline Championships,,DMT,11-12 Years Male,Qualification,1,,6,TRUE,1,62400,0,99,0,,1,0,Peawini,Noah,Christchurch School of Gymnastics,01/01/0001,,1,21100,2,0,0,E2,98,1,1,,,,,,,,,0,0
2523,8050cb81-30bf-47a6-4b0f-a892199e19c8,TCI #1 2023 AGE Interclub Trampoline Championships,,DMT,11-12 Years Male,Qualification,1,,6,TRUE,1,62400,0,99,0,,1,0,Peawini,Noah,Christchurch School of Gymnastics,01/01/0001,,1,21100,2,0,0,E3,95,2,3,,,,,,,,,0,0
2524,8050cb81-30bf-47a6-4b0f-a892199e19c8,TCI #1 2023 AGE Interclub Trampoline Championships,,DMT,11-12 Years Male,Qualification,1,,6,TRUE,1,62400,0,99,0,,1,0,Peawini,Noah,Christchurch School of Gymnastics,01/01/0001,,1,21100,2,0,0,E4,100,,,,,,,,,,,,
2525,8050cb81-30bf-47a6-4b0f-a892199e19c8,TCI #1 2023 AGE Interclub Trampoline Championships,,DMT,11-12 Years Male,Qualification,1,,6,TRUE,1,62400,0,99,0,,1,0,Peawini,Noah,Christchurch School of Gymnastics,01/01/0001,,1,21100,2,0,0,E5,100,,,,,,,,,,,,
2526,8050cb81-30bf-47a6-4b0f-a892199e19c8,TCI #1 2023 AGE Interclub Trampoline Championships,,DMT,11-12 Years Male,Qualification,1,,6,TRUE,1,62400,0,99,0,,1,0,Peawini,Noah,Christchurch School of Gymnastics,01/01/0001,,1,21100,2,0,0,E8,100,,,,,,,,,,,,
2527,8050cb81-30bf-47a6-4b0f-a892199e19c8,TCI #1 2023 AGE Interclub Trampoline Championships,,DMT,11-12 Years Male,Qualification,1,,6,TRUE,1,62400,0,99,0,,1,0,Peawini,Noah,Christchurch School of Gymnastics,01/01/0001,,1,21100,2,0,0,E∑,194,3,3,0,0,0,0,0,0,0,0,0,0
2528,8050cb81-30bf-47a6-4b0f-a892199e19c8,TCI #1 2023 AGE Interclub Trampoline Championships,,DMT,11-12 Years Male,Qualification,1,,6,TRUE,1,62400,0,99,0,,1,0,Peawini,Noah,Christchurch School of Gymnastics,01/01/0001,,1,21100,2,0,0,T,0,,,,,,,,,,,,
2529,8050cb81-30bf-47a6-4b0f-a892199e19c8,TCI #1 2023 AGE Interclub Trampoline Championships,,DMT,11-12 Years Male,Qualification,1,,6,TRUE,1,62400,0,99,0,,1,0,Peawini,Noah,Christchurch School of Gymnastics,01/01/0001,,1,21100,2,0,0,D,17,0,,,,,,,,,,,
2530,8050cb81-30bf-47a6-4b0f-a892199e19c8,TCI #1 2023 AGE Interclub Trampoline Championships,,DMT,11-12 Years Male,Qualification,1,,6,TRUE,1,62400,0,99,0,,1,0,Peawini,Noah,Christchurch School of Gymnastics,01/01/0001,,1,21100,2,0,0,H,0,0,0,,,,,,,,,,
2531,8050cb81-30bf-47a6-4b0f-a892199e19c8,TCI #1 2023 AGE Interclub Trampoline Championships,,DMT,11-12 Years Male,Qualification,1,,6,TRUE,1,62400,0,99,0,,1,0,Peawini,Noah,Christchurch School of Gymnastics,01/01/0001,,2,20800,2,0,0,E1,94,3,2,,,,,,,,,1,0
2532,8050cb81-30bf-47a6-4b0f-a892199e19c8,TCI #1 2023 AGE Interclub Trampoline Championships,,DMT,11-12 Years Male,Qualification,1,,6,TRUE,1,62400,0,99,0,,1,0,Peawini,Noah,Christchurch School of Gymnastics,01/01/0001,,2,20800,2,0,0,E2,96,2,2,,,,,,,,,0,0
2533,8050cb81-30bf-47a6-4b0f-a892199e19c8,TCI #1 2023 AGE Interclub Trampoline Championships,,DMT,11-12 Years Male,Qualification,1,,6,TRUE,1,62400,0,99,0,,1,0,Peawini,Noah,Christchurch School of Gymnastics,01/01/0001,,2,20800,2,0,0,E3,96,2,1,,,,,,,,,1,0
2534,8050cb81-30bf-47a6-4b0f-a892199e19c8,TCI #1 2023 AGE Interclub Trampoline Championships,,DMT,11-12 Years Male,Qualification,1,,6,TRUE,1,62400,0,99,0,,1,0,Peawini,Noah,Christchurch School of Gymnastics,01/01/0001,,2,20800,2,0,0,E4,100,,,,,,,,,,,,
2535,8050cb81-30bf-47a6-4b0f-a892199e19c8,TCI #1 2023 AGE Interclub Trampoline Championships,,DMT,11-12 Years Male,Qualification,1,,6,TRUE,1,62400,0,99,0,,1,0,Peawini,Noah,Christchurch School of Gymnastics,01/01/0001,,2,20800,2,0,0,E5,100,,,,,,,,,,,,
2536,8050cb81-30bf-47a6-4b0f-a892199e19c8,TCI #1 2023 AGE Interclub Trampoline Championships,,DMT,11-12 Years Male,Qualification,1,,6,TRUE,1,62400,0,99,0,,1,0,Peawini,Noah,Christchurch School of Gymnastics,01/01/0001,,2,20800,2,0,0,E8,100,,,,,,,,,,,,
2537,8050cb81-30bf-47a6-4b0f-a892199e19c8,TCI #1 2023 AGE Interclub Trampoline Championships,,DMT,11-12 Years Male,Qualification,1,,6,TRUE,1,62400,0,99,0,,1,0,Peawini,Noah,Christchurch School of Gymnastics,01/01/0001,,2,20800,2,0,0,E∑,192,4,3,0,0,0,0,0,0,0,0,1,0
2538,8050cb81-30bf-47a6-4b0f-a892199e19c8,TCI #1 2023 AGE Interclub Trampoline Championships,,DMT,11-12 Years Male,Qualification,1,,6,TRUE,1,62400,0,99,0,,1,0,Peawini,Noah,Christchurch School of Gymnastics,01/01/0001,,2,20800,2,0,0,T,0,,,,,,,,,,,,
2539,8050cb81-30bf-47a6-4b0f-a892199e19c8,TCI #1 2023 AGE Interclub Trampoline Championships,,DMT,11-12 Years Male,Qualification,1,,6,TRUE,1,62400,0,99,0,,1,0,Peawini,Noah,Christchurch School of Gymnastics,01/01/0001,,2,20800,2,0,0,D,16,0,,,,,,,,,,,
2540,8050cb81-30bf-47a6-4b0f-a892199e19c8,TCI #1 2023 AGE Interclub Trampoline Championships,,DMT,11-12 Years Male,Qualification,1,,6,TRUE,1,62400,0,99,0,,1,0,Peawini,Noah,Christchurch School of Gymnastics,01/01/0001,,2,20800,2,0,0,H,0,0,0,,,,,,,,,,
2541,8050cb81-30bf-47a6-4b0f-a892199e19c8,TCI #1 2023 AGE Interclub Trampoline Championships,,DMT,11-12 Years Male,Qualification,1,,6,TRUE,1,62400,0,99,0,,1,0,Peawini,Noah,Christchurch School of Gymnastics,01/01/0001,,3,20500,2,0,0,E1,95,2,3,,,,,,,,,0,0
2542,8050cb81-30bf-47a6-4b0f-a892199e19c8,TCI #1 2023 AGE Interclub Trampoline Championships,,DMT,11-12 Years Male,Qualification,1,,6,TRUE,1,62400,0,99,0,,1,0,Peawini,Noah,Christchurch School of Gymnastics,01/01/0001,,3,20500,2,0,0,E2,96,2,2,,,,,,,,,0,0
2543,8050cb81-30bf-47a6-4b0f-a892199e19c8,TCI #1 2023 AGE Interclub Trampoline Championships,,DMT,11-12 Years Male,Qualification,1,,6,TRUE,1,62400,0,99,0,,1,0,Peawini,Noah,Christchurch School of Gymnastics,01/01/0001,,3,20500,2,0,0,E3,95,3,2,,,,,,,,,0,0
2544,8050cb81-30bf-47a6-4b0f-a892199e19c8,TCI #1 2023 AGE Interclub Trampoline Championships,,DMT,11-12 Years Male,Qualification,1,,6,TRUE,1,62400,0,99,0,,1,0,Peawini,Noah,Christchurch School of Gymnastics,01/01/0001,,3,20500,2,0,0,E4,100,,,,,,,,,,,,
2545,8050cb81-30bf-47a6-4b0f-a892199e19c8,TCI #1 2023 AGE Interclub Trampoline Championships,,DMT,11-12 Years Male,Qualification,1,,6,TRUE,1,62400,0,99,0,,1,0,Peawini,Noah,Christchurch School of Gymnastics,01/01/0001,,3,20500,2,0,0,E5,100,,,,,,,,,,,,
2546,8050cb81-30bf-47a6-4b0f-a892199e19c8,TCI #1 2023 AGE Interclub Trampoline Championships,,DMT,11-12 Years Male,Qualification,1,,6,TRUE,1,62400,0,99,0,,1,0,Peawini,Noah,Christchurch School of Gymnastics,01/01/0001,,3,20500,2,0,0,E8,100,,,,,,,,,,,,
2547,8050cb81-30bf-47a6-4b0f-a892199e19c8,TCI #1 2023 AGE Interclub Trampoline Championships,,DMT,11-12 Years Male,Qualification,1,,6,TRUE,1,62400,0,99,0,,1,0,Peawini,Noah,Christchurch School of Gymnastics,01/01/0001,,3,20500,2,0,0,E∑,192,4,4,0,0,0,0,0,0,0,0,0,0
2548,8050cb81-30bf-47a6-4b0f-a892199e19c8,TCI #1 2023 AGE Interclub Trampoline Championships,,DMT,11-12 Years Male,Qualification,1,,6,TRUE,1,62400,0,99,0,,1,0,Peawini,Noah,Christchurch School of Gymnastics,01/01/0001,,3,20500,2,0,0,T,0,,,,,,,,,,,,
2549,8050cb81-30bf-47a6-4b0f-a892199e19c8,TCI #1 2023 AGE Interclub Trampoline Championships,,DMT,11-12 Years Male,Qualification,1,,6,TRUE,1,62400,0,99,0,,1,0,Peawini,Noah,Christchurch School of Gymnastics,01/01/0001,,3,20500,2,0,0,D,13,0,,,,,,,,,,,
2550,8050cb81-30bf-47a6-4b0f-a892199e19c8,TCI #1 2023 AGE Interclub Trampoline Championships,,DMT,11-12 Years Male,Qualification,1,,6,TRUE,1,62400,0,99,0,,1,0,Peawini,Noah,Christchurch School of Gymnastics,01/01/0001,,3,20500,2,0,0,H,0,0,0,,,,,,,,,,
2551,8050cb81-30bf-47a6-4b0f-a892199e19c8,TCI #1 2023 AGE Interclub Trampoline Championships,,DMT,11-12 Years Male,Qualification,1,,7,TRUE,6,59000,0,99,0,,1,0,Milne,Nate,Christchurch School of Gymnastics,01/01/0001,,1,20400,2,0,0,E1,94,3,2,,,,,,,,,1,0
2552,8050cb81-30bf-47a6-4b0f-a892199e19c8,TCI #1 2023 AGE Interclub Trampoline Championships,,DMT,11-12 Years Male,Qualification,1,,7,TRUE,6,59000,0,99,0,,1,0,Milne,Nate,Christchurch School of Gymnastics,01/01/0001,,1,20400,2,0,0,E2,96,3,1,,,,,,,,,0,0
2553,8050cb81-30bf-47a6-4b0f-a892199e19c8,TCI #1 2023 AGE Interclub Trampoline Championships,,DMT,11-12 Years Male,Qualification,1,,7,TRUE,6,59000,0,99,0,,1,0,Milne,Nate,Christchurch School of Gymnastics,01/01/0001,,1,20400,2,0,0,E3,95,2,3,,,,,,,,,0,0
2554,8050cb81-30bf-47a6-4b0f-a892199e19c8,TCI #1 2023 AGE Interclub Trampoline Championships,,DMT,11-12 Years Male,Qualification,1,,7,TRUE,6,59000,0,99,0,,1,0,Milne,Nate,Christchurch School of Gymnastics,01/01/0001,,1,20400,2,0,0,E4,100,,,,,,,,,,,,
2555,8050cb81-30bf-47a6-4b0f-a892199e19c8,TCI #1 2023 AGE Interclub Trampoline Championships,,DMT,11-12 Years Male,Qualification,1,,7,TRUE,6,59000,0,99,0,,1,0,Milne,Nate,Christchurch School of Gymnastics,01/01/0001,,1,20400,2,0,0,E5,100,,,,,,,,,,,,
2556,8050cb81-30bf-47a6-4b0f-a892199e19c8,TCI #1 2023 AGE Interclub Trampoline Championships,,DMT,11-12 Years Male,Qualification,1,,7,TRUE,6,59000,0,99,0,,1,0,Milne,Nate,Christchurch School of Gymnastics,01/01/0001,,1,20400,2,0,0,E8,100,,,,,,,,,,,,
2557,8050cb81-30bf-47a6-4b0f-a892199e19c8,TCI #1 2023 AGE Interclub Trampoline Championships,,DMT,11-12 Years Male,Qualification,1,,7,TRUE,6,59000,0,99,0,,1,0,Milne,Nate,Christchurch School of Gymnastics,01/01/0001,,1,20400,2,0,0,E∑,192,5,3,0,0,0,0,0,0,0,0,0,0
2558,8050cb81-30bf-47a6-4b0f-a892199e19c8,TCI #1 2023 AGE Interclub Trampoline Championships,,DMT,11-12 Years Male,Qualification,1,,7,TRUE,6,59000,0,99,0,,1,0,Milne,Nate,Christchurch School of Gymnastics,01/01/0001,,1,20400,2,0,0,T,0,,,,,,,,,,,,
2559,8050cb81-30bf-47a6-4b0f-a892199e19c8,TCI #1 2023 AGE Interclub Trampoline Championships,,DMT,11-12 Years Male,Qualification,1,,7,TRUE,6,59000,0,99,0,,1,0,Milne,Nate,Christchurch School of Gymnastics,01/01/0001,,1,20400,2,0,0,D,12,0,,,,,,,,,,,
2560,8050cb81-30bf-47a6-4b0f-a892199e19c8,TCI #1 2023 AGE Interclub Trampoline Championships,,DMT,11-12 Years Male,Qualification,1,,7,TRUE,6,59000,0,99,0,,1,0,Milne,Nate,Christchurch School of Gymnastics,01/01/0001,,1,20400,2,0,0,H,0,0,0,,,,,,,,,,
2561,8050cb81-30bf-47a6-4b0f-a892199e19c8,TCI #1 2023 AGE Interclub Trampoline Championships,,DMT,11-12 Years Male,Qualification,1,,7,TRUE,6,59000,0,99,0,,1,0,Milne,Nate,Christchurch School of Gymnastics,01/01/0001,,2,19300,2,0,6,E1,96,2,2,,,,,,,,,0,0
2562,8050cb81-30bf-47a6-4b0f-a892199e19c8,TCI #1 2023 AGE Interclub Trampoline Championships,,DMT,11-12 Years Male,Qualification,1,,7,TRUE,6,59000,0,99,0,,1,0,Milne,Nate,Christchurch School of Gymnastics,01/01/0001,,2,19300,2,0,6,E2,96,2,2,,,,,,,,,0,0
2563,8050cb81-30bf-47a6-4b0f-a892199e19c8,TCI #1 2023 AGE Interclub Trampoline Championships,,DMT,11-12 Years Male,Qualification,1,,7,TRUE,6,59000,0,99,0,,1,0,Milne,Nate,Christchurch School of Gymnastics,01/01/0001,,2,19300,2,0,6,E3,96,2,2,,,,,,,,,0,0
2564,8050cb81-30bf-47a6-4b0f-a892199e19c8,TCI #1 2023 AGE Interclub Trampoline Championships,,DMT,11-12 Years Male,Qualification,1,,7,TRUE,6,59000,0,99,0,,1,0,Milne,Nate,Christchurch School of Gymnastics,01/01/0001,,2,19300,2,0,6,E4,100,,,,,,,,,,,,
2565,8050cb81-30bf-47a6-4b0f-a892199e19c8,TCI #1 2023 AGE Interclub Trampoline Championships,,DMT,11-12 Years Male,Qualification,1,,7,TRUE,6,59000,0,99,0,,1,0,Milne,Nate,Christchurch School of Gymnastics,01/01/0001,,2,19300,2,0,6,E5,100,,,,,,,,,,,,
2566,8050cb81-30bf-47a6-4b0f-a892199e19c8,TCI #1 2023 AGE Interclub Trampoline Championships,,DMT,11-12 Years Male,Qualification,1,,7,TRUE,6,59000,0,99,0,,1,0,Milne,Nate,Christchurch School of Gymnastics,01/01/0001,,2,19300,2,0,6,E8,100,,,,,,,,,,,,
2567,8050cb81-30bf-47a6-4b0f-a892199e19c8,TCI #1 2023 AGE Interclub Trampoline Championships,,DMT,11-12 Years Male,Qualification,1,,7,TRUE,6,59000,0,99,0,,1,0,Milne,Nate,Christchurch School of Gymnastics,01/01/0001,,2,19300,2,0,6,E∑,192,4,4,0,0,0,0,0,0,0,0,0,0
2568,8050cb81-30bf-47a6-4b0f-a892199e19c8,TCI #1 2023 AGE Interclub Trampoline Championships,,DMT,11-12 Years Male,Qualification,1,,7,TRUE,6,59000,0,99,0,,1,0,Milne,Nate,Christchurch School of Gymnastics,01/01/0001,,2,19300,2,0,6,T,0,,,,,,,,,,,,
2569,8050cb81-30bf-47a6-4b0f-a892199e19c8,TCI #1 2023 AGE Interclub Trampoline Championships,,DMT,11-12 Years Male,Qualification,1,,7,TRUE,6,59000,0,99,0,,1,0,Milne,Nate,Christchurch School of Gymnastics,01/01/0001,,2,19300,2,0,6,D,7,0,,,,,,,,,,,
2570,8050cb81-30bf-47a6-4b0f-a892199e19c8,TCI #1 2023 AGE Interclub Trampoline Championships,,DMT,11-12 Years Male,Qualification,1,,7,TRUE,6,59000,0,99,0,,1,0,Milne,Nate,Christchurch School of Gymnastics,01/01/0001,,2,19300,2,0,6,H,0,0,0,,,,,,,,,,
2571,8050cb81-30bf-47a6-4b0f-a892199e19c8,TCI #1 2023 AGE Interclub Trampoline Championships,,DMT,11-12 Years Male,Qualification,1,,7,TRUE,6,59000,0,99,0,,1,0,Milne,Nate,Christchurch School of Gymnastics,01/01/0001,,3,19300,2,0,6,E1,93,3,3,,,,,,,,,1,0
2572,8050cb81-30bf-47a6-4b0f-a892199e19c8,TCI #1 2023 AGE Interclub Trampoline Championships,,DMT,11-12 Years Male,Qualification,1,,7,TRUE,6,59000,0,99,0,,1,0,Milne,Nate,Christchurch School of Gymnastics,01/01/0001,,3,19300,2,0,6,E2,93,3,3,,,,,,,,,1,0
2573,8050cb81-30bf-47a6-4b0f-a892199e19c8,TCI #1 2023 AGE Interclub Trampoline Championships,,DMT,11-12 Years Male,Qualification,1,,7,TRUE,6,59000,0,99,0,,1,0,Milne,Nate,Christchurch School of Gymnastics,01/01/0001,,3,19300,2,0,6,E3,92,3,3,,,,,,,,,2,0
2574,8050cb81-30bf-47a6-4b0f-a892199e19c8,TCI #1 2023 AGE Interclub Trampoline Championships,,DMT,11-12 Years Male,Qualification,1,,7,TRUE,6,59000,0,99,0,,1,0,Milne,Nate,Christchurch School of Gymnastics,01/01/0001,,3,19300,2,0,6,E4,100,,,,,,,,,,,,
2575,8050cb81-30bf-47a6-4b0f-a892199e19c8,TCI #1 2023 AGE Interclub Trampoline Championships,,DMT,11-12 Years Male,Qualification,1,,7,TRUE,6,59000,0,99,0,,1,0,Milne,Nate,Christchurch School of Gymnastics,01/01/0001,,3,19300,2,0,6,E5,100,,,,,,,,,,,,
2576,8050cb81-30bf-47a6-4b0f-a892199e19c8,TCI #1 2023 AGE Interclub Trampoline Championships,,DMT,11-12 Years Male,Qualification,1,,7,TRUE,6,59000,0,99,0,,1,0,Milne,Nate,Christchurch School of Gymnastics,01/01/0001,,3,19300,2,0,6,E8,100,,,,,,,,,,,,
2577,8050cb81-30bf-47a6-4b0f-a892199e19c8,TCI #1 2023 AGE Interclub Trampoline Championships,,DMT,11-12 Years Male,Qualification,1,,7,TRUE,6,59000,0,99,0,,1,0,Milne,Nate,Christchurch School of Gymnastics,01/01/0001,,3,19300,2,0,6,E∑,186,6,6,0,0,0,0,0,0,0,0,2,0
2578,8050cb81-30bf-47a6-4b0f-a892199e19c8,TCI #1 2023 AGE Interclub Trampoline Championships,,DMT,11-12 Years Male,Qualification,1,,7,TRUE,6,59000,0,99,0,,1,0,Milne,Nate,Christchurch School of Gymnastics,01/01/0001,,3,19300,2,0,6,T,0,,,,,,,,,,,,
2579,8050cb81-30bf-47a6-4b0f-a892199e19c8,TCI #1 2023 AGE Interclub Trampoline Championships,,DMT,11-12 Years Male,Qualification,1,,7,TRUE,6,59000,0,99,0,,1,0,Milne,Nate,Christchurch School of Gymnastics,01/01/0001,,3,19300,2,0,6,D,13,0,,,,,,,,,,,
2580,8050cb81-30bf-47a6-4b0f-a892199e19c8,TCI #1 2023 AGE Interclub Trampoline Championships,,DMT,11-12 Years Male,Qualification,1,,7,TRUE,6,59000,0,99,0,,1,0,Milne,Nate,Christchurch School of Gymnastics,01/01/0001,,3,19300,2,0,6,H,0,0,0,,,,,,,,,,
2581,8050cb81-30bf-47a6-4b0f-a892199e19c8,TCI #1 2023 AGE Interclub Trampoline Championships,,DMT,15-16 Years Female,Qualification,1,,1,TRUE,1,60700,0,99,0,,1,0,Penney,Jessica,ICE Gymsports North Canterbury,01/01/0001,,1,20100,2,0,6,E1,94,2,3,,,,,,,,,1,0
2582,8050cb81-30bf-47a6-4b0f-a892199e19c8,TCI #1 2023 AGE Interclub Trampoline Championships,,DMT,15-16 Years Female,Qualification,1,,1,TRUE,1,60700,0,99,0,,1,0,Penney,Jessica,ICE Gymsports North Canterbury,01/01/0001,,1,20100,2,0,6,E2,95,2,2,,,,,,,,,1,0
2583,8050cb81-30bf-47a6-4b0f-a892199e19c8,TCI #1 2023 AGE Interclub Trampoline Championships,,DMT,15-16 Years Female,Qualification,1,,1,TRUE,1,60700,0,99,0,,1,0,Penney,Jessica,ICE Gymsports North Canterbury,01/01/0001,,1,20100,2,0,6,E3,93,2,3,,,,,,,,,2,0
2584,8050cb81-30bf-47a6-4b0f-a892199e19c8,TCI #1 2023 AGE Interclub Trampoline Championships,,DMT,15-16 Years Female,Qualification,1,,1,TRUE,1,60700,0,99,0,,1,0,Penney,Jessica,ICE Gymsports North Canterbury,01/01/0001,,1,20100,2,0,6,E4,100,,,,,,,,,,,,
2585,8050cb81-30bf-47a6-4b0f-a892199e19c8,TCI #1 2023 AGE Interclub Trampoline Championships,,DMT,15-16 Years Female,Qualification,1,,1,TRUE,1,60700,0,99,0,,1,0,Penney,Jessica,ICE Gymsports North Canterbury,01/01/0001,,1,20100,2,0,6,E5,100,,,,,,,,,,,,
2586,8050cb81-30bf-47a6-4b0f-a892199e19c8,TCI #1 2023 AGE Interclub Trampoline Championships,,DMT,15-16 Years Female,Qualification,1,,1,TRUE,1,60700,0,99,0,,1,0,Penney,Jessica,ICE Gymsports North Canterbury,01/01/0001,,1,20100,2,0,6,E8,100,,,,,,,,,,,,
2587,8050cb81-30bf-47a6-4b0f-a892199e19c8,TCI #1 2023 AGE Interclub Trampoline Championships,,DMT,15-16 Years Female,Qualification,1,,1,TRUE,1,60700,0,99,0,,1,0,Penney,Jessica,ICE Gymsports North Canterbury,01/01/0001,,1,20100,2,0,6,E∑,189,4,5,0,0,0,0,0,0,0,0,2,0
2588,8050cb81-30bf-47a6-4b0f-a892199e19c8,TCI #1 2023 AGE Interclub Trampoline Championships,,DMT,15-16 Years Female,Qualification,1,,1,TRUE,1,60700,0,99,0,,1,0,Penney,Jessica,ICE Gymsports North Canterbury,01/01/0001,,1,20100,2,0,6,T,0,,,,,,,,,,,,
2589,8050cb81-30bf-47a6-4b0f-a892199e19c8,TCI #1 2023 AGE Interclub Trampoline Championships,,DMT,15-16 Years Female,Qualification,1,,1,TRUE,1,60700,0,99,0,,1,0,Penney,Jessica,ICE Gymsports North Canterbury,01/01/0001,,1,20100,2,0,6,D,18,0,,,,,,,,,,,
2590,8050cb81-30bf-47a6-4b0f-a892199e19c8,TCI #1 2023 AGE Interclub Trampoline Championships,,DMT,15-16 Years Female,Qualification,1,,1,TRUE,1,60700,0,99,0,,1,0,Penney,Jessica,ICE Gymsports North Canterbury,01/01/0001,,1,20100,2,0,6,H,0,0,0,,,,,,,,,,
2591,8050cb81-30bf-47a6-4b0f-a892199e19c8,TCI #1 2023 AGE Interclub Trampoline Championships,,DMT,15-16 Years Female,Qualification,1,,1,TRUE,1,60700,0,99,0,,1,0,Penney,Jessica,ICE Gymsports North Canterbury,01/01/0001,,2,20800,2,0,0,E1,96,2,2,,,,,,,,,0,0
2592,8050cb81-30bf-47a6-4b0f-a892199e19c8,TCI #1 2023 AGE Interclub Trampoline Championships,,DMT,15-16 Years Female,Qualification,1,,1,TRUE,1,60700,0,99,0,,1,0,Penney,Jessica,ICE Gymsports North Canterbury,01/01/0001,,2,20800,2,0,0,E2,96,2,2,,,,,,,,,0,0
2593,8050cb81-30bf-47a6-4b0f-a892199e19c8,TCI #1 2023 AGE Interclub Trampoline Championships,,DMT,15-16 Years Female,Qualification,1,,1,TRUE,1,60700,0,99,0,,1,0,Penney,Jessica,ICE Gymsports North Canterbury,01/01/0001,,2,20800,2,0,0,E3,95,3,2,,,,,,,,,0,0
2594,8050cb81-30bf-47a6-4b0f-a892199e19c8,TCI #1 2023 AGE Interclub Trampoline Championships,,DMT,15-16 Years Female,Qualification,1,,1,TRUE,1,60700,0,99,0,,1,0,Penney,Jessica,ICE Gymsports North Canterbury,01/01/0001,,2,20800,2,0,0,E4,100,,,,,,,,,,,,
2595,8050cb81-30bf-47a6-4b0f-a892199e19c8,TCI #1 2023 AGE Interclub Trampoline Championships,,DMT,15-16 Years Female,Qualification,1,,1,TRUE,1,60700,0,99,0,,1,0,Penney,Jessica,ICE Gymsports North Canterbury,01/01/0001,,2,20800,2,0,0,E5,100,,,,,,,,,,,,
2596,8050cb81-30bf-47a6-4b0f-a892199e19c8,TCI #1 2023 AGE Interclub Trampoline Championships,,DMT,15-16 Years Female,Qualification,1,,1,TRUE,1,60700,0,99,0,,1,0,Penney,Jessica,ICE Gymsports North Canterbury,01/01/0001,,2,20800,2,0,0,E8,100,,,,,,,,,,,,
2597,8050cb81-30bf-47a6-4b0f-a892199e19c8,TCI #1 2023 AGE Interclub Trampoline Championships,,DMT,15-16 Years Female,Qualification,1,,1,TRUE,1,60700,0,99,0,,1,0,Penney,Jessica,ICE Gymsports North Canterbury,01/01/0001,,2,20800,2,0,0,E∑,192,4,4,0,0,0,0,0,0,0,0,0,0
2598,8050cb81-30bf-47a6-4b0f-a892199e19c8,TCI #1 2023 AGE Interclub Trampoline Championships,,DMT,15-16 Years Female,Qualification,1,,1,TRUE,1,60700,0,99,0,,1,0,Penney,Jessica,ICE Gymsports North Canterbury,01/01/0001,,2,20800,2,0,0,T,0,,,,,,,,,,,,
2599,8050cb81-30bf-47a6-4b0f-a892199e19c8,TCI #1 2023 AGE Interclub Trampoline Championships,,DMT,15-16 Years Female,Qualification,1,,1,TRUE,1,60700,0,99,0,,1,0,Penney,Jessica,ICE Gymsports North Canterbury,01/01/0001,,2,20800,2,0,0,D,16,0,,,,,,,,,,,
2600,8050cb81-30bf-47a6-4b0f-a892199e19c8,TCI #1 2023 AGE Interclub Trampoline Championships,,DMT,15-16 Years Female,Qualification,1,,1,TRUE,1,60700,0,99,0,,1,0,Penney,Jessica,ICE Gymsports North Canterbury,01/01/0001,,2,20800,2,0,0,H,0,0,0,,,,,,,,,,
2601,8050cb81-30bf-47a6-4b0f-a892199e19c8,TCI #1 2023 AGE Interclub Trampoline Championships,,DMT,15-16 Years Female,Qualification,1,,1,TRUE,1,60700,0,99,0,,1,0,Penney,Jessica,ICE Gymsports North Canterbury,01/01/0001,,3,19800,2,0,6,E1,96,2,2,,,,,,,,,0,0
2602,8050cb81-30bf-47a6-4b0f-a892199e19c8,TCI #1 2023 AGE Interclub Trampoline Championships,,DMT,15-16 Years Female,Qualification,1,,1,TRUE,1,60700,0,99,0,,1,0,Penney,Jessica,ICE Gymsports North Canterbury,01/01/0001,,3,19800,2,0,6,E2,95,3,2,,,,,,,,,0,0
2603,8050cb81-30bf-47a6-4b0f-a892199e19c8,TCI #1 2023 AGE Interclub Trampoline Championships,,DMT,15-16 Years Female,Qualification,1,,1,TRUE,1,60700,0,99,0,,1,0,Penney,Jessica,ICE Gymsports North Canterbury,01/01/0001,,3,19800,2,0,6,E3,95,3,2,,,,,,,,,0,0
2604,8050cb81-30bf-47a6-4b0f-a892199e19c8,TCI #1 2023 AGE Interclub Trampoline Championships,,DMT,15-16 Years Female,Qualification,1,,1,TRUE,1,60700,0,99,0,,1,0,Penney,Jessica,ICE Gymsports North Canterbury,01/01/0001,,3,19800,2,0,6,E4,100,,,,,,,,,,,,
2605,8050cb81-30bf-47a6-4b0f-a892199e19c8,TCI #1 2023 AGE Interclub Trampoline Championships,,DMT,15-16 Years Female,Qualification,1,,1,TRUE,1,60700,0,99,0,,1,0,Penney,Jessica,ICE Gymsports North Canterbury,01/01/0001,,3,19800,2,0,6,E5,100,,,,,,,,,,,,
2606,8050cb81-30bf-47a6-4b0f-a892199e19c8,TCI #1 2023 AGE Interclub Trampoline Championships,,DMT,15-16 Years Female,Qualification,1,,1,TRUE,1,60700,0,99,0,,1,0,Penney,Jessica,ICE Gymsports North Canterbury,01/01/0001,,3,19800,2,0,6,E8,100,,,,,,,,,,,,
2607,8050cb81-30bf-47a6-4b0f-a892199e19c8,TCI #1 2023 AGE Interclub Trampoline Championships,,DMT,15-16 Years Female,Qualification,1,,1,TRUE,1,60700,0,99,0,,1,0,Penney,Jessica,ICE Gymsports North Canterbury,01/01/0001,,3,19800,2,0,6,E∑,191,5,4,0,0,0,0,0,0,0,0,0,0
2608,8050cb81-30bf-47a6-4b0f-a892199e19c8,TCI #1 2023 AGE Interclub Trampoline Championships,,DMT,15-16 Years Female,Qualification,1,,1,TRUE,1,60700,0,99,0,,1,0,Penney,Jessica,ICE Gymsports North Canterbury,01/01/0001,,3,19800,2,0,6,T,0,,,,,,,,,,,,
2609,8050cb81-30bf-47a6-4b0f-a892199e19c8,TCI #1 2023 AGE Interclub Trampoline Championships,,DMT,15-16 Years Female,Qualification,1,,1,TRUE,1,60700,0,99,0,,1,0,Penney,Jessica,ICE Gymsports North Canterbury,01/01/0001,,3,19800,2,0,6,D,13,0,,,,,,,,,,,
2610,8050cb81-30bf-47a6-4b0f-a892199e19c8,TCI #1 2023 AGE Interclub Trampoline Championships,,DMT,15-16 Years Female,Qualification,1,,1,TRUE,1,60700,0,99,0,,1,0,Penney,Jessica,ICE Gymsports North Canterbury,01/01/0001,,3,19800,2,0,6,H,0,0,0,,,,,,,,,,
2611,8050cb81-30bf-47a6-4b0f-a892199e19c8,TCI #1 2023 AGE Interclub Trampoline Championships,,DMT,15-16 Years Female,Qualification,1,,2,TRUE,3,60000,0,99,0,,1,0,Glanville,Jamie,Dynamic Gymnastics Sports,01/01/0001,,1,20300,2,0,0,E1,96,2,2,,,,,,,,,0,0
2612,8050cb81-30bf-47a6-4b0f-a892199e19c8,TCI #1 2023 AGE Interclub Trampoline Championships,,DMT,15-16 Years Female,Qualification,1,,2,TRUE,3,60000,0,99,0,,1,0,Glanville,Jamie,Dynamic Gymnastics Sports,01/01/0001,,1,20300,2,0,0,E2,94,3,3,,,,,,,,,0,0
2613,8050cb81-30bf-47a6-4b0f-a892199e19c8,TCI #1 2023 AGE Interclub Trampoline Championships,,DMT,15-16 Years Female,Qualification,1,,2,TRUE,3,60000,0,99,0,,1,0,Glanville,Jamie,Dynamic Gymnastics Sports,01/01/0001,,1,20300,2,0,0,E3,95,3,2,,,,,,,,,0,0
2614,8050cb81-30bf-47a6-4b0f-a892199e19c8,TCI #1 2023 AGE Interclub Trampoline Championships,,DMT,15-16 Years Female,Qualification,1,,2,TRUE,3,60000,0,99,0,,1,0,Glanville,Jamie,Dynamic Gymnastics Sports,01/01/0001,,1,20300,2,0,0,E4,100,,,,,,,,,,,,
2615,8050cb81-30bf-47a6-4b0f-a892199e19c8,TCI #1 2023 AGE Interclub Trampoline Championships,,DMT,15-16 Years Female,Qualification,1,,2,TRUE,3,60000,0,99,0,,1,0,Glanville,Jamie,Dynamic Gymnastics Sports,01/01/0001,,1,20300,2,0,0,E5,100,,,,,,,,,,,,
2616,8050cb81-30bf-47a6-4b0f-a892199e19c8,TCI #1 2023 AGE Interclub Trampoline Championships,,DMT,15-16 Years Female,Qualification,1,,2,TRUE,3,60000,0,99,0,,1,0,Glanville,Jamie,Dynamic Gymnastics Sports,01/01/0001,,1,20300,2,0,0,E8,100,,,,,,,,,,,,
2617,8050cb81-30bf-47a6-4b0f-a892199e19c8,TCI #1 2023 AGE Interclub Trampoline Championships,,DMT,15-16 Years Female,Qualification,1,,2,TRUE,3,60000,0,99,0,,1,0,Glanville,Jamie,Dynamic Gymnastics Sports,01/01/0001,,1,20300,2,0,0,E∑,191,5,4,0,0,0,0,0,0,0,0,0,0
2618,8050cb81-30bf-47a6-4b0f-a892199e19c8,TCI #1 2023 AGE Interclub Trampoline Championships,,DMT,15-16 Years Female,Qualification,1,,2,TRUE,3,60000,0,99,0,,1,0,Glanville,Jamie,Dynamic Gymnastics Sports,01/01/0001,,1,20300,2,0,0,T,0,,,,,,,,,,,,
2619,8050cb81-30bf-47a6-4b0f-a892199e19c8,TCI #1 2023 AGE Interclub Trampoline Championships,,DMT,15-16 Years Female,Qualification,1,,2,TRUE,3,60000,0,99,0,,1,0,Glanville,Jamie,Dynamic Gymnastics Sports,01/01/0001,,1,20300,2,0,0,D,12,0,,,,,,,,,,,
2620,8050cb81-30bf-47a6-4b0f-a892199e19c8,TCI #1 2023 AGE Interclub Trampoline Championships,,DMT,15-16 Years Female,Qualification,1,,2,TRUE,3,60000,0,99,0,,1,0,Glanville,Jamie,Dynamic Gymnastics Sports,01/01/0001,,1,20300,2,0,0,H,0,0,0,,,,,,,,,,
2621,8050cb81-30bf-47a6-4b0f-a892199e19c8,TCI #1 2023 AGE Interclub Trampoline Championships,,DMT,15-16 Years Female,Qualification,1,,2,TRUE,3,60000,0,99,0,,1,0,Glanville,Jamie,Dynamic Gymnastics Sports,01/01/0001,,2,19700,2,0,0,E1,93,3,3,,,,,,,,,1,0
2622,8050cb81-30bf-47a6-4b0f-a892199e19c8,TCI #1 2023 AGE Interclub Trampoline Championships,,DMT,15-16 Years Female,Qualification,1,,2,TRUE,3,60000,0,99,0,,1,0,Glanville,Jamie,Dynamic Gymnastics Sports,01/01/0001,,2,19700,2,0,0,E2,92,3,3,,,,,,,,,2,0
2623,8050cb81-30bf-47a6-4b0f-a892199e19c8,TCI #1 2023 AGE Interclub Trampoline Championships,,DMT,15-16 Years Female,Qualification,1,,2,TRUE,3,60000,0,99,0,,1,0,Glanville,Jamie,Dynamic Gymnastics Sports,01/01/0001,,2,19700,2,0,0,E3,91,3,3,,,,,,,,,3,0
2624,8050cb81-30bf-47a6-4b0f-a892199e19c8,TCI #1 2023 AGE Interclub Trampoline Championships,,DMT,15-16 Years Female,Qualification,1,,2,TRUE,3,60000,0,99,0,,1,0,Glanville,Jamie,Dynamic Gymnastics Sports,01/01/0001,,2,19700,2,0,0,E4,100,,,,,,,,,,,,
2625,8050cb81-30bf-47a6-4b0f-a892199e19c8,TCI #1 2023 AGE Interclub Trampoline Championships,,DMT,15-16 Years Female,Qualification,1,,2,TRUE,3,60000,0,99,0,,1,0,Glanville,Jamie,Dynamic Gymnastics Sports,01/01/0001,,2,19700,2,0,0,E5,100,,,,,,,,,,,,
2626,8050cb81-30bf-47a6-4b0f-a892199e19c8,TCI #1 2023 AGE Interclub Trampoline Championships,,DMT,15-16 Years Female,Qualification,1,,2,TRUE,3,60000,0,99,0,,1,0,Glanville,Jamie,Dynamic Gymnastics Sports,01/01/0001,,2,19700,2,0,0,E8,100,,,,,,,,,,,,
2627,8050cb81-30bf-47a6-4b0f-a892199e19c8,TCI #1 2023 AGE Interclub Trampoline Championships,,DMT,15-16 Years Female,Qualification,1,,2,TRUE,3,60000,0,99,0,,1,0,Glanville,Jamie,Dynamic Gymnastics Sports,01/01/0001,,2,19700,2,0,0,E∑,185,6,6,0,0,0,0,0,0,0,0,3,0
2628,8050cb81-30bf-47a6-4b0f-a892199e19c8,TCI #1 2023 AGE Interclub Trampoline Championships,,DMT,15-16 Years Female,Qualification,1,,2,TRUE,3,60000,0,99,0,,1,0,Glanville,Jamie,Dynamic Gymnastics Sports,01/01/0001,,2,19700,2,0,0,T,0,,,,,,,,,,,,
2629,8050cb81-30bf-47a6-4b0f-a892199e19c8,TCI #1 2023 AGE Interclub Trampoline Championships,,DMT,15-16 Years Female,Qualification,1,,2,TRUE,3,60000,0,99,0,,1,0,Glanville,Jamie,Dynamic Gymnastics Sports,01/01/0001,,2,19700,2,0,0,D,12,0,,,,,,,,,,,
2630,8050cb81-30bf-47a6-4b0f-a892199e19c8,TCI #1 2023 AGE Interclub Trampoline Championships,,DMT,15-16 Years Female,Qualification,1,,2,TRUE,3,60000,0,99,0,,1,0,Glanville,Jamie,Dynamic Gymnastics Sports,01/01/0001,,2,19700,2,0,0,H,0,0,0,,,,,,,,,,
2631,8050cb81-30bf-47a6-4b0f-a892199e19c8,TCI #1 2023 AGE Interclub Trampoline Championships,,DMT,15-16 Years Female,Qualification,1,,2,TRUE,3,60000,0,99,0,,1,0,Glanville,Jamie,Dynamic Gymnastics Sports,01/01/0001,,3,20000,2,0,0,E1,94,2,3,,,,,,,,,1,0
2632,8050cb81-30bf-47a6-4b0f-a892199e19c8,TCI #1 2023 AGE Interclub Trampoline Championships,,DMT,15-16 Years Female,Qualification,1,,2,TRUE,3,60000,0,99,0,,1,0,Glanville,Jamie,Dynamic Gymnastics Sports,01/01/0001,,3,20000,2,0,0,E2,92,3,3,,,,,,,,,2,0
2633,8050cb81-30bf-47a6-4b0f-a892199e19c8,TCI #1 2023 AGE Interclub Trampoline Championships,,DMT,15-16 Years Female,Qualification,1,,2,TRUE,3,60000,0,99,0,,1,0,Glanville,Jamie,Dynamic Gymnastics Sports,01/01/0001,,3,20000,2,0,0,E3,93,2,2,,,,,,,,,3,0
2634,8050cb81-30bf-47a6-4b0f-a892199e19c8,TCI #1 2023 AGE Interclub Trampoline Championships,,DMT,15-16 Years Female,Qualification,1,,2,TRUE,3,60000,0,99,0,,1,0,Glanville,Jamie,Dynamic Gymnastics Sports,01/01/0001,,3,20000,2,0,0,E4,100,,,,,,,,,,,,
2635,8050cb81-30bf-47a6-4b0f-a892199e19c8,TCI #1 2023 AGE Interclub Trampoline Championships,,DMT,15-16 Years Female,Qualification,1,,2,TRUE,3,60000,0,99,0,,1,0,Glanville,Jamie,Dynamic Gymnastics Sports,01/01/0001,,3,20000,2,0,0,E5,100,,,,,,,,,,,,
2636,8050cb81-30bf-47a6-4b0f-a892199e19c8,TCI #1 2023 AGE Interclub Trampoline Championships,,DMT,15-16 Years Female,Qualification,1,,2,TRUE,3,60000,0,99,0,,1,0,Glanville,Jamie,Dynamic Gymnastics Sports,01/01/0001,,3,20000,2,0,0,E8,100,,,,,,,,,,,,
2637,8050cb81-30bf-47a6-4b0f-a892199e19c8,TCI #1 2023 AGE Interclub Trampoline Championships,,DMT,15-16 Years Female,Qualification,1,,2,TRUE,3,60000,0,99,0,,1,0,Glanville,Jamie,Dynamic Gymnastics Sports,01/01/0001,,3,20000,2,0,0,E∑,188,4,5,0,0,0,0,0,0,0,0,3,0
2638,8050cb81-30bf-47a6-4b0f-a892199e19c8,TCI #1 2023 AGE Interclub Trampoline Championships,,DMT,15-16 Years Female,Qualification,1,,2,TRUE,3,60000,0,99,0,,1,0,Glanville,Jamie,Dynamic Gymnastics Sports,01/01/0001,,3,20000,2,0,0,T,0,,,,,,,,,,,,
2639,8050cb81-30bf-47a6-4b0f-a892199e19c8,TCI #1 2023 AGE Interclub Trampoline Championships,,DMT,15-16 Years Female,Qualification,1,,2,TRUE,3,60000,0,99,0,,1,0,Glanville,Jamie,Dynamic Gymnastics Sports,01/01/0001,,3,20000,2,0,0,D,12,0,,,,,,,,,,,
2640,8050cb81-30bf-47a6-4b0f-a892199e19c8,TCI #1 2023 AGE Interclub Trampoline Championships,,DMT,15-16 Years Female,Qualification,1,,2,TRUE,3,60000,0,99,0,,1,0,Glanville,Jamie,Dynamic Gymnastics Sports,01/01/0001,,3,20000,2,0,0,H,0,0,0,,,,,,,,,,
2641,8050cb81-30bf-47a6-4b0f-a892199e19c8,TCI #1 2023 AGE Interclub Trampoline Championships,,DMT,15-16 Years Female,Qualification,1,,3,TRUE,2,60600,0,99,0,,1,0,McLachlan,Nicola,Christchurch School of Gymnastics,01/01/0001,,1,20400,2,0,0,E1,94,3,3,,,,,,,,,0,0
2642,8050cb81-30bf-47a6-4b0f-a892199e19c8,TCI #1 2023 AGE Interclub Trampoline Championships,,DMT,15-16 Years Female,Qualification,1,,3,TRUE,2,60600,0,99,0,,1,0,McLachlan,Nicola,Christchurch School of Gymnastics,01/01/0001,,1,20400,2,0,0,E2,94,3,3,,,,,,,,,0,0
2643,8050cb81-30bf-47a6-4b0f-a892199e19c8,TCI #1 2023 AGE Interclub Trampoline Championships,,DMT,15-16 Years Female,Qualification,1,,3,TRUE,2,60600,0,99,0,,1,0,McLachlan,Nicola,Christchurch School of Gymnastics,01/01/0001,,1,20400,2,0,0,E3,94,3,3,,,,,,,,,0,0
2644,8050cb81-30bf-47a6-4b0f-a892199e19c8,TCI #1 2023 AGE Interclub Trampoline Championships,,DMT,15-16 Years Female,Qualification,1,,3,TRUE,2,60600,0,99,0,,1,0,McLachlan,Nicola,Christchurch School of Gymnastics,01/01/0001,,1,20400,2,0,0,E4,100,,,,,,,,,,,,
2645,8050cb81-30bf-47a6-4b0f-a892199e19c8,TCI #1 2023 AGE Interclub Trampoline Championships,,DMT,15-16 Years Female,Qualification,1,,3,TRUE,2,60600,0,99,0,,1,0,McLachlan,Nicola,Christchurch School of Gymnastics,01/01/0001,,1,20400,2,0,0,E5,100,,,,,,,,,,,,
2646,8050cb81-30bf-47a6-4b0f-a892199e19c8,TCI #1 2023 AGE Interclub Trampoline Championships,,DMT,15-16 Years Female,Qualification,1,,3,TRUE,2,60600,0,99,0,,1,0,McLachlan,Nicola,Christchurch School of Gymnastics,01/01/0001,,1,20400,2,0,0,E8,100,,,,,,,,,,,,
2647,8050cb81-30bf-47a6-4b0f-a892199e19c8,TCI #1 2023 AGE Interclub Trampoline Championships,,DMT,15-16 Years Female,Qualification,1,,3,TRUE,2,60600,0,99,0,,1,0,McLachlan,Nicola,Christchurch School of Gymnastics,01/01/0001,,1,20400,2,0,0,E∑,188,6,6,0,0,0,0,0,0,0,0,0,0
2648,8050cb81-30bf-47a6-4b0f-a892199e19c8,TCI #1 2023 AGE Interclub Trampoline Championships,,DMT,15-16 Years Female,Qualification,1,,3,TRUE,2,60600,0,99,0,,1,0,McLachlan,Nicola,Christchurch School of Gymnastics,01/01/0001,,1,20400,2,0,0,T,0,,,,,,,,,,,,
2649,8050cb81-30bf-47a6-4b0f-a892199e19c8,TCI #1 2023 AGE Interclub Trampoline Championships,,DMT,15-16 Years Female,Qualification,1,,3,TRUE,2,60600,0,99,0,,1,0,McLachlan,Nicola,Christchurch School of Gymnastics,01/01/0001,,1,20400,2,0,0,D,16,0,,,,,,,,,,,
2650,8050cb81-30bf-47a6-4b0f-a892199e19c8,TCI #1 2023 AGE Interclub Trampoline Championships,,DMT,15-16 Years Female,Qualification,1,,3,TRUE,2,60600,0,99,0,,1,0,McLachlan,Nicola,Christchurch School of Gymnastics,01/01/0001,,1,20400,2,0,0,H,0,0,0,,,,,,,,,,
2651,8050cb81-30bf-47a6-4b0f-a892199e19c8,TCI #1 2023 AGE Interclub Trampoline Championships,,DMT,15-16 Years Female,Qualification,1,,3,TRUE,2,60600,0,99,0,,1,0,McLachlan,Nicola,Christchurch School of Gymnastics,01/01/0001,,2,20500,2,0,0,E1,94,2,3,,,,,,,,,1,0
2652,8050cb81-30bf-47a6-4b0f-a892199e19c8,TCI #1 2023 AGE Interclub Trampoline Championships,,DMT,15-16 Years Female,Qualification,1,,3,TRUE,2,60600,0,99,0,,1,0,McLachlan,Nicola,Christchurch School of Gymnastics,01/01/0001,,2,20500,2,0,0,E2,93,3,3,,,,,,,,,1,0
2653,8050cb81-30bf-47a6-4b0f-a892199e19c8,TCI #1 2023 AGE Interclub Trampoline Championships,,DMT,15-16 Years Female,Qualification,1,,3,TRUE,2,60600,0,99,0,,1,0,McLachlan,Nicola,Christchurch School of Gymnastics,01/01/0001,,2,20500,2,0,0,E3,93,2,3,,,,,,,,,2,0
2654,8050cb81-30bf-47a6-4b0f-a892199e19c8,TCI #1 2023 AGE Interclub Trampoline Championships,,DMT,15-16 Years Female,Qualification,1,,3,TRUE,2,60600,0,99,0,,1,0,McLachlan,Nicola,Christchurch School of Gymnastics,01/01/0001,,2,20500,2,0,0,E4,100,,,,,,,,,,,,
2655,8050cb81-30bf-47a6-4b0f-a892199e19c8,TCI #1 2023 AGE Interclub Trampoline Championships,,DMT,15-16 Years Female,Qualification,1,,3,TRUE,2,60600,0,99,0,,1,0,McLachlan,Nicola,Christchurch School of Gymnastics,01/01/0001,,2,20500,2,0,0,E5,100,,,,,,,,,,,,
2656,8050cb81-30bf-47a6-4b0f-a892199e19c8,TCI #1 2023 AGE Interclub Trampoline Championships,,DMT,15-16 Years Female,Qualification,1,,3,TRUE,2,60600,0,99,0,,1,0,McLachlan,Nicola,Christchurch School of Gymnastics,01/01/0001,,2,20500,2,0,0,E8,100,,,,,,,,,,,,
2657,8050cb81-30bf-47a6-4b0f-a892199e19c8,TCI #1 2023 AGE Interclub Trampoline Championships,,DMT,15-16 Years Female,Qualification,1,,3,TRUE,2,60600,0,99,0,,1,0,McLachlan,Nicola,Christchurch School of Gymnastics,01/01/0001,,2,20500,2,0,0,E∑,188,4,6,0,0,0,0,0,0,0,0,2,0
2658,8050cb81-30bf-47a6-4b0f-a892199e19c8,TCI #1 2023 AGE Interclub Trampoline Championships,,DMT,15-16 Years Female,Qualification,1,,3,TRUE,2,60600,0,99,0,,1,0,McLachlan,Nicola,Christchurch School of Gymnastics,01/01/0001,,2,20500,2,0,0,T,0,,,,,,,,,,,,
2659,8050cb81-30bf-47a6-4b0f-a892199e19c8,TCI #1 2023 AGE Interclub Trampoline Championships,,DMT,15-16 Years Female,Qualification,1,,3,TRUE,2,60600,0,99,0,,1,0,McLachlan,Nicola,Christchurch School of Gymnastics,01/01/0001,,2,20500,2,0,0,D,17,0,,,,,,,,,,,
2660,8050cb81-30bf-47a6-4b0f-a892199e19c8,TCI #1 2023 AGE Interclub Trampoline Championships,,DMT,15-16 Years Female,Qualification,1,,3,TRUE,2,60600,0,99,0,,1,0,McLachlan,Nicola,Christchurch School of Gymnastics,01/01/0001,,2,20500,2,0,0,H,0,0,0,,,,,,,,,,
2661,8050cb81-30bf-47a6-4b0f-a892199e19c8,TCI #1 2023 AGE Interclub Trampoline Championships,,DMT,15-16 Years Female,Qualification,1,,3,TRUE,2,60600,0,99,0,,1,0,McLachlan,Nicola,Christchurch School of Gymnastics,01/01/0001,,3,19700,2,0,6,E1,95,2,2,,,,,,,,,1,0
2662,8050cb81-30bf-47a6-4b0f-a892199e19c8,TCI #1 2023 AGE Interclub Trampoline Championships,,DMT,15-16 Years Female,Qualification,1,,3,TRUE,2,60600,0,99,0,,1,0,McLachlan,Nicola,Christchurch School of Gymnastics,01/01/0001,,3,19700,2,0,6,E2,95,2,2,,,,,,,,,1,0
2663,8050cb81-30bf-47a6-4b0f-a892199e19c8,TCI #1 2023 AGE Interclub Trampoline Championships,,DMT,15-16 Years Female,Qualification,1,,3,TRUE,2,60600,0,99,0,,1,0,McLachlan,Nicola,Christchurch School of Gymnastics,01/01/0001,,3,19700,2,0,6,E3,94,3,2,,,,,,,,,1,0
2664,8050cb81-30bf-47a6-4b0f-a892199e19c8,TCI #1 2023 AGE Interclub Trampoline Championships,,DMT,15-16 Years Female,Qualification,1,,3,TRUE,2,60600,0,99,0,,1,0,McLachlan,Nicola,Christchurch School of Gymnastics,01/01/0001,,3,19700,2,0,6,E4,100,,,,,,,,,,,,
2665,8050cb81-30bf-47a6-4b0f-a892199e19c8,TCI #1 2023 AGE Interclub Trampoline Championships,,DMT,15-16 Years Female,Qualification,1,,3,TRUE,2,60600,0,99,0,,1,0,McLachlan,Nicola,Christchurch School of Gymnastics,01/01/0001,,3,19700,2,0,6,E5,100,,,,,,,,,,,,
2666,8050cb81-30bf-47a6-4b0f-a892199e19c8,TCI #1 2023 AGE Interclub Trampoline Championships,,DMT,15-16 Years Female,Qualification,1,,3,TRUE,2,60600,0,99,0,,1,0,McLachlan,Nicola,Christchurch School of Gymnastics,01/01/0001,,3,19700,2,0,6,E8,100,,,,,,,,,,,,
2667,8050cb81-30bf-47a6-4b0f-a892199e19c8,TCI #1 2023 AGE Interclub Trampoline Championships,,DMT,15-16 Years Female,Qualification,1,,3,TRUE,2,60600,0,99,0,,1,0,McLachlan,Nicola,Christchurch School of Gymnastics,01/01/0001,,3,19700,2,0,6,E∑,190,4,4,0,0,0,0,0,0,0,0,2,0
2668,8050cb81-30bf-47a6-4b0f-a892199e19c8,TCI #1 2023 AGE Interclub Trampoline Championships,,DMT,15-16 Years Female,Qualification,1,,3,TRUE,2,60600,0,99,0,,1,0,McLachlan,Nicola,Christchurch School of Gymnastics,01/01/0001,,3,19700,2,0,6,T,0,,,,,,,,,,,,
2669,8050cb81-30bf-47a6-4b0f-a892199e19c8,TCI #1 2023 AGE Interclub Trampoline Championships,,DMT,15-16 Years Female,Qualification,1,,3,TRUE,2,60600,0,99,0,,1,0,McLachlan,Nicola,Christchurch School of Gymnastics,01/01/0001,,3,19700,2,0,6,D,13,0,,,,,,,,,,,
2670,8050cb81-30bf-47a6-4b0f-a892199e19c8,TCI #1 2023 AGE Interclub Trampoline Championships,,DMT,15-16 Years Female,Qualification,1,,3,TRUE,2,60600,0,99,0,,1,0,McLachlan,Nicola,Christchurch School of Gymnastics,01/01/0001,,3,19700,2,0,6,H,0,0,0,,,,,,,,,,
2671,8050cb81-30bf-47a6-4b0f-a892199e19c8,TCI #1 2023 AGE Interclub Trampoline Championships,,DMT,15-16 Years Female,Qualification,1,,4,TRUE,4,59300,0,99,0,,1,0,Stan,Veronica,Christchurch School of Gymnastics,01/01/0001,,1,18100,1,0,0,E1,87,3,,,,,,,,,,,0
2672,8050cb81-30bf-47a6-4b0f-a892199e19c8,TCI #1 2023 AGE Interclub Trampoline Championships,,DMT,15-16 Years Female,Qualification,1,,4,TRUE,4,59300,0,99,0,,1,0,Stan,Veronica,Christchurch School of Gymnastics,01/01/0001,,1,18100,1,0,0,E2,87,3,,,,,,,,,,,0
2673,8050cb81-30bf-47a6-4b0f-a892199e19c8,TCI #1 2023 AGE Interclub Trampoline Championships,,DMT,15-16 Years Female,Qualification,1,,4,TRUE,4,59300,0,99,0,,1,0,Stan,Veronica,Christchurch School of Gymnastics,01/01/0001,,1,18100,1,0,0,E3,86,4,3,,,,,,,,,0,0
2674,8050cb81-30bf-47a6-4b0f-a892199e19c8,TCI #1 2023 AGE Interclub Trampoline Championships,,DMT,15-16 Years Female,Qualification,1,,4,TRUE,4,59300,0,99,0,,1,0,Stan,Veronica,Christchurch School of Gymnastics,01/01/0001,,1,18100,1,0,0,E4,90,,,,,,,,,,,,
2675,8050cb81-30bf-47a6-4b0f-a892199e19c8,TCI #1 2023 AGE Interclub Trampoline Championships,,DMT,15-16 Years Female,Qualification,1,,4,TRUE,4,59300,0,99,0,,1,0,Stan,Veronica,Christchurch School of Gymnastics,01/01/0001,,1,18100,1,0,0,E5,90,,,,,,,,,,,,
2676,8050cb81-30bf-47a6-4b0f-a892199e19c8,TCI #1 2023 AGE Interclub Trampoline Championships,,DMT,15-16 Years Female,Qualification,1,,4,TRUE,4,59300,0,99,0,,1,0,Stan,Veronica,Christchurch School of Gymnastics,01/01/0001,,1,18100,1,0,0,E8,90,,,,,,,,,,,,
2677,8050cb81-30bf-47a6-4b0f-a892199e19c8,TCI #1 2023 AGE Interclub Trampoline Championships,,DMT,15-16 Years Female,Qualification,1,,4,TRUE,4,59300,0,99,0,,1,0,Stan,Veronica,Christchurch School of Gymnastics,01/01/0001,,1,18100,1,0,0,E∑,174,6,0,0,0,0,0,0,0,0,0,0,0
2678,8050cb81-30bf-47a6-4b0f-a892199e19c8,TCI #1 2023 AGE Interclub Trampoline Championships,,DMT,15-16 Years Female,Qualification,1,,4,TRUE,4,59300,0,99,0,,1,0,Stan,Veronica,Christchurch School of Gymnastics,01/01/0001,,1,18100,1,0,0,T,0,,,,,,,,,,,,
2679,8050cb81-30bf-47a6-4b0f-a892199e19c8,TCI #1 2023 AGE Interclub Trampoline Championships,,DMT,15-16 Years Female,Qualification,1,,4,TRUE,4,59300,0,99,0,,1,0,Stan,Veronica,Christchurch School of Gymnastics,01/01/0001,,1,18100,1,0,0,D,7,0,,,,,,,,,,,
2680,8050cb81-30bf-47a6-4b0f-a892199e19c8,TCI #1 2023 AGE Interclub Trampoline Championships,,DMT,15-16 Years Female,Qualification,1,,4,TRUE,4,59300,0,99,0,,1,0,Stan,Veronica,Christchurch School of Gymnastics,01/01/0001,,1,18100,1,0,0,H,0,0,0,,,,,,,,,,
2681,8050cb81-30bf-47a6-4b0f-a892199e19c8,TCI #1 2023 AGE Interclub Trampoline Championships,,DMT,15-16 Years Female,Qualification,1,,4,TRUE,4,59300,0,99,0,,1,0,Stan,Veronica,Christchurch School of Gymnastics,01/01/0001,,2,21000,2,0,0,E1,94,2,3,,,,,,,,,1,0
2682,8050cb81-30bf-47a6-4b0f-a892199e19c8,TCI #1 2023 AGE Interclub Trampoline Championships,,DMT,15-16 Years Female,Qualification,1,,4,TRUE,4,59300,0,99,0,,1,0,Stan,Veronica,Christchurch School of Gymnastics,01/01/0001,,2,21000,2,0,0,E2,95,2,2,,,,,,,,,1,0
2683,8050cb81-30bf-47a6-4b0f-a892199e19c8,TCI #1 2023 AGE Interclub Trampoline Championships,,DMT,15-16 Years Female,Qualification,1,,4,TRUE,4,59300,0,99,0,,1,0,Stan,Veronica,Christchurch School of Gymnastics,01/01/0001,,2,21000,2,0,0,E3,95,2,2,,,,,,,,,1,0
2684,8050cb81-30bf-47a6-4b0f-a892199e19c8,TCI #1 2023 AGE Interclub Trampoline Championships,,DMT,15-16 Years Female,Qualification,1,,4,TRUE,4,59300,0,99,0,,1,0,Stan,Veronica,Christchurch School of Gymnastics,01/01/0001,,2,21000,2,0,0,E4,100,,,,,,,,,,,,
2685,8050cb81-30bf-47a6-4b0f-a892199e19c8,TCI #1 2023 AGE Interclub Trampoline Championships,,DMT,15-16 Years Female,Qualification,1,,4,TRUE,4,59300,0,99,0,,1,0,Stan,Veronica,Christchurch School of Gymnastics,01/01/0001,,2,21000,2,0,0,E5,100,,,,,,,,,,,,
2686,8050cb81-30bf-47a6-4b0f-a892199e19c8,TCI #1 2023 AGE Interclub Trampoline Championships,,DMT,15-16 Years Female,Qualification,1,,4,TRUE,4,59300,0,99,0,,1,0,Stan,Veronica,Christchurch School of Gymnastics,01/01/0001,,2,21000,2,0,0,E8,100,,,,,,,,,,,,
2687,8050cb81-30bf-47a6-4b0f-a892199e19c8,TCI #1 2023 AGE Interclub Trampoline Championships,,DMT,15-16 Years Female,Qualification,1,,4,TRUE,4,59300,0,99,0,,1,0,Stan,Veronica,Christchurch School of Gymnastics,01/01/0001,,2,21000,2,0,0,E∑,190,4,4,0,0,0,0,0,0,0,0,2,0
2688,8050cb81-30bf-47a6-4b0f-a892199e19c8,TCI #1 2023 AGE Interclub Trampoline Championships,,DMT,15-16 Years Female,Qualification,1,,4,TRUE,4,59300,0,99,0,,1,0,Stan,Veronica,Christchurch School of Gymnastics,01/01/0001,,2,21000,2,0,0,T,0,,,,,,,,,,,,
2689,8050cb81-30bf-47a6-4b0f-a892199e19c8,TCI #1 2023 AGE Interclub Trampoline Championships,,DMT,15-16 Years Female,Qualification,1,,4,TRUE,4,59300,0,99,0,,1,0,Stan,Veronica,Christchurch School of Gymnastics,01/01/0001,,2,21000,2,0,0,D,20,0,,,,,,,,,,,
2690,8050cb81-30bf-47a6-4b0f-a892199e19c8,TCI #1 2023 AGE Interclub Trampoline Championships,,DMT,15-16 Years Female,Qualification,1,,4,TRUE,4,59300,0,99,0,,1,0,Stan,Veronica,Christchurch School of Gymnastics,01/01/0001,,2,21000,2,0,0,H,0,0,0,,,,,,,,,,
2691,8050cb81-30bf-47a6-4b0f-a892199e19c8,TCI #1 2023 AGE Interclub Trampoline Championships,,DMT,15-16 Years Female,Qualification,1,,4,TRUE,4,59300,0,99,0,,1,0,Stan,Veronica,Christchurch School of Gymnastics,01/01/0001,,3,20200,2,0,6,E1,95,2,2,,,,,,,,,1,0
2692,8050cb81-30bf-47a6-4b0f-a892199e19c8,TCI #1 2023 AGE Interclub Trampoline Championships,,DMT,15-16 Years Female,Qualification,1,,4,TRUE,4,59300,0,99,0,,1,0,Stan,Veronica,Christchurch School of Gymnastics,01/01/0001,,3,20200,2,0,6,E2,95,2,2,,,,,,,,,1,0
2693,8050cb81-30bf-47a6-4b0f-a892199e19c8,TCI #1 2023 AGE Interclub Trampoline Championships,,DMT,15-16 Years Female,Qualification,1,,4,TRUE,4,59300,0,99,0,,1,0,Stan,Veronica,Christchurch School of Gymnastics,01/01/0001,,3,20200,2,0,6,E3,94,2,3,,,,,,,,,1,0
2694,8050cb81-30bf-47a6-4b0f-a892199e19c8,TCI #1 2023 AGE Interclub Trampoline Championships,,DMT,15-16 Years Female,Qualification,1,,4,TRUE,4,59300,0,99,0,,1,0,Stan,Veronica,Christchurch School of Gymnastics,01/01/0001,,3,20200,2,0,6,E4,100,,,,,,,,,,,,
2695,8050cb81-30bf-47a6-4b0f-a892199e19c8,TCI #1 2023 AGE Interclub Trampoline Championships,,DMT,15-16 Years Female,Qualification,1,,4,TRUE,4,59300,0,99,0,,1,0,Stan,Veronica,Christchurch School of Gymnastics,01/01/0001,,3,20200,2,0,6,E5,100,,,,,,,,,,,,
2696,8050cb81-30bf-47a6-4b0f-a892199e19c8,TCI #1 2023 AGE Interclub Trampoline Championships,,DMT,15-16 Years Female,Qualification,1,,4,TRUE,4,59300,0,99,0,,1,0,Stan,Veronica,Christchurch School of Gymnastics,01/01/0001,,3,20200,2,0,6,E8,100,,,,,,,,,,,,
2697,8050cb81-30bf-47a6-4b0f-a892199e19c8,TCI #1 2023 AGE Interclub Trampoline Championships,,DMT,15-16 Years Female,Qualification,1,,4,TRUE,4,59300,0,99,0,,1,0,Stan,Veronica,Christchurch School of Gymnastics,01/01/0001,,3,20200,2,0,6,E∑,190,4,4,0,0,0,0,0,0,0,0,2,0
2698,8050cb81-30bf-47a6-4b0f-a892199e19c8,TCI #1 2023 AGE Interclub Trampoline Championships,,DMT,15-16 Years Female,Qualification,1,,4,TRUE,4,59300,0,99,0,,1,0,Stan,Veronica,Christchurch School of Gymnastics,01/01/0001,,3,20200,2,0,6,T,0,,,,,,,,,,,,
2699,8050cb81-30bf-47a6-4b0f-a892199e19c8,TCI #1 2023 AGE Interclub Trampoline Championships,,DMT,15-16 Years Female,Qualification,1,,4,TRUE,4,59300,0,99,0,,1,0,Stan,Veronica,Christchurch School of Gymnastics,01/01/0001,,3,20200,2,0,6,D,18,0,,,,,,,,,,,
2700,8050cb81-30bf-47a6-4b0f-a892199e19c8,TCI #1 2023 AGE Interclub Trampoline Championships,,DMT,15-16 Years Female,Qualification,1,,4,TRUE,4,59300,0,99,0,,1,0,Stan,Veronica,Christchurch School of Gymnastics,01/01/0001,,3,20200,2,0,6,H,0,0,0,,,,,,,,,,
2701,8050cb81-30bf-47a6-4b0f-a892199e19c8,TCI #1 2023 AGE Interclub Trampoline Championships,,DMT,15-16 Years Male,Qualification,1,,1,TRUE,1,58800,0,99,0,,1,0,Johnston,Luke,Christchurch School of Gymnastics,01/01/0001,,1,20900,2,0,0,E1,95,2,2,,,,,,,,,1,0
2702,8050cb81-30bf-47a6-4b0f-a892199e19c8,TCI #1 2023 AGE Interclub Trampoline Championships,,DMT,15-16 Years Male,Qualification,1,,1,TRUE,1,58800,0,99,0,,1,0,Johnston,Luke,Christchurch School of Gymnastics,01/01/0001,,1,20900,2,0,0,E2,95,3,2,,,,,,,,,0,0
2703,8050cb81-30bf-47a6-4b0f-a892199e19c8,TCI #1 2023 AGE Interclub Trampoline Championships,,DMT,15-16 Years Male,Qualification,1,,1,TRUE,1,58800,0,99,0,,1,0,Johnston,Luke,Christchurch School of Gymnastics,01/01/0001,,1,20900,2,0,0,E3,96,2,2,,,,,,,,,0,0
2704,8050cb81-30bf-47a6-4b0f-a892199e19c8,TCI #1 2023 AGE Interclub Trampoline Championships,,DMT,15-16 Years Male,Qualification,1,,1,TRUE,1,58800,0,99,0,,1,0,Johnston,Luke,Christchurch School of Gymnastics,01/01/0001,,1,20900,2,0,0,E4,100,,,,,,,,,,,,
2705,8050cb81-30bf-47a6-4b0f-a892199e19c8,TCI #1 2023 AGE Interclub Trampoline Championships,,DMT,15-16 Years Male,Qualification,1,,1,TRUE,1,58800,0,99,0,,1,0,Johnston,Luke,Christchurch School of Gymnastics,01/01/0001,,1,20900,2,0,0,E5,100,,,,,,,,,,,,
2706,8050cb81-30bf-47a6-4b0f-a892199e19c8,TCI #1 2023 AGE Interclub Trampoline Championships,,DMT,15-16 Years Male,Qualification,1,,1,TRUE,1,58800,0,99,0,,1,0,Johnston,Luke,Christchurch School of Gymnastics,01/01/0001,,1,20900,2,0,0,E8,100,,,,,,,,,,,,
2707,8050cb81-30bf-47a6-4b0f-a892199e19c8,TCI #1 2023 AGE Interclub Trampoline Championships,,DMT,15-16 Years Male,Qualification,1,,1,TRUE,1,58800,0,99,0,,1,0,Johnston,Luke,Christchurch School of Gymnastics,01/01/0001,,1,20900,2,0,0,E∑,192,4,4,0,0,0,0,0,0,0,0,0,0
2708,8050cb81-30bf-47a6-4b0f-a892199e19c8,TCI #1 2023 AGE Interclub Trampoline Championships,,DMT,15-16 Years Male,Qualification,1,,1,TRUE,1,58800,0,99,0,,1,0,Johnston,Luke,Christchurch School of Gymnastics,01/01/0001,,1,20900,2,0,0,T,0,,,,,,,,,,,,
2709,8050cb81-30bf-47a6-4b0f-a892199e19c8,TCI #1 2023 AGE Interclub Trampoline Championships,,DMT,15-16 Years Male,Qualification,1,,1,TRUE,1,58800,0,99,0,,1,0,Johnston,Luke,Christchurch School of Gymnastics,01/01/0001,,1,20900,2,0,0,D,17,0,,,,,,,,,,,
2710,8050cb81-30bf-47a6-4b0f-a892199e19c8,TCI #1 2023 AGE Interclub Trampoline Championships,,DMT,15-16 Years Male,Qualification,1,,1,TRUE,1,58800,0,99,0,,1,0,Johnston,Luke,Christchurch School of Gymnastics,01/01/0001,,1,20900,2,0,0,H,0,0,0,,,,,,,,,,
2711,8050cb81-30bf-47a6-4b0f-a892199e19c8,TCI #1 2023 AGE Interclub Trampoline Championships,,DMT,15-16 Years Male,Qualification,1,,1,TRUE,1,58800,0,99,0,,1,0,Johnston,Luke,Christchurch School of Gymnastics,01/01/0001,,2,19800,2,0,6,E1,95,2,2,,,,,,,,,1,0
2712,8050cb81-30bf-47a6-4b0f-a892199e19c8,TCI #1 2023 AGE Interclub Trampoline Championships,,DMT,15-16 Years Male,Qualification,1,,1,TRUE,1,58800,0,99,0,,1,0,Johnston,Luke,Christchurch School of Gymnastics,01/01/0001,,2,19800,2,0,6,E2,96,2,1,,,,,,,,,1,0
2713,8050cb81-30bf-47a6-4b0f-a892199e19c8,TCI #1 2023 AGE Interclub Trampoline Championships,,DMT,15-16 Years Male,Qualification,1,,1,TRUE,1,58800,0,99,0,,1,0,Johnston,Luke,Christchurch School of Gymnastics,01/01/0001,,2,19800,2,0,6,E3,95,2,2,,,,,,,,,1,0
2714,8050cb81-30bf-47a6-4b0f-a892199e19c8,TCI #1 2023 AGE Interclub Trampoline Championships,,DMT,15-16 Years Male,Qualification,1,,1,TRUE,1,58800,0,99,0,,1,0,Johnston,Luke,Christchurch School of Gymnastics,01/01/0001,,2,19800,2,0,6,E4,100,,,,,,,,,,,,
2715,8050cb81-30bf-47a6-4b0f-a892199e19c8,TCI #1 2023 AGE Interclub Trampoline Championships,,DMT,15-16 Years Male,Qualification,1,,1,TRUE,1,58800,0,99,0,,1,0,Johnston,Luke,Christchurch School of Gymnastics,01/01/0001,,2,19800,2,0,6,E5,100,,,,,,,,,,,,
2716,8050cb81-30bf-47a6-4b0f-a892199e19c8,TCI #1 2023 AGE Interclub Trampoline Championships,,DMT,15-16 Years Male,Qualification,1,,1,TRUE,1,58800,0,99,0,,1,0,Johnston,Luke,Christchurch School of Gymnastics,01/01/0001,,2,19800,2,0,6,E8,100,,,,,,,,,,,,
2717,8050cb81-30bf-47a6-4b0f-a892199e19c8,TCI #1 2023 AGE Interclub Trampoline Championships,,DMT,15-16 Years Male,Qualification,1,,1,TRUE,1,58800,0,99,0,,1,0,Johnston,Luke,Christchurch School of Gymnastics,01/01/0001,,2,19800,2,0,6,E∑,191,4,3,0,0,0,0,0,0,0,0,2,0
2718,8050cb81-30bf-47a6-4b0f-a892199e19c8,TCI #1 2023 AGE Interclub Trampoline Championships,,DMT,15-16 Years Male,Qualification,1,,1,TRUE,1,58800,0,99,0,,1,0,Johnston,Luke,Christchurch School of Gymnastics,01/01/0001,,2,19800,2,0,6,T,0,,,,,,,,,,,,
2719,8050cb81-30bf-47a6-4b0f-a892199e19c8,TCI #1 2023 AGE Interclub Trampoline Championships,,DMT,15-16 Years Male,Qualification,1,,1,TRUE,1,58800,0,99,0,,1,0,Johnston,Luke,Christchurch School of Gymnastics,01/01/0001,,2,19800,2,0,6,D,13,0,,,,,,,,,,,
2720,8050cb81-30bf-47a6-4b0f-a892199e19c8,TCI #1 2023 AGE Interclub Trampoline Championships,,DMT,15-16 Years Male,Qualification,1,,1,TRUE,1,58800,0,99,0,,1,0,Johnston,Luke,Christchurch School of Gymnastics,01/01/0001,,2,19800,2,0,6,H,0,0,0,,,,,,,,,,
2721,8050cb81-30bf-47a6-4b0f-a892199e19c8,TCI #1 2023 AGE Interclub Trampoline Championships,,DMT,15-16 Years Male,Qualification,1,,1,TRUE,1,58800,0,99,0,,1,0,Johnston,Luke,Christchurch School of Gymnastics,01/01/0001,,3,18100,1,0,0,E1,87,3,,,,,,,,,,,0
2722,8050cb81-30bf-47a6-4b0f-a892199e19c8,TCI #1 2023 AGE Interclub Trampoline Championships,,DMT,15-16 Years Male,Qualification,1,,1,TRUE,1,58800,0,99,0,,1,0,Johnston,Luke,Christchurch School of Gymnastics,01/01/0001,,3,18100,1,0,0,E2,87,3,,,,,,,,,,,0
2723,8050cb81-30bf-47a6-4b0f-a892199e19c8,TCI #1 2023 AGE Interclub Trampoline Championships,,DMT,15-16 Years Male,Qualification,1,,1,TRUE,1,58800,0,99,0,,1,0,Johnston,Luke,Christchurch School of Gymnastics,01/01/0001,,3,18100,1,0,0,E3,87,3,,,,,,,,,,,0
2724,8050cb81-30bf-47a6-4b0f-a892199e19c8,TCI #1 2023 AGE Interclub Trampoline Championships,,DMT,15-16 Years Male,Qualification,1,,1,TRUE,1,58800,0,99,0,,1,0,Johnston,Luke,Christchurch School of Gymnastics,01/01/0001,,3,18100,1,0,0,E4,90,,,,,,,,,,,,
2725,8050cb81-30bf-47a6-4b0f-a892199e19c8,TCI #1 2023 AGE Interclub Trampoline Championships,,DMT,15-16 Years Male,Qualification,1,,1,TRUE,1,58800,0,99,0,,1,0,Johnston,Luke,Christchurch School of Gymnastics,01/01/0001,,3,18100,1,0,0,E5,90,,,,,,,,,,,,
2726,8050cb81-30bf-47a6-4b0f-a892199e19c8,TCI #1 2023 AGE Interclub Trampoline Championships,,DMT,15-16 Years Male,Qualification,1,,1,TRUE,1,58800,0,99,0,,1,0,Johnston,Luke,Christchurch School of Gymnastics,01/01/0001,,3,18100,1,0,0,E8,90,,,,,,,,,,,,
2727,8050cb81-30bf-47a6-4b0f-a892199e19c8,TCI #1 2023 AGE Interclub Trampoline Championships,,DMT,15-16 Years Male,Qualification,1,,1,TRUE,1,58800,0,99,0,,1,0,Johnston,Luke,Christchurch School of Gymnastics,01/01/0001,,3,18100,1,0,0,E∑,174,6,0,0,0,0,0,0,0,0,0,0,0
2728,8050cb81-30bf-47a6-4b0f-a892199e19c8,TCI #1 2023 AGE Interclub Trampoline Championships,,DMT,15-16 Years Male,Qualification,1,,1,TRUE,1,58800,0,99,0,,1,0,Johnston,Luke,Christchurch School of Gymnastics,01/01/0001,,3,18100,1,0,0,T,0,,,,,,,,,,,,
2729,8050cb81-30bf-47a6-4b0f-a892199e19c8,TCI #1 2023 AGE Interclub Trampoline Championships,,DMT,15-16 Years Male,Qualification,1,,1,TRUE,1,58800,0,99,0,,1,0,Johnston,Luke,Christchurch School of Gymnastics,01/01/0001,,3,18100,1,0,0,D,7,0,,,,,,,,,,,
2730,8050cb81-30bf-47a6-4b0f-a892199e19c8,TCI #1 2023 AGE Interclub Trampoline Championships,,DMT,15-16 Years Male,Qualification,1,,1,TRUE,1,58800,0,99,0,,1,0,Johnston,Luke,Christchurch School of Gymnastics,01/01/0001,,3,18100,1,0,0,H,0,0,0,,,,,,,,,,
2731,8050cb81-30bf-47a6-4b0f-a892199e19c8,TCI #1 2023 AGE Interclub Trampoline Championships,,DMT,17 Years and Over Female,Qualification,1,,1,TRUE,1,61300,0,99,0,,1,0,Ross,Lexi,ICE Gymsports North Canterbury,01/01/0001,,1,20300,2,0,0,E1,93,4,3,,,,,,,,,0,0
2732,8050cb81-30bf-47a6-4b0f-a892199e19c8,TCI #1 2023 AGE Interclub Trampoline Championships,,DMT,17 Years and Over Female,Qualification,1,,1,TRUE,1,61300,0,99,0,,1,0,Ross,Lexi,ICE Gymsports North Canterbury,01/01/0001,,1,20300,2,0,0,E2,93,4,3,,,,,,,,,0,0
2733,8050cb81-30bf-47a6-4b0f-a892199e19c8,TCI #1 2023 AGE Interclub Trampoline Championships,,DMT,17 Years and Over Female,Qualification,1,,1,TRUE,1,61300,0,99,0,,1,0,Ross,Lexi,ICE Gymsports North Canterbury,01/01/0001,,1,20300,2,0,0,E3,93,4,3,,,,,,,,,0,0
2734,8050cb81-30bf-47a6-4b0f-a892199e19c8,TCI #1 2023 AGE Interclub Trampoline Championships,,DMT,17 Years and Over Female,Qualification,1,,1,TRUE,1,61300,0,99,0,,1,0,Ross,Lexi,ICE Gymsports North Canterbury,01/01/0001,,1,20300,2,0,0,E4,100,,,,,,,,,,,,
2735,8050cb81-30bf-47a6-4b0f-a892199e19c8,TCI #1 2023 AGE Interclub Trampoline Championships,,DMT,17 Years and Over Female,Qualification,1,,1,TRUE,1,61300,0,99,0,,1,0,Ross,Lexi,ICE Gymsports North Canterbury,01/01/0001,,1,20300,2,0,0,E5,100,,,,,,,,,,,,
2736,8050cb81-30bf-47a6-4b0f-a892199e19c8,TCI #1 2023 AGE Interclub Trampoline Championships,,DMT,17 Years and Over Female,Qualification,1,,1,TRUE,1,61300,0,99,0,,1,0,Ross,Lexi,ICE Gymsports North Canterbury,01/01/0001,,1,20300,2,0,0,E8,100,,,,,,,,,,,,
2737,8050cb81-30bf-47a6-4b0f-a892199e19c8,TCI #1 2023 AGE Interclub Trampoline Championships,,DMT,17 Years and Over Female,Qualification,1,,1,TRUE,1,61300,0,99,0,,1,0,Ross,Lexi,ICE Gymsports North Canterbury,01/01/0001,,1,20300,2,0,0,E∑,186,8,6,0,0,0,0,0,0,0,0,0,0
2738,8050cb81-30bf-47a6-4b0f-a892199e19c8,TCI #1 2023 AGE Interclub Trampoline Championships,,DMT,17 Years and Over Female,Qualification,1,,1,TRUE,1,61300,0,99,0,,1,0,Ross,Lexi,ICE Gymsports North Canterbury,01/01/0001,,1,20300,2,0,0,T,0,,,,,,,,,,,,
2739,8050cb81-30bf-47a6-4b0f-a892199e19c8,TCI #1 2023 AGE Interclub Trampoline Championships,,DMT,17 Years and Over Female,Qualification,1,,1,TRUE,1,61300,0,99,0,,1,0,Ross,Lexi,ICE Gymsports North Canterbury,01/01/0001,,1,20300,2,0,0,D,17,0,,,,,,,,,,,
2740,8050cb81-30bf-47a6-4b0f-a892199e19c8,TCI #1 2023 AGE Interclub Trampoline Championships,,DMT,17 Years and Over Female,Qualification,1,,1,TRUE,1,61300,0,99,0,,1,0,Ross,Lexi,ICE Gymsports North Canterbury,01/01/0001,,1,20300,2,0,0,H,0,0,0,,,,,,,,,,
2741,8050cb81-30bf-47a6-4b0f-a892199e19c8,TCI #1 2023 AGE Interclub Trampoline Championships,,DMT,17 Years and Over Female,Qualification,1,,1,TRUE,1,61300,0,99,0,,1,0,Ross,Lexi,ICE Gymsports North Canterbury,01/01/0001,,2,20800,2,0,0,E1,95,2,2,,,,,,,,,1,0
2742,8050cb81-30bf-47a6-4b0f-a892199e19c8,TCI #1 2023 AGE Interclub Trampoline Championships,,DMT,17 Years and Over Female,Qualification,1,,1,TRUE,1,61300,0,99,0,,1,0,Ross,Lexi,ICE Gymsports North Canterbury,01/01/0001,,2,20800,2,0,0,E2,96,1,2,,,,,,,,,1,0
2743,8050cb81-30bf-47a6-4b0f-a892199e19c8,TCI #1 2023 AGE Interclub Trampoline Championships,,DMT,17 Years and Over Female,Qualification,1,,1,TRUE,1,61300,0,99,0,,1,0,Ross,Lexi,ICE Gymsports North Canterbury,01/01/0001,,2,20800,2,0,0,E3,96,1,2,,,,,,,,,1,0
2744,8050cb81-30bf-47a6-4b0f-a892199e19c8,TCI #1 2023 AGE Interclub Trampoline Championships,,DMT,17 Years and Over Female,Qualification,1,,1,TRUE,1,61300,0,99,0,,1,0,Ross,Lexi,ICE Gymsports North Canterbury,01/01/0001,,2,20800,2,0,0,E4,100,,,,,,,,,,,,
2745,8050cb81-30bf-47a6-4b0f-a892199e19c8,TCI #1 2023 AGE Interclub Trampoline Championships,,DMT,17 Years and Over Female,Qualification,1,,1,TRUE,1,61300,0,99,0,,1,0,Ross,Lexi,ICE Gymsports North Canterbury,01/01/0001,,2,20800,2,0,0,E5,100,,,,,,,,,,,,
2746,8050cb81-30bf-47a6-4b0f-a892199e19c8,TCI #1 2023 AGE Interclub Trampoline Championships,,DMT,17 Years and Over Female,Qualification,1,,1,TRUE,1,61300,0,99,0,,1,0,Ross,Lexi,ICE Gymsports North Canterbury,01/01/0001,,2,20800,2,0,0,E8,100,,,,,,,,,,,,
2747,8050cb81-30bf-47a6-4b0f-a892199e19c8,TCI #1 2023 AGE Interclub Trampoline Championships,,DMT,17 Years and Over Female,Qualification,1,,1,TRUE,1,61300,0,99,0,,1,0,Ross,Lexi,ICE Gymsports North Canterbury,01/01/0001,,2,20800,2,0,0,E∑,192,2,4,0,0,0,0,0,0,0,0,2,0
2748,8050cb81-30bf-47a6-4b0f-a892199e19c8,TCI #1 2023 AGE Interclub Trampoline Championships,,DMT,17 Years and Over Female,Qualification,1,,1,TRUE,1,61300,0,99,0,,1,0,Ross,Lexi,ICE Gymsports North Canterbury,01/01/0001,,2,20800,2,0,0,T,0,,,,,,,,,,,,
2749,8050cb81-30bf-47a6-4b0f-a892199e19c8,TCI #1 2023 AGE Interclub Trampoline Championships,,DMT,17 Years and Over Female,Qualification,1,,1,TRUE,1,61300,0,99,0,,1,0,Ross,Lexi,ICE Gymsports North Canterbury,01/01/0001,,2,20800,2,0,0,D,16,0,,,,,,,,,,,
2750,8050cb81-30bf-47a6-4b0f-a892199e19c8,TCI #1 2023 AGE Interclub Trampoline Championships,,DMT,17 Years and Over Female,Qualification,1,,1,TRUE,1,61300,0,99,0,,1,0,Ross,Lexi,ICE Gymsports North Canterbury,01/01/0001,,2,20800,2,0,0,H,0,0,0,,,,,,,,,,
2751,8050cb81-30bf-47a6-4b0f-a892199e19c8,TCI #1 2023 AGE Interclub Trampoline Championships,,DMT,17 Years and Over Female,Qualification,1,,1,TRUE,1,61300,0,99,0,,1,0,Ross,Lexi,ICE Gymsports North Canterbury,01/01/0001,,3,20200,2,0,0,E1,95,2,2,,,,,,,,,1,0
2752,8050cb81-30bf-47a6-4b0f-a892199e19c8,TCI #1 2023 AGE Interclub Trampoline Championships,,DMT,17 Years and Over Female,Qualification,1,,1,TRUE,1,61300,0,99,0,,1,0,Ross,Lexi,ICE Gymsports North Canterbury,01/01/0001,,3,20200,2,0,0,E2,95,2,2,,,,,,,,,1,0
2753,8050cb81-30bf-47a6-4b0f-a892199e19c8,TCI #1 2023 AGE Interclub Trampoline Championships,,DMT,17 Years and Over Female,Qualification,1,,1,TRUE,1,61300,0,99,0,,1,0,Ross,Lexi,ICE Gymsports North Canterbury,01/01/0001,,3,20200,2,0,0,E3,95,2,2,,,,,,,,,1,0
2754,8050cb81-30bf-47a6-4b0f-a892199e19c8,TCI #1 2023 AGE Interclub Trampoline Championships,,DMT,17 Years and Over Female,Qualification,1,,1,TRUE,1,61300,0,99,0,,1,0,Ross,Lexi,ICE Gymsports North Canterbury,01/01/0001,,3,20200,2,0,0,E4,100,,,,,,,,,,,,
2755,8050cb81-30bf-47a6-4b0f-a892199e19c8,TCI #1 2023 AGE Interclub Trampoline Championships,,DMT,17 Years and Over Female,Qualification,1,,1,TRUE,1,61300,0,99,0,,1,0,Ross,Lexi,ICE Gymsports North Canterbury,01/01/0001,,3,20200,2,0,0,E5,100,,,,,,,,,,,,
2756,8050cb81-30bf-47a6-4b0f-a892199e19c8,TCI #1 2023 AGE Interclub Trampoline Championships,,DMT,17 Years and Over Female,Qualification,1,,1,TRUE,1,61300,0,99,0,,1,0,Ross,Lexi,ICE Gymsports North Canterbury,01/01/0001,,3,20200,2,0,0,E8,100,,,,,,,,,,,,
2757,8050cb81-30bf-47a6-4b0f-a892199e19c8,TCI #1 2023 AGE Interclub Trampoline Championships,,DMT,17 Years and Over Female,Qualification,1,,1,TRUE,1,61300,0,99,0,,1,0,Ross,Lexi,ICE Gymsports North Canterbury,01/01/0001,,3,20200,2,0,0,E∑,190,4,4,0,0,0,0,0,0,0,0,2,0
2758,8050cb81-30bf-47a6-4b0f-a892199e19c8,TCI #1 2023 AGE Interclub Trampoline Championships,,DMT,17 Years and Over Female,Qualification,1,,1,TRUE,1,61300,0,99,0,,1,0,Ross,Lexi,ICE Gymsports North Canterbury,01/01/0001,,3,20200,2,0,0,T,0,,,,,,,,,,,,
2759,8050cb81-30bf-47a6-4b0f-a892199e19c8,TCI #1 2023 AGE Interclub Trampoline Championships,,DMT,17 Years and Over Female,Qualification,1,,1,TRUE,1,61300,0,99,0,,1,0,Ross,Lexi,ICE Gymsports North Canterbury,01/01/0001,,3,20200,2,0,0,D,12,0,,,,,,,,,,,
2760,8050cb81-30bf-47a6-4b0f-a892199e19c8,TCI #1 2023 AGE Interclub Trampoline Championships,,DMT,17 Years and Over Female,Qualification,1,,1,TRUE,1,61300,0,99,0,,1,0,Ross,Lexi,ICE Gymsports North Canterbury,01/01/0001,,3,20200,2,0,0,H,0,0,0,,,,,,,,,,
2761,8050cb81-30bf-47a6-4b0f-a892199e19c8,TCI #1 2023 AGE Interclub Trampoline Championships,,DMT,17 Years and Over Female,Qualification,1,,2,TRUE,3,59700,0,99,0,,1,0,Ward,Hollie,Christchurch School of Gymnastics,01/01/0001,,1,19900,2,0,0,E1,94,2,4,,,,,,,,,0,0
2762,8050cb81-30bf-47a6-4b0f-a892199e19c8,TCI #1 2023 AGE Interclub Trampoline Championships,,DMT,17 Years and Over Female,Qualification,1,,2,TRUE,3,59700,0,99,0,,1,0,Ward,Hollie,Christchurch School of Gymnastics,01/01/0001,,1,19900,2,0,0,E2,93,3,4,,,,,,,,,0,0
2763,8050cb81-30bf-47a6-4b0f-a892199e19c8,TCI #1 2023 AGE Interclub Trampoline Championships,,DMT,17 Years and Over Female,Qualification,1,,2,TRUE,3,59700,0,99,0,,1,0,Ward,Hollie,Christchurch School of Gymnastics,01/01/0001,,1,19900,2,0,0,E3,93,3,4,,,,,,,,,0,0
2764,8050cb81-30bf-47a6-4b0f-a892199e19c8,TCI #1 2023 AGE Interclub Trampoline Championships,,DMT,17 Years and Over Female,Qualification,1,,2,TRUE,3,59700,0,99,0,,1,0,Ward,Hollie,Christchurch School of Gymnastics,01/01/0001,,1,19900,2,0,0,E4,100,,,,,,,,,,,,
2765,8050cb81-30bf-47a6-4b0f-a892199e19c8,TCI #1 2023 AGE Interclub Trampoline Championships,,DMT,17 Years and Over Female,Qualification,1,,2,TRUE,3,59700,0,99,0,,1,0,Ward,Hollie,Christchurch School of Gymnastics,01/01/0001,,1,19900,2,0,0,E5,100,,,,,,,,,,,,
2766,8050cb81-30bf-47a6-4b0f-a892199e19c8,TCI #1 2023 AGE Interclub Trampoline Championships,,DMT,17 Years and Over Female,Qualification,1,,2,TRUE,3,59700,0,99,0,,1,0,Ward,Hollie,Christchurch School of Gymnastics,01/01/0001,,1,19900,2,0,0,E8,100,,,,,,,,,,,,
2767,8050cb81-30bf-47a6-4b0f-a892199e19c8,TCI #1 2023 AGE Interclub Trampoline Championships,,DMT,17 Years and Over Female,Qualification,1,,2,TRUE,3,59700,0,99,0,,1,0,Ward,Hollie,Christchurch School of Gymnastics,01/01/0001,,1,19900,2,0,0,E∑,187,5,8,0,0,0,0,0,0,0,0,0,0
2768,8050cb81-30bf-47a6-4b0f-a892199e19c8,TCI #1 2023 AGE Interclub Trampoline Championships,,DMT,17 Years and Over Female,Qualification,1,,2,TRUE,3,59700,0,99,0,,1,0,Ward,Hollie,Christchurch School of Gymnastics,01/01/0001,,1,19900,2,0,0,T,0,,,,,,,,,,,,
2769,8050cb81-30bf-47a6-4b0f-a892199e19c8,TCI #1 2023 AGE Interclub Trampoline Championships,,DMT,17 Years and Over Female,Qualification,1,,2,TRUE,3,59700,0,99,0,,1,0,Ward,Hollie,Christchurch School of Gymnastics,01/01/0001,,1,19900,2,0,0,D,12,0,,,,,,,,,,,
2770,8050cb81-30bf-47a6-4b0f-a892199e19c8,TCI #1 2023 AGE Interclub Trampoline Championships,,DMT,17 Years and Over Female,Qualification,1,,2,TRUE,3,59700,0,99,0,,1,0,Ward,Hollie,Christchurch School of Gymnastics,01/01/0001,,1,19900,2,0,0,H,0,0,0,,,,,,,,,,
2771,8050cb81-30bf-47a6-4b0f-a892199e19c8,TCI #1 2023 AGE Interclub Trampoline Championships,,DMT,17 Years and Over Female,Qualification,1,,2,TRUE,3,59700,0,99,0,,1,0,Ward,Hollie,Christchurch School of Gymnastics,01/01/0001,,2,19900,2,0,0,E1,94,2,3,,,,,,,,,1,0
2772,8050cb81-30bf-47a6-4b0f-a892199e19c8,TCI #1 2023 AGE Interclub Trampoline Championships,,DMT,17 Years and Over Female,Qualification,1,,2,TRUE,3,59700,0,99,0,,1,0,Ward,Hollie,Christchurch School of Gymnastics,01/01/0001,,2,19900,2,0,0,E2,93,3,3,,,,,,,,,1,0
2773,8050cb81-30bf-47a6-4b0f-a892199e19c8,TCI #1 2023 AGE Interclub Trampoline Championships,,DMT,17 Years and Over Female,Qualification,1,,2,TRUE,3,59700,0,99,0,,1,0,Ward,Hollie,Christchurch School of Gymnastics,01/01/0001,,2,19900,2,0,0,E3,93,3,3,,,,,,,,,1,0
2774,8050cb81-30bf-47a6-4b0f-a892199e19c8,TCI #1 2023 AGE Interclub Trampoline Championships,,DMT,17 Years and Over Female,Qualification,1,,2,TRUE,3,59700,0,99,0,,1,0,Ward,Hollie,Christchurch School of Gymnastics,01/01/0001,,2,19900,2,0,0,E4,100,,,,,,,,,,,,
2775,8050cb81-30bf-47a6-4b0f-a892199e19c8,TCI #1 2023 AGE Interclub Trampoline Championships,,DMT,17 Years and Over Female,Qualification,1,,2,TRUE,3,59700,0,99,0,,1,0,Ward,Hollie,Christchurch School of Gymnastics,01/01/0001,,2,19900,2,0,0,E5,100,,,,,,,,,,,,
2776,8050cb81-30bf-47a6-4b0f-a892199e19c8,TCI #1 2023 AGE Interclub Trampoline Championships,,DMT,17 Years and Over Female,Qualification,1,,2,TRUE,3,59700,0,99,0,,1,0,Ward,Hollie,Christchurch School of Gymnastics,01/01/0001,,2,19900,2,0,0,E8,100,,,,,,,,,,,,
2777,8050cb81-30bf-47a6-4b0f-a892199e19c8,TCI #1 2023 AGE Interclub Trampoline Championships,,DMT,17 Years and Over Female,Qualification,1,,2,TRUE,3,59700,0,99,0,,1,0,Ward,Hollie,Christchurch School of Gymnastics,01/01/0001,,2,19900,2,0,0,E∑,187,5,6,0,0,0,0,0,0,0,0,2,0
2778,8050cb81-30bf-47a6-4b0f-a892199e19c8,TCI #1 2023 AGE Interclub Trampoline Championships,,DMT,17 Years and Over Female,Qualification,1,,2,TRUE,3,59700,0,99,0,,1,0,Ward,Hollie,Christchurch School of Gymnastics,01/01/0001,,2,19900,2,0,0,T,0,,,,,,,,,,,,
2779,8050cb81-30bf-47a6-4b0f-a892199e19c8,TCI #1 2023 AGE Interclub Trampoline Championships,,DMT,17 Years and Over Female,Qualification,1,,2,TRUE,3,59700,0,99,0,,1,0,Ward,Hollie,Christchurch School of Gymnastics,01/01/0001,,2,19900,2,0,0,D,12,0,,,,,,,,,,,
2780,8050cb81-30bf-47a6-4b0f-a892199e19c8,TCI #1 2023 AGE Interclub Trampoline Championships,,DMT,17 Years and Over Female,Qualification,1,,2,TRUE,3,59700,0,99,0,,1,0,Ward,Hollie,Christchurch School of Gymnastics,01/01/0001,,2,19900,2,0,0,H,0,0,0,,,,,,,,,,
2781,8050cb81-30bf-47a6-4b0f-a892199e19c8,TCI #1 2023 AGE Interclub Trampoline Championships,,DMT,17 Years and Over Female,Qualification,1,,2,TRUE,3,59700,0,99,0,,1,0,Ward,Hollie,Christchurch School of Gymnastics,01/01/0001,,3,19900,2,0,6,E1,96,2,2,,,,,,,,,0,0
2782,8050cb81-30bf-47a6-4b0f-a892199e19c8,TCI #1 2023 AGE Interclub Trampoline Championships,,DMT,17 Years and Over Female,Qualification,1,,2,TRUE,3,59700,0,99,0,,1,0,Ward,Hollie,Christchurch School of Gymnastics,01/01/0001,,3,19900,2,0,6,E2,96,2,2,,,,,,,,,0,0
2783,8050cb81-30bf-47a6-4b0f-a892199e19c8,TCI #1 2023 AGE Interclub Trampoline Championships,,DMT,17 Years and Over Female,Qualification,1,,2,TRUE,3,59700,0,99,0,,1,0,Ward,Hollie,Christchurch School of Gymnastics,01/01/0001,,3,19900,2,0,6,E3,96,2,2,,,,,,,,,0,0
2784,8050cb81-30bf-47a6-4b0f-a892199e19c8,TCI #1 2023 AGE Interclub Trampoline Championships,,DMT,17 Years and Over Female,Qualification,1,,2,TRUE,3,59700,0,99,0,,1,0,Ward,Hollie,Christchurch School of Gymnastics,01/01/0001,,3,19900,2,0,6,E4,100,,,,,,,,,,,,
2785,8050cb81-30bf-47a6-4b0f-a892199e19c8,TCI #1 2023 AGE Interclub Trampoline Championships,,DMT,17 Years and Over Female,Qualification,1,,2,TRUE,3,59700,0,99,0,,1,0,Ward,Hollie,Christchurch School of Gymnastics,01/01/0001,,3,19900,2,0,6,E5,100,,,,,,,,,,,,
2786,8050cb81-30bf-47a6-4b0f-a892199e19c8,TCI #1 2023 AGE Interclub Trampoline Championships,,DMT,17 Years and Over Female,Qualification,1,,2,TRUE,3,59700,0,99,0,,1,0,Ward,Hollie,Christchurch School of Gymnastics,01/01/0001,,3,19900,2,0,6,E8,100,,,,,,,,,,,,
2787,8050cb81-30bf-47a6-4b0f-a892199e19c8,TCI #1 2023 AGE Interclub Trampoline Championships,,DMT,17 Years and Over Female,Qualification,1,,2,TRUE,3,59700,0,99,0,,1,0,Ward,Hollie,Christchurch School of Gymnastics,01/01/0001,,3,19900,2,0,6,E∑,192,4,4,0,0,0,0,0,0,0,0,0,0
2788,8050cb81-30bf-47a6-4b0f-a892199e19c8,TCI #1 2023 AGE Interclub Trampoline Championships,,DMT,17 Years and Over Female,Qualification,1,,2,TRUE,3,59700,0,99,0,,1,0,Ward,Hollie,Christchurch School of Gymnastics,01/01/0001,,3,19900,2,0,6,T,0,,,,,,,,,,,,
2789,8050cb81-30bf-47a6-4b0f-a892199e19c8,TCI #1 2023 AGE Interclub Trampoline Championships,,DMT,17 Years and Over Female,Qualification,1,,2,TRUE,3,59700,0,99,0,,1,0,Ward,Hollie,Christchurch School of Gymnastics,01/01/0001,,3,19900,2,0,6,D,13,0,,,,,,,,,,,
2790,8050cb81-30bf-47a6-4b0f-a892199e19c8,TCI #1 2023 AGE Interclub Trampoline Championships,,DMT,17 Years and Over Female,Qualification,1,,2,TRUE,3,59700,0,99,0,,1,0,Ward,Hollie,Christchurch School of Gymnastics,01/01/0001,,3,19900,2,0,6,H,0,0,0,,,,,,,,,,
2791,8050cb81-30bf-47a6-4b0f-a892199e19c8,TCI #1 2023 AGE Interclub Trampoline Championships,,DMT,17 Years and Over Female,Qualification,1,,3,TRUE,2,60800,0,99,0,,1,0,Ward,Ericka,Christchurch School of Gymnastics,01/01/0001,,1,19800,2,0,6,E1,94,2,3,,,,,,,,,1,0
2792,8050cb81-30bf-47a6-4b0f-a892199e19c8,TCI #1 2023 AGE Interclub Trampoline Championships,,DMT,17 Years and Over Female,Qualification,1,,3,TRUE,2,60800,0,99,0,,1,0,Ward,Ericka,Christchurch School of Gymnastics,01/01/0001,,1,19800,2,0,6,E2,93,3,3,,,,,,,,,1,0
2793,8050cb81-30bf-47a6-4b0f-a892199e19c8,TCI #1 2023 AGE Interclub Trampoline Championships,,DMT,17 Years and Over Female,Qualification,1,,3,TRUE,2,60800,0,99,0,,1,0,Ward,Ericka,Christchurch School of Gymnastics,01/01/0001,,1,19800,2,0,6,E3,93,3,3,,,,,,,,,1,0
2794,8050cb81-30bf-47a6-4b0f-a892199e19c8,TCI #1 2023 AGE Interclub Trampoline Championships,,DMT,17 Years and Over Female,Qualification,1,,3,TRUE,2,60800,0,99,0,,1,0,Ward,Ericka,Christchurch School of Gymnastics,01/01/0001,,1,19800,2,0,6,E4,100,,,,,,,,,,,,
2795,8050cb81-30bf-47a6-4b0f-a892199e19c8,TCI #1 2023 AGE Interclub Trampoline Championships,,DMT,17 Years and Over Female,Qualification,1,,3,TRUE,2,60800,0,99,0,,1,0,Ward,Ericka,Christchurch School of Gymnastics,01/01/0001,,1,19800,2,0,6,E5,100,,,,,,,,,,,,
2796,8050cb81-30bf-47a6-4b0f-a892199e19c8,TCI #1 2023 AGE Interclub Trampoline Championships,,DMT,17 Years and Over Female,Qualification,1,,3,TRUE,2,60800,0,99,0,,1,0,Ward,Ericka,Christchurch School of Gymnastics,01/01/0001,,1,19800,2,0,6,E8,100,,,,,,,,,,,,
2797,8050cb81-30bf-47a6-4b0f-a892199e19c8,TCI #1 2023 AGE Interclub Trampoline Championships,,DMT,17 Years and Over Female,Qualification,1,,3,TRUE,2,60800,0,99,0,,1,0,Ward,Ericka,Christchurch School of Gymnastics,01/01/0001,,1,19800,2,0,6,E∑,187,5,6,0,0,0,0,0,0,0,0,2,0
2798,8050cb81-30bf-47a6-4b0f-a892199e19c8,TCI #1 2023 AGE Interclub Trampoline Championships,,DMT,17 Years and Over Female,Qualification,1,,3,TRUE,2,60800,0,99,0,,1,0,Ward,Ericka,Christchurch School of Gymnastics,01/01/0001,,1,19800,2,0,6,T,0,,,,,,,,,,,,
2799,8050cb81-30bf-47a6-4b0f-a892199e19c8,TCI #1 2023 AGE Interclub Trampoline Championships,,DMT,17 Years and Over Female,Qualification,1,,3,TRUE,2,60800,0,99,0,,1,0,Ward,Ericka,Christchurch School of Gymnastics,01/01/0001,,1,19800,2,0,6,D,17,0,,,,,,,,,,,
2800,8050cb81-30bf-47a6-4b0f-a892199e19c8,TCI #1 2023 AGE Interclub Trampoline Championships,,DMT,17 Years and Over Female,Qualification,1,,3,TRUE,2,60800,0,99,0,,1,0,Ward,Ericka,Christchurch School of Gymnastics,01/01/0001,,1,19800,2,0,6,H,0,0,0,,,,,,,,,,
2801,8050cb81-30bf-47a6-4b0f-a892199e19c8,TCI #1 2023 AGE Interclub Trampoline Championships,,DMT,17 Years and Over Female,Qualification,1,,3,TRUE,2,60800,0,99,0,,1,0,Ward,Ericka,Christchurch School of Gymnastics,01/01/0001,,2,20800,2,0,0,E1,96,2,2,,,,,,,,,0,0
2802,8050cb81-30bf-47a6-4b0f-a892199e19c8,TCI #1 2023 AGE Interclub Trampoline Championships,,DMT,17 Years and Over Female,Qualification,1,,3,TRUE,2,60800,0,99,0,,1,0,Ward,Ericka,Christchurch School of Gymnastics,01/01/0001,,2,20800,2,0,0,E2,96,2,2,,,,,,,,,0,0
2803,8050cb81-30bf-47a6-4b0f-a892199e19c8,TCI #1 2023 AGE Interclub Trampoline Championships,,DMT,17 Years and Over Female,Qualification,1,,3,TRUE,2,60800,0,99,0,,1,0,Ward,Ericka,Christchurch School of Gymnastics,01/01/0001,,2,20800,2,0,0,E3,96,2,2,,,,,,,,,0,0
2804,8050cb81-30bf-47a6-4b0f-a892199e19c8,TCI #1 2023 AGE Interclub Trampoline Championships,,DMT,17 Years and Over Female,Qualification,1,,3,TRUE,2,60800,0,99,0,,1,0,Ward,Ericka,Christchurch School of Gymnastics,01/01/0001,,2,20800,2,0,0,E4,100,,,,,,,,,,,,
2805,8050cb81-30bf-47a6-4b0f-a892199e19c8,TCI #1 2023 AGE Interclub Trampoline Championships,,DMT,17 Years and Over Female,Qualification,1,,3,TRUE,2,60800,0,99,0,,1,0,Ward,Ericka,Christchurch School of Gymnastics,01/01/0001,,2,20800,2,0,0,E5,100,,,,,,,,,,,,
2806,8050cb81-30bf-47a6-4b0f-a892199e19c8,TCI #1 2023 AGE Interclub Trampoline Championships,,DMT,17 Years and Over Female,Qualification,1,,3,TRUE,2,60800,0,99,0,,1,0,Ward,Ericka,Christchurch School of Gymnastics,01/01/0001,,2,20800,2,0,0,E8,100,,,,,,,,,,,,
2807,8050cb81-30bf-47a6-4b0f-a892199e19c8,TCI #1 2023 AGE Interclub Trampoline Championships,,DMT,17 Years and Over Female,Qualification,1,,3,TRUE,2,60800,0,99,0,,1,0,Ward,Ericka,Christchurch School of Gymnastics,01/01/0001,,2,20800,2,0,0,E∑,192,4,4,0,0,0,0,0,0,0,0,0,0
2808,8050cb81-30bf-47a6-4b0f-a892199e19c8,TCI #1 2023 AGE Interclub Trampoline Championships,,DMT,17 Years and Over Female,Qualification,1,,3,TRUE,2,60800,0,99,0,,1,0,Ward,Ericka,Christchurch School of Gymnastics,01/01/0001,,2,20800,2,0,0,T,0,,,,,,,,,,,,
2809,8050cb81-30bf-47a6-4b0f-a892199e19c8,TCI #1 2023 AGE Interclub Trampoline Championships,,DMT,17 Years and Over Female,Qualification,1,,3,TRUE,2,60800,0,99,0,,1,0,Ward,Ericka,Christchurch School of Gymnastics,01/01/0001,,2,20800,2,0,0,D,16,0,,,,,,,,,,,
2810,8050cb81-30bf-47a6-4b0f-a892199e19c8,TCI #1 2023 AGE Interclub Trampoline Championships,,DMT,17 Years and Over Female,Qualification,1,,3,TRUE,2,60800,0,99,0,,1,0,Ward,Ericka,Christchurch School of Gymnastics,01/01/0001,,2,20800,2,0,0,H,0,0,0,,,,,,,,,,
2811,8050cb81-30bf-47a6-4b0f-a892199e19c8,TCI #1 2023 AGE Interclub Trampoline Championships,,DMT,17 Years and Over Female,Qualification,1,,3,TRUE,2,60800,0,99,0,,1,0,Ward,Ericka,Christchurch School of Gymnastics,01/01/0001,,3,20200,2,0,0,E1,95,2,2,,,,,,,,,1,0
2812,8050cb81-30bf-47a6-4b0f-a892199e19c8,TCI #1 2023 AGE Interclub Trampoline Championships,,DMT,17 Years and Over Female,Qualification,1,,3,TRUE,2,60800,0,99,0,,1,0,Ward,Ericka,Christchurch School of Gymnastics,01/01/0001,,3,20200,2,0,0,E2,94,2,3,,,,,,,,,1,0
2813,8050cb81-30bf-47a6-4b0f-a892199e19c8,TCI #1 2023 AGE Interclub Trampoline Championships,,DMT,17 Years and Over Female,Qualification,1,,3,TRUE,2,60800,0,99,0,,1,0,Ward,Ericka,Christchurch School of Gymnastics,01/01/0001,,3,20200,2,0,0,E3,94,2,3,,,,,,,,,1,0
2814,8050cb81-30bf-47a6-4b0f-a892199e19c8,TCI #1 2023 AGE Interclub Trampoline Championships,,DMT,17 Years and Over Female,Qualification,1,,3,TRUE,2,60800,0,99,0,,1,0,Ward,Ericka,Christchurch School of Gymnastics,01/01/0001,,3,20200,2,0,0,E4,100,,,,,,,,,,,,
2815,8050cb81-30bf-47a6-4b0f-a892199e19c8,TCI #1 2023 AGE Interclub Trampoline Championships,,DMT,17 Years and Over Female,Qualification,1,,3,TRUE,2,60800,0,99,0,,1,0,Ward,Ericka,Christchurch School of Gymnastics,01/01/0001,,3,20200,2,0,0,E5,100,,,,,,,,,,,,
2816,8050cb81-30bf-47a6-4b0f-a892199e19c8,TCI #1 2023 AGE Interclub Trampoline Championships,,DMT,17 Years and Over Female,Qualification,1,,3,TRUE,2,60800,0,99,0,,1,0,Ward,Ericka,Christchurch School of Gymnastics,01/01/0001,,3,20200,2,0,0,E8,100,,,,,,,,,,,,
2817,8050cb81-30bf-47a6-4b0f-a892199e19c8,TCI #1 2023 AGE Interclub Trampoline Championships,,DMT,17 Years and Over Female,Qualification,1,,3,TRUE,2,60800,0,99,0,,1,0,Ward,Ericka,Christchurch School of Gymnastics,01/01/0001,,3,20200,2,0,0,E∑,189,4,5,0,0,0,0,0,0,0,0,2,0
2818,8050cb81-30bf-47a6-4b0f-a892199e19c8,TCI #1 2023 AGE Interclub Trampoline Championships,,DMT,17 Years and Over Female,Qualification,1,,3,TRUE,2,60800,0,99,0,,1,0,Ward,Ericka,Christchurch School of Gymnastics,01/01/0001,,3,20200,2,0,0,T,0,,,,,,,,,,,,
2819,8050cb81-30bf-47a6-4b0f-a892199e19c8,TCI #1 2023 AGE Interclub Trampoline Championships,,DMT,17 Years and Over Female,Qualification,1,,3,TRUE,2,60800,0,99,0,,1,0,Ward,Ericka,Christchurch School of Gymnastics,01/01/0001,,3,20200,2,0,0,D,13,0,,,,,,,,,,,
2820,8050cb81-30bf-47a6-4b0f-a892199e19c8,TCI #1 2023 AGE Interclub Trampoline Championships,,DMT,17 Years and Over Female,Qualification,1,,3,TRUE,2,60800,0,99,0,,1,0,Ward,Ericka,Christchurch School of Gymnastics,01/01/0001,,3,20200,2,0,0,H,0,0,0,,,,,,,,,,
2821,8050cb81-30bf-47a6-4b0f-a892199e19c8,TCI #1 2023 AGE Interclub Trampoline Championships,,DMT,17 Years and Over Female,Qualification,1,,4,TRUE,4,59500,0,99,0,,1,0,Sutherland,Carmen,Christchurch School of Gymnastics,01/01/0001,,1,17900,1,0,0,E1,86,4,,,,,,,,,,,0
2822,8050cb81-30bf-47a6-4b0f-a892199e19c8,TCI #1 2023 AGE Interclub Trampoline Championships,,DMT,17 Years and Over Female,Qualification,1,,4,TRUE,4,59500,0,99,0,,1,0,Sutherland,Carmen,Christchurch School of Gymnastics,01/01/0001,,1,17900,1,0,0,E2,86,4,,,,,,,,,,,0
2823,8050cb81-30bf-47a6-4b0f-a892199e19c8,TCI #1 2023 AGE Interclub Trampoline Championships,,DMT,17 Years and Over Female,Qualification,1,,4,TRUE,4,59500,0,99,0,,1,0,Sutherland,Carmen,Christchurch School of Gymnastics,01/01/0001,,1,17900,1,0,0,E3,86,4,3,,,,,,,,,0,0
2824,8050cb81-30bf-47a6-4b0f-a892199e19c8,TCI #1 2023 AGE Interclub Trampoline Championships,,DMT,17 Years and Over Female,Qualification,1,,4,TRUE,4,59500,0,99,0,,1,0,Sutherland,Carmen,Christchurch School of Gymnastics,01/01/0001,,1,17900,1,0,0,E4,90,,,,,,,,,,,,
2825,8050cb81-30bf-47a6-4b0f-a892199e19c8,TCI #1 2023 AGE Interclub Trampoline Championships,,DMT,17 Years and Over Female,Qualification,1,,4,TRUE,4,59500,0,99,0,,1,0,Sutherland,Carmen,Christchurch School of Gymnastics,01/01/0001,,1,17900,1,0,0,E5,90,,,,,,,,,,,,
2826,8050cb81-30bf-47a6-4b0f-a892199e19c8,TCI #1 2023 AGE Interclub Trampoline Championships,,DMT,17 Years and Over Female,Qualification,1,,4,TRUE,4,59500,0,99,0,,1,0,Sutherland,Carmen,Christchurch School of Gymnastics,01/01/0001,,1,17900,1,0,0,E8,90,,,,,,,,,,,,
2827,8050cb81-30bf-47a6-4b0f-a892199e19c8,TCI #1 2023 AGE Interclub Trampoline Championships,,DMT,17 Years and Over Female,Qualification,1,,4,TRUE,4,59500,0,99,0,,1,0,Sutherland,Carmen,Christchurch School of Gymnastics,01/01/0001,,1,17900,1,0,0,E∑,172,8,0,0,0,0,0,0,0,0,0,0,0
2828,8050cb81-30bf-47a6-4b0f-a892199e19c8,TCI #1 2023 AGE Interclub Trampoline Championships,,DMT,17 Years and Over Female,Qualification,1,,4,TRUE,4,59500,0,99,0,,1,0,Sutherland,Carmen,Christchurch School of Gymnastics,01/01/0001,,1,17900,1,0,0,T,0,,,,,,,,,,,,
2829,8050cb81-30bf-47a6-4b0f-a892199e19c8,TCI #1 2023 AGE Interclub Trampoline Championships,,DMT,17 Years and Over Female,Qualification,1,,4,TRUE,4,59500,0,99,0,,1,0,Sutherland,Carmen,Christchurch School of Gymnastics,01/01/0001,,1,17900,1,0,0,D,7,0,,,,,,,,,,,
2830,8050cb81-30bf-47a6-4b0f-a892199e19c8,TCI #1 2023 AGE Interclub Trampoline Championships,,DMT,17 Years and Over Female,Qualification,1,,4,TRUE,4,59500,0,99,0,,1,0,Sutherland,Carmen,Christchurch School of Gymnastics,01/01/0001,,1,17900,1,0,0,H,0,0,0,,,,,,,,,,
2831,8050cb81-30bf-47a6-4b0f-a892199e19c8,TCI #1 2023 AGE Interclub Trampoline Championships,,DMT,17 Years and Over Female,Qualification,1,,4,TRUE,4,59500,0,99,0,,1,0,Sutherland,Carmen,Christchurch School of Gymnastics,01/01/0001,,2,20100,2,0,0,E1,95,2,3,,,,,,,,,0,0
2832,8050cb81-30bf-47a6-4b0f-a892199e19c8,TCI #1 2023 AGE Interclub Trampoline Championships,,DMT,17 Years and Over Female,Qualification,1,,4,TRUE,4,59500,0,99,0,,1,0,Sutherland,Carmen,Christchurch School of Gymnastics,01/01/0001,,2,20100,2,0,0,E2,97,1,1,,,,,,,,,1,0
2833,8050cb81-30bf-47a6-4b0f-a892199e19c8,TCI #1 2023 AGE Interclub Trampoline Championships,,DMT,17 Years and Over Female,Qualification,1,,4,TRUE,4,59500,0,99,0,,1,0,Sutherland,Carmen,Christchurch School of Gymnastics,01/01/0001,,2,20100,2,0,0,E3,96,1,1,,,,,,,,,2,0
2834,8050cb81-30bf-47a6-4b0f-a892199e19c8,TCI #1 2023 AGE Interclub Trampoline Championships,,DMT,17 Years and Over Female,Qualification,1,,4,TRUE,4,59500,0,99,0,,1,0,Sutherland,Carmen,Christchurch School of Gymnastics,01/01/0001,,2,20100,2,0,0,E4,100,,,,,,,,,,,,
2835,8050cb81-30bf-47a6-4b0f-a892199e19c8,TCI #1 2023 AGE Interclub Trampoline Championships,,DMT,17 Years and Over Female,Qualification,1,,4,TRUE,4,59500,0,99,0,,1,0,Sutherland,Carmen,Christchurch School of Gymnastics,01/01/0001,,2,20100,2,0,0,E5,100,,,,,,,,,,,,
2836,8050cb81-30bf-47a6-4b0f-a892199e19c8,TCI #1 2023 AGE Interclub Trampoline Championships,,DMT,17 Years and Over Female,Qualification,1,,4,TRUE,4,59500,0,99,0,,1,0,Sutherland,Carmen,Christchurch School of Gymnastics,01/01/0001,,2,20100,2,0,0,E8,100,,,,,,,,,,,,
2837,8050cb81-30bf-47a6-4b0f-a892199e19c8,TCI #1 2023 AGE Interclub Trampoline Championships,,DMT,17 Years and Over Female,Qualification,1,,4,TRUE,4,59500,0,99,0,,1,0,Sutherland,Carmen,Christchurch School of Gymnastics,01/01/0001,,2,20100,2,0,0,E∑,195,2,2,0,0,0,0,0,0,0,0,1,0
2838,8050cb81-30bf-47a6-4b0f-a892199e19c8,TCI #1 2023 AGE Interclub Trampoline Championships,,DMT,17 Years and Over Female,Qualification,1,,4,TRUE,4,59500,0,99,0,,1,0,Sutherland,Carmen,Christchurch School of Gymnastics,01/01/0001,,2,20100,2,0,0,T,0,,,,,,,,,,,,
2839,8050cb81-30bf-47a6-4b0f-a892199e19c8,TCI #1 2023 AGE Interclub Trampoline Championships,,DMT,17 Years and Over Female,Qualification,1,,4,TRUE,4,59500,0,99,0,,1,0,Sutherland,Carmen,Christchurch School of Gymnastics,01/01/0001,,2,20100,2,0,0,D,6,0,,,,,,,,,,,
2840,8050cb81-30bf-47a6-4b0f-a892199e19c8,TCI #1 2023 AGE Interclub Trampoline Championships,,DMT,17 Years and Over Female,Qualification,1,,4,TRUE,4,59500,0,99,0,,1,0,Sutherland,Carmen,Christchurch School of Gymnastics,01/01/0001,,2,20100,2,0,0,H,0,0,0,,,,,,,,,,
2841,8050cb81-30bf-47a6-4b0f-a892199e19c8,TCI #1 2023 AGE Interclub Trampoline Championships,,DMT,17 Years and Over Female,Qualification,1,,4,TRUE,4,59500,0,99,0,,1,0,Sutherland,Carmen,Christchurch School of Gymnastics,01/01/0001,,3,21500,2,0,0,E1,94,3,2,,,,,,,,,1,0
2842,8050cb81-30bf-47a6-4b0f-a892199e19c8,TCI #1 2023 AGE Interclub Trampoline Championships,,DMT,17 Years and Over Female,Qualification,1,,4,TRUE,4,59500,0,99,0,,1,0,Sutherland,Carmen,Christchurch School of Gymnastics,01/01/0001,,3,21500,2,0,0,E2,94,3,2,,,,,,,,,1,0
2843,8050cb81-30bf-47a6-4b0f-a892199e19c8,TCI #1 2023 AGE Interclub Trampoline Championships,,DMT,17 Years and Over Female,Qualification,1,,4,TRUE,4,59500,0,99,0,,1,0,Sutherland,Carmen,Christchurch School of Gymnastics,01/01/0001,,3,21500,2,0,0,E3,94,3,2,,,,,,,,,1,0
2844,8050cb81-30bf-47a6-4b0f-a892199e19c8,TCI #1 2023 AGE Interclub Trampoline Championships,,DMT,17 Years and Over Female,Qualification,1,,4,TRUE,4,59500,0,99,0,,1,0,Sutherland,Carmen,Christchurch School of Gymnastics,01/01/0001,,3,21500,2,0,0,E4,100,,,,,,,,,,,,
2845,8050cb81-30bf-47a6-4b0f-a892199e19c8,TCI #1 2023 AGE Interclub Trampoline Championships,,DMT,17 Years and Over Female,Qualification,1,,4,TRUE,4,59500,0,99,0,,1,0,Sutherland,Carmen,Christchurch School of Gymnastics,01/01/0001,,3,21500,2,0,0,E5,100,,,,,,,,,,,,
2846,8050cb81-30bf-47a6-4b0f-a892199e19c8,TCI #1 2023 AGE Interclub Trampoline Championships,,DMT,17 Years and Over Female,Qualification,1,,4,TRUE,4,59500,0,99,0,,1,0,Sutherland,Carmen,Christchurch School of Gymnastics,01/01/0001,,3,21500,2,0,0,E8,100,,,,,,,,,,,,
2847,8050cb81-30bf-47a6-4b0f-a892199e19c8,TCI #1 2023 AGE Interclub Trampoline Championships,,DMT,17 Years and Over Female,Qualification,1,,4,TRUE,4,59500,0,99,0,,1,0,Sutherland,Carmen,Christchurch School of Gymnastics,01/01/0001,,3,21500,2,0,0,E∑,188,6,4,0,0,0,0,0,0,0,0,2,0
2848,8050cb81-30bf-47a6-4b0f-a892199e19c8,TCI #1 2023 AGE Interclub Trampoline Championships,,DMT,17 Years and Over Female,Qualification,1,,4,TRUE,4,59500,0,99,0,,1,0,Sutherland,Carmen,Christchurch School of Gymnastics,01/01/0001,,3,21500,2,0,0,T,0,,,,,,,,,,,,
2849,8050cb81-30bf-47a6-4b0f-a892199e19c8,TCI #1 2023 AGE Interclub Trampoline Championships,,DMT,17 Years and Over Female,Qualification,1,,4,TRUE,4,59500,0,99,0,,1,0,Sutherland,Carmen,Christchurch School of Gymnastics,01/01/0001,,3,21500,2,0,0,D,27,0,,,,,,,,,,,
2850,8050cb81-30bf-47a6-4b0f-a892199e19c8,TCI #1 2023 AGE Interclub Trampoline Championships,,DMT,17 Years and Over Female,Qualification,1,,4,TRUE,4,59500,0,99,0,,1,0,Sutherland,Carmen,Christchurch School of Gymnastics,01/01/0001,,3,21500,2,0,0,H,0,0,0,,,,,,,,,,
2851,8050cb81-30bf-47a6-4b0f-a892199e19c8,TCI #1 2023 AGE Interclub Trampoline Championships,,DMT,17 Years and Over Female,Qualification,1,,5,TRUE,5,58700,0,99,0,,1,0,Watson,Ami,Christchurch School of Gymnastics,01/01/0001,,1,19900,2,0,2,E1,94,2,3,,,,,,,,,1,0
2852,8050cb81-30bf-47a6-4b0f-a892199e19c8,TCI #1 2023 AGE Interclub Trampoline Championships,,DMT,17 Years and Over Female,Qualification,1,,5,TRUE,5,58700,0,99,0,,1,0,Watson,Ami,Christchurch School of Gymnastics,01/01/0001,,1,19900,2,0,2,E2,93,2,2,,,,,,,,,3,0
2853,8050cb81-30bf-47a6-4b0f-a892199e19c8,TCI #1 2023 AGE Interclub Trampoline Championships,,DMT,17 Years and Over Female,Qualification,1,,5,TRUE,5,58700,0,99,0,,1,0,Watson,Ami,Christchurch School of Gymnastics,01/01/0001,,1,19900,2,0,2,E3,93,2,2,,,,,,,,,3,0
2854,8050cb81-30bf-47a6-4b0f-a892199e19c8,TCI #1 2023 AGE Interclub Trampoline Championships,,DMT,17 Years and Over Female,Qualification,1,,5,TRUE,5,58700,0,99,0,,1,0,Watson,Ami,Christchurch School of Gymnastics,01/01/0001,,1,19900,2,0,2,E4,100,,,,,,,,,,,,
2855,8050cb81-30bf-47a6-4b0f-a892199e19c8,TCI #1 2023 AGE Interclub Trampoline Championships,,DMT,17 Years and Over Female,Qualification,1,,5,TRUE,5,58700,0,99,0,,1,0,Watson,Ami,Christchurch School of Gymnastics,01/01/0001,,1,19900,2,0,2,E5,100,,,,,,,,,,,,
2856,8050cb81-30bf-47a6-4b0f-a892199e19c8,TCI #1 2023 AGE Interclub Trampoline Championships,,DMT,17 Years and Over Female,Qualification,1,,5,TRUE,5,58700,0,99,0,,1,0,Watson,Ami,Christchurch School of Gymnastics,01/01/0001,,1,19900,2,0,2,E8,100,,,,,,,,,,,,
2857,8050cb81-30bf-47a6-4b0f-a892199e19c8,TCI #1 2023 AGE Interclub Trampoline Championships,,DMT,17 Years and Over Female,Qualification,1,,5,TRUE,5,58700,0,99,0,,1,0,Watson,Ami,Christchurch School of Gymnastics,01/01/0001,,1,19900,2,0,2,E∑,188,4,4,0,0,0,0,0,0,0,0,4,0
2858,8050cb81-30bf-47a6-4b0f-a892199e19c8,TCI #1 2023 AGE Interclub Trampoline Championships,,DMT,17 Years and Over Female,Qualification,1,,5,TRUE,5,58700,0,99,0,,1,0,Watson,Ami,Christchurch School of Gymnastics,01/01/0001,,1,19900,2,0,2,T,0,,,,,,,,,,,,
2859,8050cb81-30bf-47a6-4b0f-a892199e19c8,TCI #1 2023 AGE Interclub Trampoline Championships,,DMT,17 Years and Over Female,Qualification,1,,5,TRUE,5,58700,0,99,0,,1,0,Watson,Ami,Christchurch School of Gymnastics,01/01/0001,,1,19900,2,0,2,D,13,0,,,,,,,,,,,
2860,8050cb81-30bf-47a6-4b0f-a892199e19c8,TCI #1 2023 AGE Interclub Trampoline Championships,,DMT,17 Years and Over Female,Qualification,1,,5,TRUE,5,58700,0,99,0,,1,0,Watson,Ami,Christchurch School of Gymnastics,01/01/0001,,1,19900,2,0,2,H,0,0,0,,,,,,,,,,
2861,8050cb81-30bf-47a6-4b0f-a892199e19c8,TCI #1 2023 AGE Interclub Trampoline Championships,,DMT,17 Years and Over Female,Qualification,1,,5,TRUE,5,58700,0,99,0,,1,0,Watson,Ami,Christchurch School of Gymnastics,01/01/0001,,2,20600,2,0,0,E1,94,2,2,,,,,,,,,2,0
2862,8050cb81-30bf-47a6-4b0f-a892199e19c8,TCI #1 2023 AGE Interclub Trampoline Championships,,DMT,17 Years and Over Female,Qualification,1,,5,TRUE,5,58700,0,99,0,,1,0,Watson,Ami,Christchurch School of Gymnastics,01/01/0001,,2,20600,2,0,0,E2,95,2,2,,,,,,,,,1,0
2863,8050cb81-30bf-47a6-4b0f-a892199e19c8,TCI #1 2023 AGE Interclub Trampoline Championships,,DMT,17 Years and Over Female,Qualification,1,,5,TRUE,5,58700,0,99,0,,1,0,Watson,Ami,Christchurch School of Gymnastics,01/01/0001,,2,20600,2,0,0,E3,94,2,2,,,,,,,,,2,0
2864,8050cb81-30bf-47a6-4b0f-a892199e19c8,TCI #1 2023 AGE Interclub Trampoline Championships,,DMT,17 Years and Over Female,Qualification,1,,5,TRUE,5,58700,0,99,0,,1,0,Watson,Ami,Christchurch School of Gymnastics,01/01/0001,,2,20600,2,0,0,E4,100,,,,,,,,,,,,
2865,8050cb81-30bf-47a6-4b0f-a892199e19c8,TCI #1 2023 AGE Interclub Trampoline Championships,,DMT,17 Years and Over Female,Qualification,1,,5,TRUE,5,58700,0,99,0,,1,0,Watson,Ami,Christchurch School of Gymnastics,01/01/0001,,2,20600,2,0,0,E5,100,,,,,,,,,,,,
2866,8050cb81-30bf-47a6-4b0f-a892199e19c8,TCI #1 2023 AGE Interclub Trampoline Championships,,DMT,17 Years and Over Female,Qualification,1,,5,TRUE,5,58700,0,99,0,,1,0,Watson,Ami,Christchurch School of Gymnastics,01/01/0001,,2,20600,2,0,0,E8,100,,,,,,,,,,,,
2867,8050cb81-30bf-47a6-4b0f-a892199e19c8,TCI #1 2023 AGE Interclub Trampoline Championships,,DMT,17 Years and Over Female,Qualification,1,,5,TRUE,5,58700,0,99,0,,1,0,Watson,Ami,Christchurch School of Gymnastics,01/01/0001,,2,20600,2,0,0,E∑,189,4,4,0,0,0,0,0,0,0,0,3,0
2868,8050cb81-30bf-47a6-4b0f-a892199e19c8,TCI #1 2023 AGE Interclub Trampoline Championships,,DMT,17 Years and Over Female,Qualification,1,,5,TRUE,5,58700,0,99,0,,1,0,Watson,Ami,Christchurch School of Gymnastics,01/01/0001,,2,20600,2,0,0,T,0,,,,,,,,,,,,
2869,8050cb81-30bf-47a6-4b0f-a892199e19c8,TCI #1 2023 AGE Interclub Trampoline Championships,,DMT,17 Years and Over Female,Qualification,1,,5,TRUE,5,58700,0,99,0,,1,0,Watson,Ami,Christchurch School of Gymnastics,01/01/0001,,2,20600,2,0,0,D,17,0,,,,,,,,,,,
2870,8050cb81-30bf-47a6-4b0f-a892199e19c8,TCI #1 2023 AGE Interclub Trampoline Championships,,DMT,17 Years and Over Female,Qualification,1,,5,TRUE,5,58700,0,99,0,,1,0,Watson,Ami,Christchurch School of Gymnastics,01/01/0001,,2,20600,2,0,0,H,0,0,0,,,,,,,,,,
2871,8050cb81-30bf-47a6-4b0f-a892199e19c8,TCI #1 2023 AGE Interclub Trampoline Championships,,DMT,17 Years and Over Female,Qualification,1,,5,TRUE,5,58700,0,99,0,,1,0,Watson,Ami,Christchurch School of Gymnastics,01/01/0001,,3,18200,1,0,0,E1,88,2,,,,,,,,,,,0
2872,8050cb81-30bf-47a6-4b0f-a892199e19c8,TCI #1 2023 AGE Interclub Trampoline Championships,,DMT,17 Years and Over Female,Qualification,1,,5,TRUE,5,58700,0,99,0,,1,0,Watson,Ami,Christchurch School of Gymnastics,01/01/0001,,3,18200,1,0,0,E2,87,3,,,,,,,,,,,0
2873,8050cb81-30bf-47a6-4b0f-a892199e19c8,TCI #1 2023 AGE Interclub Trampoline Championships,,DMT,17 Years and Over Female,Qualification,1,,5,TRUE,5,58700,0,99,0,,1,0,Watson,Ami,Christchurch School of Gymnastics,01/01/0001,,3,18200,1,0,0,E3,87,3,,,,,,,,,,,0
2874,8050cb81-30bf-47a6-4b0f-a892199e19c8,TCI #1 2023 AGE Interclub Trampoline Championships,,DMT,17 Years and Over Female,Qualification,1,,5,TRUE,5,58700,0,99,0,,1,0,Watson,Ami,Christchurch School of Gymnastics,01/01/0001,,3,18200,1,0,0,E4,90,,,,,,,,,,,,
2875,8050cb81-30bf-47a6-4b0f-a892199e19c8,TCI #1 2023 AGE Interclub Trampoline Championships,,DMT,17 Years and Over Female,Qualification,1,,5,TRUE,5,58700,0,99,0,,1,0,Watson,Ami,Christchurch School of Gymnastics,01/01/0001,,3,18200,1,0,0,E5,90,,,,,,,,,,,,
2876,8050cb81-30bf-47a6-4b0f-a892199e19c8,TCI #1 2023 AGE Interclub Trampoline Championships,,DMT,17 Years and Over Female,Qualification,1,,5,TRUE,5,58700,0,99,0,,1,0,Watson,Ami,Christchurch School of Gymnastics,01/01/0001,,3,18200,1,0,0,E8,90,,,,,,,,,,,,
2877,8050cb81-30bf-47a6-4b0f-a892199e19c8,TCI #1 2023 AGE Interclub Trampoline Championships,,DMT,17 Years and Over Female,Qualification,1,,5,TRUE,5,58700,0,99,0,,1,0,Watson,Ami,Christchurch School of Gymnastics,01/01/0001,,3,18200,1,0,0,E∑,175,5,0,0,0,0,0,0,0,0,0,0,0
2878,8050cb81-30bf-47a6-4b0f-a892199e19c8,TCI #1 2023 AGE Interclub Trampoline Championships,,DMT,17 Years and Over Female,Qualification,1,,5,TRUE,5,58700,0,99,0,,1,0,Watson,Ami,Christchurch School of Gymnastics,01/01/0001,,3,18200,1,0,0,T,0,,,,,,,,,,,,
2879,8050cb81-30bf-47a6-4b0f-a892199e19c8,TCI #1 2023 AGE Interclub Trampoline Championships,,DMT,17 Years and Over Female,Qualification,1,,5,TRUE,5,58700,0,99,0,,1,0,Watson,Ami,Christchurch School of Gymnastics,01/01/0001,,3,18200,1,0,0,D,7,0,,,,,,,,,,,
2880,8050cb81-30bf-47a6-4b0f-a892199e19c8,TCI #1 2023 AGE Interclub Trampoline Championships,,DMT,17 Years and Over Female,Qualification,1,,5,TRUE,5,58700,0,99,0,,1,0,Watson,Ami,Christchurch School of Gymnastics,01/01/0001,,3,18200,1,0,0,H,0,0,0,,,,,,,,,,
2881,8050cb81-30bf-47a6-4b0f-a892199e19c8,TCI #1 2023 AGE Interclub Trampoline Championships,,DMT,17 Years and Over Male,Qualification,1,,1,TRUE,1,60000,0,99,0,,1,0,Freeman,Bradon,Christchurch School of Gymnastics,01/01/0001,,1,18800,2,0,0,E1,94,2,3,,,,,,,,,1,0
2882,8050cb81-30bf-47a6-4b0f-a892199e19c8,TCI #1 2023 AGE Interclub Trampoline Championships,,DMT,17 Years and Over Male,Qualification,1,,1,TRUE,1,60000,0,99,0,,1,0,Freeman,Bradon,Christchurch School of Gymnastics,01/01/0001,,1,18800,2,0,0,E2,94,2,3,,,,,,,,,1,0
2883,8050cb81-30bf-47a6-4b0f-a892199e19c8,TCI #1 2023 AGE Interclub Trampoline Championships,,DMT,17 Years and Over Male,Qualification,1,,1,TRUE,1,60000,0,99,0,,1,0,Freeman,Bradon,Christchurch School of Gymnastics,01/01/0001,,1,18800,2,0,0,E3,94,2,3,,,,,,,,,1,0
2884,8050cb81-30bf-47a6-4b0f-a892199e19c8,TCI #1 2023 AGE Interclub Trampoline Championships,,DMT,17 Years and Over Male,Qualification,1,,1,TRUE,1,60000,0,99,0,,1,0,Freeman,Bradon,Christchurch School of Gymnastics,01/01/0001,,1,18800,2,0,0,E4,100,,,,,,,,,,,,
2885,8050cb81-30bf-47a6-4b0f-a892199e19c8,TCI #1 2023 AGE Interclub Trampoline Championships,,DMT,17 Years and Over Male,Qualification,1,,1,TRUE,1,60000,0,99,0,,1,0,Freeman,Bradon,Christchurch School of Gymnastics,01/01/0001,,1,18800,2,0,0,E5,100,,,,,,,,,,,,
2886,8050cb81-30bf-47a6-4b0f-a892199e19c8,TCI #1 2023 AGE Interclub Trampoline Championships,,DMT,17 Years and Over Male,Qualification,1,,1,TRUE,1,60000,0,99,0,,1,0,Freeman,Bradon,Christchurch School of Gymnastics,01/01/0001,,1,18800,2,0,0,E8,100,,,,,,,,,,,,
2887,8050cb81-30bf-47a6-4b0f-a892199e19c8,TCI #1 2023 AGE Interclub Trampoline Championships,,DMT,17 Years and Over Male,Qualification,1,,1,TRUE,1,60000,0,99,0,,1,0,Freeman,Bradon,Christchurch School of Gymnastics,01/01/0001,,1,18800,2,0,0,E∑,188,4,6,0,0,0,0,0,0,0,0,2,0
2888,8050cb81-30bf-47a6-4b0f-a892199e19c8,TCI #1 2023 AGE Interclub Trampoline Championships,,DMT,17 Years and Over Male,Qualification,1,,1,TRUE,1,60000,0,99,0,,1,0,Freeman,Bradon,Christchurch School of Gymnastics,01/01/0001,,1,18800,2,0,0,T,0,,,,,,,,,,,,
2889,8050cb81-30bf-47a6-4b0f-a892199e19c8,TCI #1 2023 AGE Interclub Trampoline Championships,,DMT,17 Years and Over Male,Qualification,1,,1,TRUE,1,60000,0,99,0,,1,0,Freeman,Bradon,Christchurch School of Gymnastics,01/01/0001,,1,18800,2,0,0,D,0,0,,,,,,,,,,,
2890,8050cb81-30bf-47a6-4b0f-a892199e19c8,TCI #1 2023 AGE Interclub Trampoline Championships,,DMT,17 Years and Over Male,Qualification,1,,1,TRUE,1,60000,0,99,0,,1,0,Freeman,Bradon,Christchurch School of Gymnastics,01/01/0001,,1,18800,2,0,0,H,0,0,0,,,,,,,,,,
2891,8050cb81-30bf-47a6-4b0f-a892199e19c8,TCI #1 2023 AGE Interclub Trampoline Championships,,DMT,17 Years and Over Male,Qualification,1,,1,TRUE,1,60000,0,99,0,,1,0,Freeman,Bradon,Christchurch School of Gymnastics,01/01/0001,,2,20600,2,0,2,E1,95,2,2,,,,,,,,,1,0
2892,8050cb81-30bf-47a6-4b0f-a892199e19c8,TCI #1 2023 AGE Interclub Trampoline Championships,,DMT,17 Years and Over Male,Qualification,1,,1,TRUE,1,60000,0,99,0,,1,0,Freeman,Bradon,Christchurch School of Gymnastics,01/01/0001,,2,20600,2,0,2,E2,95,2,2,,,,,,,,,1,0
2893,8050cb81-30bf-47a6-4b0f-a892199e19c8,TCI #1 2023 AGE Interclub Trampoline Championships,,DMT,17 Years and Over Male,Qualification,1,,1,TRUE,1,60000,0,99,0,,1,0,Freeman,Bradon,Christchurch School of Gymnastics,01/01/0001,,2,20600,2,0,2,E3,94,2,2,,,,,,,,,2,0
2894,8050cb81-30bf-47a6-4b0f-a892199e19c8,TCI #1 2023 AGE Interclub Trampoline Championships,,DMT,17 Years and Over Male,Qualification,1,,1,TRUE,1,60000,0,99,0,,1,0,Freeman,Bradon,Christchurch School of Gymnastics,01/01/0001,,2,20600,2,0,2,E4,100,,,,,,,,,,,,
2895,8050cb81-30bf-47a6-4b0f-a892199e19c8,TCI #1 2023 AGE Interclub Trampoline Championships,,DMT,17 Years and Over Male,Qualification,1,,1,TRUE,1,60000,0,99,0,,1,0,Freeman,Bradon,Christchurch School of Gymnastics,01/01/0001,,2,20600,2,0,2,E5,100,,,,,,,,,,,,
2896,8050cb81-30bf-47a6-4b0f-a892199e19c8,TCI #1 2023 AGE Interclub Trampoline Championships,,DMT,17 Years and Over Male,Qualification,1,,1,TRUE,1,60000,0,99,0,,1,0,Freeman,Bradon,Christchurch School of Gymnastics,01/01/0001,,2,20600,2,0,2,E8,100,,,,,,,,,,,,
2897,8050cb81-30bf-47a6-4b0f-a892199e19c8,TCI #1 2023 AGE Interclub Trampoline Championships,,DMT,17 Years and Over Male,Qualification,1,,1,TRUE,1,60000,0,99,0,,1,0,Freeman,Bradon,Christchurch School of Gymnastics,01/01/0001,,2,20600,2,0,2,E∑,190,4,4,0,0,0,0,0,0,0,0,2,0
2898,8050cb81-30bf-47a6-4b0f-a892199e19c8,TCI #1 2023 AGE Interclub Trampoline Championships,,DMT,17 Years and Over Male,Qualification,1,,1,TRUE,1,60000,0,99,0,,1,0,Freeman,Bradon,Christchurch School of Gymnastics,01/01/0001,,2,20600,2,0,2,T,0,,,,,,,,,,,,
2899,8050cb81-30bf-47a6-4b0f-a892199e19c8,TCI #1 2023 AGE Interclub Trampoline Championships,,DMT,17 Years and Over Male,Qualification,1,,1,TRUE,1,60000,0,99,0,,1,0,Freeman,Bradon,Christchurch School of Gymnastics,01/01/0001,,2,20600,2,0,2,D,18,0,,,,,,,,,,,
2900,8050cb81-30bf-47a6-4b0f-a892199e19c8,TCI #1 2023 AGE Interclub Trampoline Championships,,DMT,17 Years and Over Male,Qualification,1,,1,TRUE,1,60000,0,99,0,,1,0,Freeman,Bradon,Christchurch School of Gymnastics,01/01/0001,,2,20600,2,0,2,H,0,0,0,,,,,,,,,,
2901,8050cb81-30bf-47a6-4b0f-a892199e19c8,TCI #1 2023 AGE Interclub Trampoline Championships,,DMT,17 Years and Over Male,Qualification,1,,1,TRUE,1,60000,0,99,0,,1,0,Freeman,Bradon,Christchurch School of Gymnastics,01/01/0001,,3,20600,2,0,0,E1,96,2,2,,,,,,,,,0,0
2902,8050cb81-30bf-47a6-4b0f-a892199e19c8,TCI #1 2023 AGE Interclub Trampoline Championships,,DMT,17 Years and Over Male,Qualification,1,,1,TRUE,1,60000,0,99,0,,1,0,Freeman,Bradon,Christchurch School of Gymnastics,01/01/0001,,3,20600,2,0,0,E2,97,1,2,,,,,,,,,0,0
2903,8050cb81-30bf-47a6-4b0f-a892199e19c8,TCI #1 2023 AGE Interclub Trampoline Championships,,DMT,17 Years and Over Male,Qualification,1,,1,TRUE,1,60000,0,99,0,,1,0,Freeman,Bradon,Christchurch School of Gymnastics,01/01/0001,,3,20600,2,0,0,E3,96,2,2,,,,,,,,,0,0
2904,8050cb81-30bf-47a6-4b0f-a892199e19c8,TCI #1 2023 AGE Interclub Trampoline Championships,,DMT,17 Years and Over Male,Qualification,1,,1,TRUE,1,60000,0,99,0,,1,0,Freeman,Bradon,Christchurch School of Gymnastics,01/01/0001,,3,20600,2,0,0,E4,100,,,,,,,,,,,,
2905,8050cb81-30bf-47a6-4b0f-a892199e19c8,TCI #1 2023 AGE Interclub Trampoline Championships,,DMT,17 Years and Over Male,Qualification,1,,1,TRUE,1,60000,0,99,0,,1,0,Freeman,Bradon,Christchurch School of Gymnastics,01/01/0001,,3,20600,2,0,0,E5,100,,,,,,,,,,,,
2906,8050cb81-30bf-47a6-4b0f-a892199e19c8,TCI #1 2023 AGE Interclub Trampoline Championships,,DMT,17 Years and Over Male,Qualification,1,,1,TRUE,1,60000,0,99,0,,1,0,Freeman,Bradon,Christchurch School of Gymnastics,01/01/0001,,3,20600,2,0,0,E8,100,,,,,,,,,,,,
2907,8050cb81-30bf-47a6-4b0f-a892199e19c8,TCI #1 2023 AGE Interclub Trampoline Championships,,DMT,17 Years and Over Male,Qualification,1,,1,TRUE,1,60000,0,99,0,,1,0,Freeman,Bradon,Christchurch School of Gymnastics,01/01/0001,,3,20600,2,0,0,E∑,193,3,4,0,0,0,0,0,0,0,0,0,0
2908,8050cb81-30bf-47a6-4b0f-a892199e19c8,TCI #1 2023 AGE Interclub Trampoline Championships,,DMT,17 Years and Over Male,Qualification,1,,1,TRUE,1,60000,0,99,0,,1,0,Freeman,Bradon,Christchurch School of Gymnastics,01/01/0001,,3,20600,2,0,0,T,0,,,,,,,,,,,,
2909,8050cb81-30bf-47a6-4b0f-a892199e19c8,TCI #1 2023 AGE Interclub Trampoline Championships,,DMT,17 Years and Over Male,Qualification,1,,1,TRUE,1,60000,0,99,0,,1,0,Freeman,Bradon,Christchurch School of Gymnastics,01/01/0001,,3,20600,2,0,0,D,13,0,,,,,,,,,,,
2910,8050cb81-30bf-47a6-4b0f-a892199e19c8,TCI #1 2023 AGE Interclub Trampoline Championships,,DMT,17 Years and Over Male,Qualification,1,,1,TRUE,1,60000,0,99,0,,1,0,Freeman,Bradon,Christchurch School of Gymnastics,01/01/0001,,3,20600,2,0,0,H,0,0,0,,,,,,,,,,
2911,8050cb81-30bf-47a6-4b0f-a892199e19c8,TCI #1 2023 AGE Interclub Trampoline Championships,,DMT,17 Years and Over Male,Qualification,1,,2,TRUE,2,58800,0,99,0,,1,0,BUWALDA,Basil,ICE Gymsports North Canterbury,01/01/0001,,1,18900,2,0,6,E1,94,2,3,,,,,,,,,1,0
2912,8050cb81-30bf-47a6-4b0f-a892199e19c8,TCI #1 2023 AGE Interclub Trampoline Championships,,DMT,17 Years and Over Male,Qualification,1,,2,TRUE,2,58800,0,99,0,,1,0,BUWALDA,Basil,ICE Gymsports North Canterbury,01/01/0001,,1,18900,2,0,6,E2,93,3,3,,,,,,,,,1,0
2913,8050cb81-30bf-47a6-4b0f-a892199e19c8,TCI #1 2023 AGE Interclub Trampoline Championships,,DMT,17 Years and Over Male,Qualification,1,,2,TRUE,2,58800,0,99,0,,1,0,BUWALDA,Basil,ICE Gymsports North Canterbury,01/01/0001,,1,18900,2,0,6,E3,94,2,3,,,,,,,,,1,0
2914,8050cb81-30bf-47a6-4b0f-a892199e19c8,TCI #1 2023 AGE Interclub Trampoline Championships,,DMT,17 Years and Over Male,Qualification,1,,2,TRUE,2,58800,0,99,0,,1,0,BUWALDA,Basil,ICE Gymsports North Canterbury,01/01/0001,,1,18900,2,0,6,E4,100,,,,,,,,,,,,
2915,8050cb81-30bf-47a6-4b0f-a892199e19c8,TCI #1 2023 AGE Interclub Trampoline Championships,,DMT,17 Years and Over Male,Qualification,1,,2,TRUE,2,58800,0,99,0,,1,0,BUWALDA,Basil,ICE Gymsports North Canterbury,01/01/0001,,1,18900,2,0,6,E5,100,,,,,,,,,,,,
2916,8050cb81-30bf-47a6-4b0f-a892199e19c8,TCI #1 2023 AGE Interclub Trampoline Championships,,DMT,17 Years and Over Male,Qualification,1,,2,TRUE,2,58800,0,99,0,,1,0,BUWALDA,Basil,ICE Gymsports North Canterbury,01/01/0001,,1,18900,2,0,6,E8,100,,,,,,,,,,,,
2917,8050cb81-30bf-47a6-4b0f-a892199e19c8,TCI #1 2023 AGE Interclub Trampoline Championships,,DMT,17 Years and Over Male,Qualification,1,,2,TRUE,2,58800,0,99,0,,1,0,BUWALDA,Basil,ICE Gymsports North Canterbury,01/01/0001,,1,18900,2,0,6,E∑,188,4,6,0,0,0,0,0,0,0,0,2,0
2918,8050cb81-30bf-47a6-4b0f-a892199e19c8,TCI #1 2023 AGE Interclub Trampoline Championships,,DMT,17 Years and Over Male,Qualification,1,,2,TRUE,2,58800,0,99,0,,1,0,BUWALDA,Basil,ICE Gymsports North Canterbury,01/01/0001,,1,18900,2,0,6,T,0,,,,,,,,,,,,
2919,8050cb81-30bf-47a6-4b0f-a892199e19c8,TCI #1 2023 AGE Interclub Trampoline Championships,,DMT,17 Years and Over Male,Qualification,1,,2,TRUE,2,58800,0,99,0,,1,0,BUWALDA,Basil,ICE Gymsports North Canterbury,01/01/0001,,1,18900,2,0,6,D,7,0,,,,,,,,,,,
2920,8050cb81-30bf-47a6-4b0f-a892199e19c8,TCI #1 2023 AGE Interclub Trampoline Championships,,DMT,17 Years and Over Male,Qualification,1,,2,TRUE,2,58800,0,99,0,,1,0,BUWALDA,Basil,ICE Gymsports North Canterbury,01/01/0001,,1,18900,2,0,6,H,0,0,0,,,,,,,,,,
2921,8050cb81-30bf-47a6-4b0f-a892199e19c8,TCI #1 2023 AGE Interclub Trampoline Championships,,DMT,17 Years and Over Male,Qualification,1,,2,TRUE,2,58800,0,99,0,,1,0,BUWALDA,Basil,ICE Gymsports North Canterbury,01/01/0001,,2,20000,2,0,0,E1,96,2,2,,,,,,,,,0,0
2922,8050cb81-30bf-47a6-4b0f-a892199e19c8,TCI #1 2023 AGE Interclub Trampoline Championships,,DMT,17 Years and Over Male,Qualification,1,,2,TRUE,2,58800,0,99,0,,1,0,BUWALDA,Basil,ICE Gymsports North Canterbury,01/01/0001,,2,20000,2,0,0,E2,97,2,1,,,,,,,,,0,0
2923,8050cb81-30bf-47a6-4b0f-a892199e19c8,TCI #1 2023 AGE Interclub Trampoline Championships,,DMT,17 Years and Over Male,Qualification,1,,2,TRUE,2,58800,0,99,0,,1,0,BUWALDA,Basil,ICE Gymsports North Canterbury,01/01/0001,,2,20000,2,0,0,E3,96,2,2,,,,,,,,,0,0
2924,8050cb81-30bf-47a6-4b0f-a892199e19c8,TCI #1 2023 AGE Interclub Trampoline Championships,,DMT,17 Years and Over Male,Qualification,1,,2,TRUE,2,58800,0,99,0,,1,0,BUWALDA,Basil,ICE Gymsports North Canterbury,01/01/0001,,2,20000,2,0,0,E4,100,,,,,,,,,,,,
2925,8050cb81-30bf-47a6-4b0f-a892199e19c8,TCI #1 2023 AGE Interclub Trampoline Championships,,DMT,17 Years and Over Male,Qualification,1,,2,TRUE,2,58800,0,99,0,,1,0,BUWALDA,Basil,ICE Gymsports North Canterbury,01/01/0001,,2,20000,2,0,0,E5,100,,,,,,,,,,,,
2926,8050cb81-30bf-47a6-4b0f-a892199e19c8,TCI #1 2023 AGE Interclub Trampoline Championships,,DMT,17 Years and Over Male,Qualification,1,,2,TRUE,2,58800,0,99,0,,1,0,BUWALDA,Basil,ICE Gymsports North Canterbury,01/01/0001,,2,20000,2,0,0,E8,100,,,,,,,,,,,,
2927,8050cb81-30bf-47a6-4b0f-a892199e19c8,TCI #1 2023 AGE Interclub Trampoline Championships,,DMT,17 Years and Over Male,Qualification,1,,2,TRUE,2,58800,0,99,0,,1,0,BUWALDA,Basil,ICE Gymsports North Canterbury,01/01/0001,,2,20000,2,0,0,E∑,193,4,3,0,0,0,0,0,0,0,0,0,0
2928,8050cb81-30bf-47a6-4b0f-a892199e19c8,TCI #1 2023 AGE Interclub Trampoline Championships,,DMT,17 Years and Over Male,Qualification,1,,2,TRUE,2,58800,0,99,0,,1,0,BUWALDA,Basil,ICE Gymsports North Canterbury,01/01/0001,,2,20000,2,0,0,T,0,,,,,,,,,,,,
2929,8050cb81-30bf-47a6-4b0f-a892199e19c8,TCI #1 2023 AGE Interclub Trampoline Championships,,DMT,17 Years and Over Male,Qualification,1,,2,TRUE,2,58800,0,99,0,,1,0,BUWALDA,Basil,ICE Gymsports North Canterbury,01/01/0001,,2,20000,2,0,0,D,7,0,,,,,,,,,,,
2930,8050cb81-30bf-47a6-4b0f-a892199e19c8,TCI #1 2023 AGE Interclub Trampoline Championships,,DMT,17 Years and Over Male,Qualification,1,,2,TRUE,2,58800,0,99,0,,1,0,BUWALDA,Basil,ICE Gymsports North Canterbury,01/01/0001,,2,20000,2,0,0,H,0,0,0,,,,,,,,,,
2931,8050cb81-30bf-47a6-4b0f-a892199e19c8,TCI #1 2023 AGE Interclub Trampoline Championships,,DMT,17 Years and Over Male,Qualification,1,,2,TRUE,2,58800,0,99,0,,1,0,BUWALDA,Basil,ICE Gymsports North Canterbury,01/01/0001,,3,19900,2,0,0,E1,96,2,2,,,,,,,,,0,0
2932,8050cb81-30bf-47a6-4b0f-a892199e19c8,TCI #1 2023 AGE Interclub Trampoline Championships,,DMT,17 Years and Over Male,Qualification,1,,2,TRUE,2,58800,0,99,0,,1,0,BUWALDA,Basil,ICE Gymsports North Canterbury,01/01/0001,,3,19900,2,0,0,E2,96,2,2,,,,,,,,,0,0
2933,8050cb81-30bf-47a6-4b0f-a892199e19c8,TCI #1 2023 AGE Interclub Trampoline Championships,,DMT,17 Years and Over Male,Qualification,1,,2,TRUE,2,58800,0,99,0,,1,0,BUWALDA,Basil,ICE Gymsports North Canterbury,01/01/0001,,3,19900,2,0,0,E3,96,2,2,,,,,,,,,0,0
2934,8050cb81-30bf-47a6-4b0f-a892199e19c8,TCI #1 2023 AGE Interclub Trampoline Championships,,DMT,17 Years and Over Male,Qualification,1,,2,TRUE,2,58800,0,99,0,,1,0,BUWALDA,Basil,ICE Gymsports North Canterbury,01/01/0001,,3,19900,2,0,0,E4,100,,,,,,,,,,,,
2935,8050cb81-30bf-47a6-4b0f-a892199e19c8,TCI #1 2023 AGE Interclub Trampoline Championships,,DMT,17 Years and Over Male,Qualification,1,,2,TRUE,2,58800,0,99,0,,1,0,BUWALDA,Basil,ICE Gymsports North Canterbury,01/01/0001,,3,19900,2,0,0,E5,100,,,,,,,,,,,,
2936,8050cb81-30bf-47a6-4b0f-a892199e19c8,TCI #1 2023 AGE Interclub Trampoline Championships,,DMT,17 Years and Over Male,Qualification,1,,2,TRUE,2,58800,0,99,0,,1,0,BUWALDA,Basil,ICE Gymsports North Canterbury,01/01/0001,,3,19900,2,0,0,E8,100,,,,,,,,,,,,
2937,8050cb81-30bf-47a6-4b0f-a892199e19c8,TCI #1 2023 AGE Interclub Trampoline Championships,,DMT,17 Years and Over Male,Qualification,1,,2,TRUE,2,58800,0,99,0,,1,0,BUWALDA,Basil,ICE Gymsports North Canterbury,01/01/0001,,3,19900,2,0,0,E∑,192,4,4,0,0,0,0,0,0,0,0,0,0
2938,8050cb81-30bf-47a6-4b0f-a892199e19c8,TCI #1 2023 AGE Interclub Trampoline Championships,,DMT,17 Years and Over Male,Qualification,1,,2,TRUE,2,58800,0,99,0,,1,0,BUWALDA,Basil,ICE Gymsports North Canterbury,01/01/0001,,3,19900,2,0,0,T,0,,,,,,,,,,,,
2939,8050cb81-30bf-47a6-4b0f-a892199e19c8,TCI #1 2023 AGE Interclub Trampoline Championships,,DMT,17 Years and Over Male,Qualification,1,,2,TRUE,2,58800,0,99,0,,1,0,BUWALDA,Basil,ICE Gymsports North Canterbury,01/01/0001,,3,19900,2,0,0,D,7,0,,,,,,,,,,,
2940,8050cb81-30bf-47a6-4b0f-a892199e19c8,TCI #1 2023 AGE Interclub Trampoline Championships,,DMT,17 Years and Over Male,Qualification,1,,2,TRUE,2,58800,0,99,0,,1,0,BUWALDA,Basil,ICE Gymsports North Canterbury,01/01/0001,,3,19900,2,0,0,H,0,0,0,,,,,,,,,,
